,quadragram,PMI
0,"('Gary', 'Cooper', 'super', 'duper')",47.89888544608671
1,"('Woah', 'woaaaaaooooooaoaooo', 'Woah', 'woaaaaaooooooaoaooo')",46.23873544897133
2,"('dismember', 'constellation', 'A', 'faintly')",46.06881044752902
3,"('O', 'W.', 'L', 's')",44.84641802619257
4,"('A', 'faintly', 'glimmer', 'radio')",44.65377294825018
5,"('constellation', 'A', 'faintly', 'glimmer')",44.65377294825018
6,"('haunt', 'dismember', 'constellation', 'A')",44.1619198519205
7,"('faintly', 'glimmer', 'radio', 'station')",42.380754453843764
8,"('Jiggelty', 'jolt', 'jiggelty', 'jolt')",41.019415647112204
9,"('like', 'Gary', 'Cooper', 'super')",40.80085336312618
10,"('“My', 'wick', 'mother', 'slew')",40.34174088950532
11,"('jiggelty', 'jolt', 'jiggelty', 'jolt')",39.88191212336227
12,"('jolt', 'jiggelty', 'jolt', 'jiggelty')",39.88191212336227
13,"('“Noo', 't', '’ain', '’t')",39.80085336312618
14,"('la', 'la', 'la', 'la')",37.81604647370099
15,"('sang', '“My', 'wick', 'mother')",37.60477529533911
16,"('million', 'dollar', 'trouper', 'try')",36.829211918279896
17,"('Stella', 'd', ""'"", 'Italia')",36.76502969935191
18,"('Customs', 'health', 'and', 'Immigration')",35.893221914090475
19,"('radiation', 'that', 'haunt', 'dismember')",35.801072767740834
20,"('she', '“Noo', 't', '’ain')",35.76104041563832
21,"('dollar', 'trouper', 'try', 'hard')",35.654125211721805
22,"('that', 'haunt', 'dismember', 'constellation')",35.386035268461995
23,"('Central', 'and', 'Eastern', 'Europe')",34.37864874126072
24,"('oh', 'oh', 'oh', 'oooh')",34.204531589736135
25,"('brown', 'ey', 'girl', 'turn')",34.14024580906214
26,"('of', 'international', 'Magical', 'cooperation')",33.97891864030356
27,"('say', 'Bye', 'Bye', 'Bye')",33.60895818243923
28,"('look', 'like', 'Gary', 'Cooper')",33.49099810053939
29,"('where', 'fashion', 'sit', 'Puttin')",33.1691388348804
30,"('ey', 'girl', 'turn', 'blue')",33.092940094283776
31,"('every', 'smile', 'every', 'teardrop')",32.93924120996196
32,"('oh', 'oh', 'oh', 'oh')",32.86213939228905
33,"('little', 'lovin', ""'"", 'honey')",32.838239546305694
34,"('seek', 'my', 'fortune', 'May')",32.69197284234316
35,"('ancient', 'radiation', 'that', 'haunt')",32.6855955503209
36,"('wick', 'mother', 'slew', 'i')",32.55645190880129
37,"('jolt', 'jiggelty', 'jolt', 'they')",32.49683411585737
38,"('Department', 'of', 'international', 'Magical')",32.241953046137354
39,"('fashion', 'sit', 'Puttin', ""'"")",31.898781088240746
40,"('a', 'million', 'dollar', 'trouper')",31.876806663419007
41,"('go', 'la', 'la', 'la')",31.73051365954905
42,"('haunt', 'control', 'your', 'take')",31.682139587891406
43,"('ritz', 'Dress', 'up', 'like')",31.41044553035605
44,"('Baby', 'I', 'hate', 'days')",31.381106717315387
45,"('five', 'o', ""'"", 'clock')",31.28828349541245
46,"('t', '’ain', '’t', 'that')",31.28800318550147
47,"('gonnon', 'steal', 'steal', 'you')",31.112383239599772
48,"('small', 'gratuity', 'be', 'finest')",30.846517877861253
49,"('Rocca', 'small', 'gratuity', 'be')",30.624125456524805
50,"('steal', 'steal', 'you', 'sky')",30.47495331898448
51,"('la', 'la', 'la', 'she')",30.45956115677726
52,"('millstone', 'against', 'the', 'eave')",30.315019158746516
53,"('the', 'Rocca', 'small', 'gratuity')",30.302549806784295
54,"('rattle', 'the', 'millstone', 'against')",29.899981659467667
55,"('overall', 'audience', 'share', 'of')",29.877649999528188
56,"('be', 'gonnon', 'steal', 'steal')",29.820677872925998
57,"('a', 'overall', 'audience', 'share')",29.614257115610577
58,"('“Noo', 'that', 'ain', '’t')",29.609931280388828
59,"('nobody', 'better', 'Oh', 'baby')",29.57804377327462
60,"('I', 'se', 'above', 'Stick')",29.534541766253568
61,"('a', 'brown', 'ey', 'girl')",29.531794955418608
62,"('cause', 'we', 'belong', 'together')",29.437197290656837
63,"('I', 'love', 'Sits', 'below')",29.140792387981676
64,"('-', 'in', '-', 'law')",29.046087748295893
65,"('dead', 'bury', 'their', 'dead')",28.95839978202648
66,"('love', 'Sits', 'below', 'and')",28.915941990590554
67,"('baby', 'we', 'belong', 'together')",28.852234789935686
68,"('lovin', ""'"", 'honey', 'to')",28.820744678727905
69,"('mountain', 'and', 'blue', 'sea')",28.76148741815141
70,"('the', 'Quidditch', 'World', 'Cup')",28.607199910239824
71,"('easy', ""'"", 'cause', 'break')",28.37263773448434
72,"('hate', 'days', 'like', 'this')",28.306219971002722
73,"('days', 'like', 'this', 'catch')",28.206684297451808
74,"('son', 'in', '-', 'law')",28.171618630379754
75,"('ai', 'not', 'nobody', 'better')",28.104894140143475
76,"('violet', 'moon', 'raise', 'you')",28.057935455577397
77,"('rain', 'rain', 'rain', 'rain')",28.040437934080508
78,"('control', 'your', 'take', 'only')",27.929798767838275
79,"('oh', 'oh', 'oooh', 'it')",27.881080325563286
80,"('baby', 'baby', 'we', 'belong')",27.836804749366078
81,"('say', 'she', '“Noo', 't')",27.83148609990547
82,"('brother', 'in', '-', 'law')",27.78974799503611
83,"('rough', 'who', ""'s"", 'gonnon')",27.737212260275218
84,"('about', 'his', 'scar', 'hurting')",27.732643647800668
85,"('twirle', 'that', '’s', 'tail')",27.69217084352909
86,"('better', 'Oh', 'baby', 'baby')",27.667311111371706
87,"('sin', 'into', 'i', 'penance')",27.66582443751713
88,"('family', 'of', 'tree', 'wantin')",27.605216895692138
89,"('my', 'dear', 'father', 'ate')",27.51270168956652
90,"('be', 'haunt', 'control', 'your')",27.50731179154206
91,"('dear', 'father', 'ate', 'i')",27.496920000298747
92,"('a', 'violet', 'moon', 'raise')",27.375675753501323
93,"('moon', 'raise', 'you', 'hat')",27.366057750939728
94,"('baby', 'please', 'come', 'cause')",27.320292035521515
95,"('Bill', 'Charlie', 'and', 'Percy')",27.146627618726487
96,"('gratuity', 'be', 'finest', 'at')",27.066739200156075
97,"('mrs', 'Allen', 'the', 'housekeeper')",27.062353726296266
98,"('jiggelty', 'jolt', 'they', 'go')",27.03933252431847
99,"('trouper', 'try', 'hard', 'to')",27.03176828598516
100,"('make', 'a', 'brown', 'ey')",26.95352710727146
101,"('the', 'ritz', 'Dress', 'up')",26.924611325976382
102,"('under', 'a', 'violet', 'moon')",26.745625363251627
103,"('girl', 'turn', 'blue', 'when')",26.708002201870613
104,"('turn', 'blue', 'when', 'everything')",26.555999108425564
105,"('enter', 'the', 'public', 'domain')",26.54830622118625
106,"('gonnon', 'lean', 'on', 'when')",26.5464410782608
107,"('come', 'cause', 'we', 'belong')",26.440108886076743
108,"('she', '“Noo', 'that', 'ain')",26.307083927067172
109,"('we', 'belong', 'together', 'who')",26.25707652210864
110,"('do', 'oh', 'oh', 'oh')",26.210178152877265
111,"('sit', 'Puttin', ""'"", 'on')",26.208949469665633
112,"('gold', 'watch', 'and', 'chain')",26.130721227817133
113,"('gonnon', 'walk', 'all', 'over')",26.115976794298987
114,"('want', 'to', 'start', 'anew')",26.088695354069994
115,"('on', 'the', 'ritz', 'Dress')",26.080867023947594
116,"('sin', 'all', 'you', 'belief')",26.059477620385803
117,"('the', 'happiest', 'man', 'alive')",26.059203735872618
118,"('Baby', 'I', 'hate', 'day')",26.023554712697305
119,"('slew', 'i', 'my', 'dear')",25.885264878004236
120,"('rul', 'the', 'whole', 'world')",25.802534729644705
121,"('I', 'hate', 'days', 'like')",25.698112133633707
122,"('mother', 'slew', 'i', 'my')",25.63494152392
123,"('absolve', 'you', 'sin', 'all')",25.574050793215562
124,"('freedom', 'over', 'the', 'hill')",25.55260635861988
125,"('Holmes', 'say', 'white', 'Mason')",25.504712902338134
126,"('back', 'Baby', 'I', 'hate')",25.436248271507854
127,"('be', 'finest', 'at', 'sunset')",25.329773605989867
128,"('fortune', 'May', 'I', 'go')",25.264985583330027
129,"('Vernon', 'and', 'Aunt', 'Petunia')",25.243195957075542
130,"('fun', 'but', 'you', 'blew')",25.239887956477943
131,"('the', 'Quidditch', 'world', 'Cup')",25.234645742282495
132,"('la', 'la', 'she', ""'s"")",25.228994803995107
133,"('', 'ai', 'not', 'nobody')",25.191269833169756
134,"('who', 'I', 'love', 'Sits')",25.16097026991931
135,"('Manor', 'house', 'of', 'Birlstone')",25.116281282744765
136,"('Oh', 'baby', 'baby', 'we')",25.11433872489499
137,"('of', 'tree', 'wantin', ""'"")",25.10879106957264
138,"('rain', 'rain', 'rain', 'when')",25.097495643236975
139,"('gonnon', 'talk', 'to', 'me')",25.087115748269152
140,"('not', 'nobody', 'better', 'Oh')",25.06050002078502
141,"('MacDonald', 'and', 'white', 'Mason')",25.0547182934622
142,"('absolve', 'you', 'sin', 'into')",24.995101320125002
143,"('tonight', 'we', 'be', 'gonnon')",24.928804312958203
144,"('tree', 'wantin', ""'"", 'to')",24.875886232920365
145,"('to', 'say', 'Bye', 'Bye')",24.86107037461872
146,"('not', 'absolve', 'you', 'sin')",24.85616757099356
147,"('who', ""'s"", 'gonnon', 'talk')",24.82392389346855
148,"('the', 'Dogana', ""'s"", 'relative')",24.794946188769377
149,"('like', 'a', 'million', 'dollar')",24.77877458045848
150,"('Puttin', 'on', 'the', 'ritz')",24.758938929060232
151,"('my', 'fortune', 'May', 'I')",24.718514629795656
152,"('’m', 'ready', 'for', 'more')",24.67487975798571
154,"('come', 'back', 'baby', 'please')",24.608094346504252
153,"('back', 'baby', 'please', 'come')",24.608094346504252
155,"('view', 'from', 'the', 'Rocca')",24.598771288169242
156,"('we', 'be', 'gonnon', 'steal')",24.550292689704474
157,"('time', 'said', 'mrs', 'Weasley')",24.51949612480849
158,"('scar', 'on', 'his', 'forehead')",24.511788335615204
159,"('say', 'mister', 'Weasley', 'smiling')",24.504911830780216
160,"('please', 'come', 'cause', 'we')",24.48901848655769
161,"('a', 'ancient', 'radiation', 'that')",24.354678672206283
164,"('the', 'ritz', 'Puttin', 'on')",24.343901429781386
162,"('on', 'the', 'ritz', 'Puttin')",24.343901429781386
163,"('ritz', 'Puttin', 'on', 'the')",24.343901429781386
165,"('at', 'five', 'o', ""'"")",24.30339038780266
166,"('believe', 'come', 'back', 'baby')",24.276250782751802
167,"('Uncle', 'Vernon', ""'s"", 'face')",24.255580195173188
168,"('he', 'twirle', 'his', 'tail')",24.223363847866423
169,"('to', 'seek', 'my', 'fortune')",24.185093134026452
170,"('hill', 'and', 'far', 'away')",24.165679573810895
171,"('Uncle', 'Vernon', 'and', 'Aunt')",24.077609891357564
172,"('it', 'rain', 'rain', 'rain')",24.051055327667235
173,"('I', 'go', 'la', 'la')",24.046562064196525
174,"(""'"", 'cause', 'break', 'up')",23.99221399028683
175,"('time', 'get', 'rough', 'who')",23.986052784526258
176,"('father', 'ate', 'i', 'my')",23.975340222306087
177,"('do', 'not', 'die', 'quietly')",23.94343071744936
178,"('place', 'there', '', 'ai')",23.93774843864591
179,"('of', 'a', 'ancient', 'radiation')",23.74111116658042
180,"('my', 'dear', 'mister', 'Mac')",23.65513880632157
181,"('o', ""'"", 'clock', 'the')",23.611307803680774
182,"('in', 'every', 'smile', 'every')",23.61000546822817
183,"('ringing', 'of', 'the', 'bell')",23.603638974774782
184,"('I', 'gonnon', 'lean', 'on')",23.595350678741745
185,"('a', 'few', 'minute', 'later')",23.588622770292925
186,"('when', 'time', 'get', 'rough')",23.52846959028133
187,"('into', 'i', 'penance', '')",23.504272617099822
188,"('your', 'take', 'only', 'what')",23.4681829019391
189,"('let', 'the', 'dead', 'bury')",23.426402734606885
190,"('Sits', 'below', 'and', 'I')",23.387268620715943
191,"('everywhere', 'I', 'go', 'Every')",23.380462800749964
192,"('number', 'matter', 'when', 'or')",23.363916040038852
193,"('go', 'out', 'tonight', 'we')",23.26659169971119
194,"('you', 'car', 'the', 'kook')",23.228956670400674
195,"('more', 'than', 'this', 'whatever')",23.21069149332928
196,"('’ain', '’t', 'that', 'say')",23.206445776323566
197,"('my', 'mother', 'tatch', 'i')",23.132441183390817
198,"('mark', 'on', 'the', 'sill')",23.092939856248165
199,"('rain', 'it', 'rain', 'rain')",23.051055327667235
200,"('rain', 'rain', 'it', 'rain')",23.051055327667235
201,"('rain', 'rain', 'rain', 'it')",23.051055327667235
202,"('not', 'look', 'back', 'Baby')",23.004998540801253
203,"('dance', 'the', 'whole', 'night')",22.99945024496533
204,"('who', ""'s"", 'gonnon', 'take')",22.971677513912237
205,"('hate', 'day', 'like', 'this')",22.948667966384637
206,"('a', 'little', 'lovin', ""'"")",22.922360167469922
207,"('get', 'rough', 'who', ""'s"")",22.884769448689077
208,"('to', 'look', 'like', 'Gary')",22.868641174802743
209,"('the', 'Department', 'of', 'international')",22.77356397621709
210,"('merrier', 'so', 'on', 'they')",22.727114280754108
211,"('so', 'much', 'fun', 'but')",22.65150593521564
212,"('', 'ai', 'not', 'never')",22.581785013314523
213,"('the', 'Earth', ""'s"", 'surface')",22.57771547254871
214,"('that', 'ain', '’t', 'say')",22.528373871210928
215,"('Dress', 'up', 'like', 'a')",22.494566151520278
216,"('baby', 'I', 'hate', 'day')",22.46896586101967
217,"('up', 'who', ""'s"", 'gonnon')",22.405698116558657
218,"('from', 'the', 'Rocca', 'small')",22.393656858264627
219,"('too', 'we', 'will', 'dance')",22.334885831851338
220,"('i', 'penance', '', 'can')",22.294726195384094
221,"('don', '’t', 'go', 'up')",22.291245003438718
222,"('the', 'dead', 'bury', 'their')",22.281424090294806
223,"('gonnon', 'take', 'you', 'place')",22.278594909689385
224,"('go', 'Jack', 'the', 'cat')",22.224017737144443
225,"('my', 'little', 'brother', 'who')",22.211538628118618
226,"('catch', 'in', 'a', 'trap')",22.17983913718472
227,"('thing', 'in', 'common', 'too')",22.178786622653078
228,"('ain', '’t', 'say', 'he')",22.163854697494955
229,"('whatever', 'it', 'be', 'Baby')",22.1633964248095
230,"('know', 'under', 'a', 'violet')",22.161776482841184
231,"('lean', 'on', 'when', 'time')",22.127651444120843
232,"('ready', 'for', 'more', 'than')",22.104416826959664
233,"('you', 'call', 'have', 'rul')",22.0870634520577
234,"('and', 'his', 'mama', 'cry')",22.056645507963353
235,"('blue', 'when', 'everything', 'I')",22.04197251451535
236,"('car', 'the', 'kook', 'be')",21.937251303726896
237,"('look', 'back', 'Baby', 'I')",21.93374793097866
238,"('fight', 'for', 'her', 'life')",21.925573602427114
239,"('out', 'onto', 'the', 'field')",21.920065288302368
240,"('', 'can', 'not', 'absolve')",21.914773167529397
241,"('penance', '', 'can', 'not')",21.91477316752939
242,"('do', 'number', 'matter', 'when')",21.866749143812704
243,"('mention', 'the', 'baby', 'once')",21.835837709726896
244,"('you', 'yes', 'say', 'Jack')",21.802895225543992
245,"('Harry', 'Ron', 'and', 'Hermione')",21.800541449051742
246,"('sun', 'come', 'up', 'who')",21.79077441839643
247,"('just', 'a', 'poor', 'boy')",21.77763091402668
248,"('ate', 'i', 'my', 'little')",21.762795586925982
249,"('be', 'easy', ""'"", 'cause')",21.67513171566818
250,"('more', 'the', 'merrier', 'so')",21.639454109244454
251,"('Oh', 'we', 'be', 'gonnon')",21.621375787765956
252,"('I', 'hold', 'my', 'peace')",21.601970724681372
253,"('belief', '', 'can', 'not')",21.592845072642035
254,"('look', 'over', 'his', 'shoulder')",21.57944938299852
255,"(""'s"", 'still', 'so', 'hard')",21.573964409662544
256,"('ever', 'do', 'every', 'place')",21.52957745277967
257,"('we', 'be', 'gonnon', 'walk')",21.495844905682098
258,"('i', 'my', 'dear', 'father')",21.492947455225476
259,"('farther', 'and', 'they', 'meet')",21.48567040548405
260,"('all', 'you', 'belief', '')",21.482888300689652
261,"('mister', 'Holmes', 'say', 'white')",21.466577773451363
262,"('set', 'off', 'across', 'the')",21.43929113524475
263,"('matter', 'when', 'or', 'where')",21.439017495279565
264,"('have', 'so', 'much', 'fun')",21.420678918794124
265,"('more', 'than', 'this', 'baby')",21.410990143815113
266,"('in', 'my', 'mind', 'everywhere')",21.375120825065196
267,"('have', 'rul', 'the', 'whole')",21.363599517892986
268,"(""'s"", 'gonnon', 'talk', 'to')",21.351314087236588
269,"('when', 'it', 'rain', 'rain')",21.34257829046072
270,"('the', 'minister', 'of', 'magic')",21.34060456894099
271,"('I', 'hate', 'day', 'like')",21.340560129015614
272,"('be', 'gonnon', 'walk', 'all')",21.334812846435916
273,"('brother', 'who', 'I', 'love')",21.31966801593837
274,"('blood', 'mark', 'on', 'the')",21.31533227758461
275,"('the', 'blood', 'mark', 'on')",21.31533227758461
276,"('till', 'the', 'sun', 'come')",21.309657771023744
277,"('son', 'of', 'a', 'dentist')",21.281679547943128
278,"('he', 'blow', 'my', 'mind')",21.224102806739886
279,"('Harry', 'feel', 'as', 'though')",21.220214982802247
280,"('of', 'the', 'Italian', 'nobility')",21.20067430779651
281,"(""'"", 'say', 'mister', 'Vinegar')",21.194126049454916
282,"('you', 'belief', '', 'can')",21.10942990516221
283,"('rain', 'rain', 'when', 'it')",21.108113036823703
284,"('rain', 'when', 'it', 'rain')",21.108113036823703
285,"('mind', 'everywhere', 'I', 'go')",21.107444306343545
286,"('to', 'be', 'haunt', 'control')",21.107347287141856
287,"('it', 'ever', 'make', 'sense')",21.07592974476144
288,"('yes', 'say', 'mister', 'Weasley')",21.041511309939963
289,"('you', 'blew', 'it', 'away')",21.010316948810377
290,"('put', 'down', 'the', 'candle')",20.963775714454655
291,"('against', 'the', 'eave', 'of')",20.925567069662144
292,"('will', 'return', 'one', 'day')",20.911486931212742
293,"('really', 'say', 'mister', 'Weasley')",20.89109446738687
294,"('know', 'can', 'ever', 'keep')",20.88936835412494
295,"('be', 'Baby', 'I', 'hate')",20.855781673881914
296,"('be', 'I', 'gonnon', 'lean')",20.830246581774773
297,"('all', 'over', 'you', 'car')",20.78480180811661
298,"('can', 'ever', 'keep', 'up')",20.767307576037332
299,"('hard', 'to', 'believe', 'come')",20.761023731721572
300,"('the', 'Ministry', 'of', 'magic')",20.75564206821982
301,"('raise', 'you', 'hat', 'and')",20.752711641722257
302,"('say', 'good', 'bye', 'to')",20.739643890867598
303,"('ai', 'not', 'never', 'have')",20.709455032686336
304,"('la', 'she', ""'s"", 'get')",20.66605860960395
305,"('this', 'baby', 'I', 'hate')",20.613170583904306
306,"('don', '’t', 'know', 'that')",20.5974231301359
307,"('go', 'a', 'little', 'farther')",20.59371364160745
308,"('my', 'mind', 'everywhere', 'I')",20.56097335280917
309,"('Every', 'face', 'I', 'see')",20.54545102647559
310,"('call', 'have', 'rul', 'the')",20.473782435643415
311,"('one', 'thing', 'in', 'common')",20.450255968427236
312,"('cause', 'break', 'up', 'be')",20.448741600143094
313,"('street', 'Oh', 'we', 'be')",20.433748784590186
314,"('there', '', 'ai', 'not')",20.42785825869975
315,"('i', 'my', 'little', 'brother')",20.42399367347423
316,"('much', 'fun', 'but', 'you')",20.417886258455937
317,"('so', 'hard', 'to', 'believe')",20.390380351801184
318,"('ever', 'make', 'sense', 'to')",20.341808701981158
319,"('ever', 'keep', 'up', 'with')",20.33120846123066
320,"('on', 'either', 'side', 'of')",20.319224569791018
321,"('will', 'dance', 'the', 'whole')",20.265356503101415
322,"('than', 'this', 'whatever', 'it')",20.261055065708767
323,"('I', 'don', '’t', 'know')",20.229924499604586
325,"('go', 'Every', 'face', 'I')",20.217232451881657
324,"('I', 'go', 'Every', 'face')",20.217232451881657
326,"('yes', 'say', 'Jack', 'the')",20.189614209129708
327,"('ground', 'I', 'stand', 'on')",20.1803131794629
328,"('I', 'breathe', 'the', 'ground')",20.171635944756694
329,"('breathe', 'the', 'ground', 'I')",20.171635944756694
330,"('can', 'not', 'help', 'feel')",20.15283242500106
331,"('to', 'do', 'oh', 'oh')",20.152605845924143
332,"(""'s"", 'gonnon', 'take', 'you')",20.150839362491013
333,"('time', 'we', 'know', 'under')",20.125446638481684
334,"('the', 'street', 'Oh', 'we')",20.112173134849677
335,"('can', 'not', 'absolve', 'you')",20.10573971702079
336,"('the', 'merrier', 'so', 'on')",20.08086702394759
337,"('of', 'Uncle', 'Vernon', ""'s"")",20.029358454957126
338,"(""'"", 'll', 'ever', 'do')",19.96911945513311
339,"('on', 'they', 'go', 'Jack')",19.968025042612034
340,"('out', 'tonight', 'we', 'be')",19.96430299417959
341,"('air', 'I', 'breathe', 'the')",19.94281725426081
342,"('the', 'air', 'I', 'breathe')",19.94281725426081
343,"('the', 'second', 'voice', '“I')",19.93645334874595
344,"('if', 'I', 'don', '’t')",19.89780796002576
345,"('Uncle', 'Vernon', 'will', 'have')",19.881401353914228
346,"('break', 'up', 'be', 'hard')",19.87404743487577
347,"('the', 'mountain', 'and', 'blue')",19.84058614353365
348,"('can', 'make', 'a', 'brown')",19.840529173913986
349,"('be', 'go', 'out', 'tonight')",19.80520096203181
350,"('quarter', 'of', 'a', 'hour')",19.79769469494679
351,"('little', 'brother', 'who', 'I')",19.744553301173553
352,"('below', 'and', 'I', 'se')",19.72430360799352
353,"('try', 'hard', 'to', 'look')",19.721913023398372
354,"('hold', 'out', 'his', 'hand')",19.720451176416418
355,"('a', 'couple', 'of', 'minute')",19.63526979601523
356,"('eave', 'of', 'the', 'house')",19.562162338798622
357,"('tatch', 'i', 'how', 'to')",19.546717258739186
358,"('you', '', 'ai', 'not')",19.50197067263386
359,"('everything', 'I', ""'"", 'll')",19.500976598721834
360,"('let', 'us', 'see', 'what')",19.49491288535512
361,"('little', 'farther', 'and', 'they')",19.48567040548405
362,"('trap', 'I', '', 'can')",19.428485058427967
363,"('I', 'don', '’t', 'go')",19.386266528773973
364,"('the', 'valley', 'of', 'fear')",19.38124655343833
365,"('only', 'what', 'you', 'need')",19.37004758129268
367,"('Puttin', ""'"", 'on', 'the')",19.362048776491633
366,"(""'"", 'on', 'the', 'ritz')",19.362048776491633
368,"('kook', 'be', 'out', 'in')",19.342857747974612
369,"('', 'do', 'not', 'care')",19.341539959390346
370,"('in', 'the', 'dining', 'room')",19.313358075041222
371,"('at', 'the', 'Manor', 'house')",19.311369491660642
372,"('or', 'where', 'or', 'who')",19.306304744500302
373,"('', 'do', 'not', 'bother')",19.255810085364466
374,"('May', 'I', 'go', 'with')",19.23046170799563
375,"(""'"", 'll', 'show', 'you')",19.227518311896183
376,"('whole', 'world', 'and', 'we')",19.217267505683658
377,"('we', ""'"", 'll', 'come')",19.21410329271174
378,"('like', 'this', 'catch', 'in')",19.199376650605373
379,"('talk', 'to', 'me', 'on')",19.174891708357592
380,"('bottom', 'of', 'the', 'stair')",19.15885413210188
381,"('day', 'like', 'this', 'when')",19.14869257469263
382,"('up', 'like', 'a', 'million')",19.12533234185456
383,"('the', 'dead', 'man', '’s')",19.120464274224744
384,"('like', 'a', 'hammer', 'she')",19.109699033226725
385,"('she', 'fight', 'for', 'her')",19.063852977252957
386,"('still', 'so', 'hard', 'to')",19.056642954624188
387,"('say', 'she', '“Noo', 'that')",19.055601516446963
388,"('why', '', 'shall', 'not')",18.994216998886706
389,"('sin', 'everything', 'I', 'have')",18.984654836885184
390,"('let', 'you', 'go', 'let')",18.972766615036576
391,"('go', 'to', 'seek', 'my')",18.96205679612458
392,"('’t', 'go', 'up', 'there')",18.950066429651756
393,"('do', 'not', 'worry', 'about')",18.912211986838642
394,"('what', '’s', 'the', 'game')",18.90800010091847
395,"('in', 'common', 'too', 'it')",18.88051392147623
396,"('to', 'do', 'number', 'matter')",18.851722531825665
397,"('when', 'or', 'where', 'or')",18.84872155025537
398,"('you', 'go', 'Jack', 'say')",18.765725432953452
399,"('and', 'I', 'se', 'above')",18.751270655593785
400,"('the', 'millstone', 'against', 'the')",18.731152871406316
401,"('walk', 'all', 'over', 'you')",18.73035402409424
402,"('I', 'weak', 'the', 'sun')",18.702521772722058
403,"('you', 'sin', 'into', 'i')",18.69523916659122
404,"('', 'can', 'not', 'help')",18.66684565408581
405,"('say', 'the', 'cold', 'voice')",18.646309317756625
406,"('to', 'believe', 'come', 'back')",18.623520207971637
407,"('go', 'back', 'to', 'school')",18.604955204914184
408,"('but', 'I', 'don', '’t')",18.543213676218073
409,"('they', 'make', 'their', 'way')",18.476953548674686
410,"('', 'do', 'not', 'understand')",18.46731419055817
411,"('easy', 'if', 'I', '')",18.457433917178022
412,"('I', ""'"", 'll', 'ever')",18.405052178723302
413,"('the', 'hill', 'and', 'far')",18.389168208528304
414,"('a', 'sin', 'everything', 'I')",18.365691664928697
415,"('', 'do', 'not', 'worry')",18.348919489755943
416,"('of', 'the', 'bigger', 'girl')",18.340604568940982
417,"('I', 'make', 'haste', 'to')",18.33248503687664
418,"('be', 'in', 'every', 'smile')",18.327536948690856
419,"('', 'do', 'not', 'want')",18.325888521100595
420,"('hard', 'to', 'look', 'like')",18.324320658578934
421,"('on', 'the', 'other', 'side')",18.316382414812352
422,"('have', 'ever', 'do', 'everything')",18.300794599851407
423,"('wantin', ""'"", 'to', 'be')",18.295419635294422
424,"('jolt', 'they', 'go', 'a')",18.260956669232634
425,"('be', 'a', 'artificial', 'person')",18.243781753157315
426,"('mister', 'Raven', 'I', 'say')",18.24349227125346
427,"('“You', ""'"", 'll', 'be')",18.22826383903294
428,"('slide', 'over', 'to', 'the')",18.211535543273243
429,"('Jack', 'the', 'cat', 'the')",18.185115882593486
430,"('a', 'family', 'of', 'tree')",18.174764344026606
431,"('say', 'Jack', 'the', 'more')",18.17384689327139
432,"('in', 'the', 'street', 'Oh')",18.16879979375733
433,"('rest', 'of', 'the', 'summer')",18.122512285038162
434,"('a', 'hammer', 'she', ""'s"")",18.102695645488957
435,"('hammer', 'she', ""'s"", 'a')",18.102695645488957
436,"('shall', 'be', 'the', 'happiest')",18.07290640308446
437,"('not', 'want', 'to', 'miss')",18.062856402176692
438,"('lose', 'a', 'part', 'of')",18.0589268581466
439,"('what', 'you', 'need', 'from')",18.020850374883743
440,"('be', 'the', 'happiest', 'man')",18.019305519609382
441,"('but', 'you', 'blew', 'it')",18.014617086244
442,"(""'"", 'll', 'give', 'you')",18.001349199814257
443,"('weak', 'the', 'sun', 'be')",17.998651848391034
444,"('', 'can', 'not', 'understand')",17.988773748973173
445,"('a', 'good', 'deal', 'of')",17.986223664416954
446,"('get', 'out', 'of', 'bed')",17.95777960641174
447,"('fred', 'and', 'George', 'be')",17.9450978915349
448,"('to', 'hold', 'you', 'close')",17.903997125447617
449,"('topple', 'he', 'on', 'to')",17.901972628376654
450,"('I', 'lose', 'a', 'part')",17.889958233962304
451,"('everything', 'that', 'matter', 'to')",17.856787747116826
452,"('be', 'a', 'young', 'lady')",17.836262223162485
453,"('you', 'sin', 'all', 'you')",17.825857943626104
454,"('it', 'be', 'too', 'late')",17.809955501860415
455,"('the', 'cat', 'the', 'dog')",17.79516936427747
456,"('the', 'more', 'the', 'merrier')",17.79255341607046
457,"('than', 'this', 'baby', 'I')",17.7911688858823
458,"('', 'do', 'not', 'know')",17.783322313901714
459,"('do', 'everything', 'I', 'ever')",17.776255687628236
460,"('ever', 'do', 'everything', 'I')",17.776255687628236
461,"('everything', 'I', 'ever', 'do')",17.776255687628236
462,"('a', 'little', 'farther', 'and')",17.770444463015743
463,"('have', 'ever', 'be', 'everywhere')",17.76982299327679
464,"('take', 'only', 'what', 'you')",17.719990052349644
465,"('for', 'everything', 'I', 'long')",17.714021582217832
466,"('to', 'get', 'rid', 'of')",17.712705524792185
467,"('when', 'everything', 'I', ""'"")",17.692388076725123
468,"('I', ""'"", 'll', 'never')",17.669099357530165
469,"('be', 'a', 'sin', 'everything')",17.66182174059768
470,"('look', 'she', ""'s"", 'get')",17.645709964212152
471,"('long', 'to', 'do', 'number')",17.63621649607446
472,"('he', 'turn', 'his', 'head')",17.631044607111342
473,"('come', 'up', 'who', ""'s"")",17.624338403033995
474,"('for', 'more', 'than', 'this')",17.61353556969732
475,"('go', 'let', 'i', 'go')",17.590378395969147
476,"('not', 'understand', 'a', 'word')",17.561926784913872
477,"('at', 'the', 'same', 'time')",17.542631551439953
478,"('thing', 'to', 'do', 'oh')",17.542464782207
479,"('', 'do', 'not', 'think')",17.531783546905757
480,"('the', 'kook', 'be', 'out')",17.503264701647062
481,"('can', 'assure', 'you', 'that')",17.495097142121004
482,"('may', 'or', 'may', 'not')",17.413673094062375
483,"('I', ""'"", 'll', 'give')",17.4135137574715
484,"('get', 'to', 'his', 'feet')",17.403778501669457
485,"('look', 'as', 'though', 'he')",17.40262305410532
486,"('over', 'the', 'hill', 'and')",17.380769960042436
487,"('Miss', 'Abbott', 'it', 'be')",17.379609973890297
488,"('common', 'too', 'it', 'be')",17.36249652488919
489,"('Cake', 'he', 'in', 'a')",17.3613634748976
490,"(""'"", 'll', 'do', 'for')",17.356856639110937
491,"('the', 'sun', 'come', 'up')",17.356655250560912
492,"('on', 'when', 'time', 'get')",17.353211144535976
493,"('will', 'be', 'easy', 'if')",17.306552953484257
494,"('you', 'leave', 'I', 'lose')",17.299758517415313
495,"('', 'can', 'not', 'stand')",17.251808154806966
496,"('ever', 'be', 'everywhere', 'I')",17.24528408105362
497,"('of', 'the', 'Riddle', 'house')",17.24023424391126
498,"(""'"", 'to', 'be', 'haunt')",17.19588396174351
499,"('of', 'the', 'Manor', 'house')",17.169844916019862
500,"('over', 'you', 'car', 'the')",17.162867479942896
501,"('go', 'Jack', 'say', 'the')",17.15244441653917
502,"('ll', 'ever', 'do', 'I')",17.129516989320393
503,"('a', 'trap', 'I', '')",17.11103044011991
504,"('the', 'ground', 'I', 'stand')",17.093633432755425
505,"('', 'do', 'not', 'matter')",17.085885083922157
506,"(""'"", 'll', 'be', 'over')",17.052945578820413
507,"('take', 'you', 'place', 'there')",17.04125214688697
508,"('he', 'in', 'a', 'stew')",17.03943538001024
509,"('as', 'soon', 'as', 'she')",17.028516216743064
510,"('go', 'with', 'you', 'yes')",17.010942228280783
511,"('not', 'he', 'blow', 'my')",17.009951197700225
512,"('side', 'of', 'the', 'field')",17.00372613258765
513,"('I', ""'"", 'll', 'tell')",16.977414642664826
514,"('we', 'will', 'dance', 'the')",16.966956943710294
515,"('', 'can', 'not', 'stop')",16.960576857142527
516,"('a', 'friend', 'like', 'i')",16.958997223369174
517,"('I', 'ever', 'do', 'every')",16.948436663010916
518,"('', 'do', 'not', 'seem')",16.94705737922483
519,"('middle', 'of', 'the', 'night')",16.921814934801034
520,"('from', 'the', 'other', 'side')",16.904676006925406
521,"('in', 'the', 'living', 'room')",16.89832057576237
522,"('he', 'will', 'return', 'one')",16.865600772822546
523,"('Frank', '', 'do', 'not')",16.863492662585706
524,"('', 'do', 'not', 'mean')",16.836271193850685
525,"('and', 'he', 'twirle', 'his')",16.809326546872356
526,"('do', 'every', 'place', 'I')",16.804046753675742
527,"('what', 'do', 'they', 'call')",16.791051595128877
528,"('where', 'or', 'who', 'have')",16.769609484087525
529,"('and', 'she', 'fight', 'for')",16.767081728428643
530,"('you', 'to', 'say', 'Bye')",16.764954221608953
531,"('get', 'rid', 'of', 'the')",16.751196163188638
532,"('want', 'a', 'word', 'with')",16.737632372911506
533,"('have', 'to', 'worry', 'about')",16.737496800361427
534,"('everything', 'I', 'have', 'ever')",16.7367273234416
535,"('I', 'can', 'assure', 'you')",16.71256101231085
536,"('', 'can', 'not', 'tell')",16.65424561730618
537,"('well', 'here', 'we', 'be')",16.649580669025077
538,"('cause', 'I', '', 'do')",16.629970623864246
539,"('leave', 'I', 'lose', 'a')",16.61749881533924
540,"('not', 'want', 'to', 'start')",16.601525250623915
541,"('do', 'not', 'know', 'how')",16.595961598332842
542,"('try', 'to', 'get', 'out')",16.589219670401903
543,"('world', 'can', 'make', 'a')",16.567510679507564
544,"('they', 'go', 'Jack', 'the')",16.559417201017183
545,"('', 'do', 'not', 'need')",16.555370367223375
546,"('this', 'when', 'it', 'rain')",16.55415309693798
547,"('we', ""'"", 'll', 'have')",16.546543705912065
548,"('the', 'other', 'side', 'of')",16.539594083780635
549,"('do', 'not', 'he', 'blow')",16.522070646443815
550,"('I', '', 'do', 'not')",16.513306307656833
551,"('never', 'have', 'a', 'friend')",16.502628056464133
552,"('Herriton', '', 'do', 'not')",16.483220581467542
553,"('we', 'know', 'under', 'a')",16.476353800340817
554,"('do', 'not', 'know', 'where')",16.437519944449157
555,"('do', 'if', 'I', 'don')",16.416524105406275
556,"('', 'do', 'not', 'mind')",16.397829090236897
557,"('fall', 'to', 'the', 'ground')",16.35479259425348
558,"('for', 'the', 'first', 'time')",16.352566026269493
559,"('there', 'be', 'no', 'point')",16.344873837753525
560,"('still', '', 'do', 'not')",16.317210630028598
561,"('her', 'life', 'as', 'she')",16.312476000082633
562,"('with', 'you', 'yes', 'say')",16.304424250449813
563,"('far', 'as', 'I', 'know')",16.29606511002526
564,"('middle', 'of', 'the', 'room')",16.293783712187995
565,"('the', 'far', 'end', 'of')",16.282913626969076
566,"('out', 'I', ""'"", 'll')",16.273440874109433
567,"('can', 'not', 'help', 'it')",16.26208968643411
568,"('it', ""'s"", 'still', 'so')",16.230049042929984
569,"('be', 'interrupt', 'by', 'a')",16.229975953632284
570,"('', 'do', 'not', 'love')",16.22606274197041
571,"('on', 'the', 'other', 'hand')",16.225798342105968
572,"('why', '', 'can', 'not')",16.223611262976313
573,"('what', 'I', '’ll', 'do')",16.216792498330925
574,"('and', 'we', ""'"", 'll')",16.212191895576616
575,"('know', 'of', 'a', 'ancient')",16.20972970606411
576,"('be', 'go', 'to', 'seek')",16.206239044127344
577,"('make', 'sense', 'to', 'you')",16.20411344521999
578,"('have', 'no', 'doubt', 'that')",16.19649192364824
579,"('keep', 'up', 'with', 'you')",16.19351320446949
580,"('who', 'have', 'one', 'thing')",16.18082529033201
581,"('he', 'look', 'as', 'though')",16.180230632768875
582,"('be', 'you', 'go', 'Jack')",16.169954705252827
583,"('other', 'side', 'of', 'the')",16.161082460526913
584,"('want', 'to', 'hold', 'you')",16.160488685414634
585,"('not', 'be', 'easy', ""'"")",16.157587963178585
586,"('the', 'alarm', 'be', 'give')",16.140837244479947
587,"('and', 'I', 'go', 'la')",16.13776007145288
588,"('over', 'his', 'head', 'and')",16.136407183969034
589,"('we', 'will', 'not', 'let')",16.136003971829098
590,"('do', 'not', 'know', 'what')",16.102436484478915
591,"('do', 'not', 'see', 'why')",16.094416643754542
592,"('so', 'far', 'as', 'I')",16.090480976375368
593,"('can', 'not', 'look', 'back')",16.08464568538617
594,"('I', 'can', 'see', 'nothing')",16.060408065365614
595,"('the', 'rest', 'of', 'us')",16.059009342732004
596,"('', 'can', 'not', 'take')",16.0497027476155
597,"(""'s"", 'get', 'the', 'look')",16.047685613875295
598,"('then', 'I', 'remember', 'that')",16.0312504170537
599,"('', 'do', 'not', 'talk')",16.020593623670436
600,"('do', 'it', 'ever', 'make')",16.020175763238434
601,"('what', 'do', 'you', 'mean')",15.993898291835414
602,"('you', 'place', 'there', '')",15.967163167720003
603,"('', 'do', 'not', 'even')",15.963028336136617
604,"('for', 'her', 'life', 'as')",15.94627451129054
605,"('“I', '', 'do', 'not')",15.933881990477104
606,"('how', 'do', 'you', 'know')",15.919901352910607
607,"('you', 'need', 'from', 'it')",15.916158452713908
608,"('', 'do', 'not', 'hold')",15.89825808074638
609,"('far', 'end', 'of', 'the')",15.86787612769023
610,"('', 'do', 'not', 'call')",15.863492662585706
611,"('I', ""'"", 'll', 'go')",15.862902761541122
612,"('everything', 'I', 'long', 'to')",15.85874558155546
613,"('if', 'you', 'be', 'blue')",15.848315227079105
614,"('of', 'the', 'living', 'room')",15.838104228411801
615,"('and', 'when', 'I', 'weak')",15.834386090988716
616,"('have', 'noth', 'to', 'do')",15.833255783166862
617,"('of', 'a', 'far', 'off')",15.823700833029022
618,"('', 'do', 'not', 'let')",15.804598973532137
619,"('what', 'look', 'like', 'a')",15.791574760917086
620,"('“I', 'want', 'you', 'to')",15.781075095866512
621,"('to', 'take', 'care', 'of')",15.769866246621298
622,"('every', 'place', 'I', 'have')",15.764518389489105
623,"('there', 'be', 'no', 'other')",15.732843093834191
624,"('the', 'bridge', 'be', 'up')",15.721214377430265
625,"('out', 'of', 'the', 'earth')",15.713138237439942
626,"('there', 'be', 'plenty', 'of')",15.687871861712871
627,"('out', 'in', 'the', 'street')",15.663730093616017
628,"('this', 'catch', 'in', 'a')",15.64456376056392
629,"('I', 'know', 'can', 'ever')",15.640802903443067
630,"('the', 'world', 'can', 'make')",15.636489365169354
631,"('this', 'whatever', 'it', 'be')",15.628121048188689
632,"('Boss', 'I', '', 'do')",15.619774856758355
633,"('blue', 'and', 'you', '')",15.614243434417986
634,"('he', 'and', 'he', 'twirle')",15.612414399741503
635,"('do', 'not', 'want', 'to')",15.592064921374849
636,"('the', 'ghetto', 'and', 'his')",15.588256438043096
637,"('for', 'a', 'couple', 'of')",15.587007118396897
638,"('you', 'go', 'let', 'i')",15.579795057111319
639,"('', 'do', 'not', 'like')",15.572815501682783
640,"('I', 'want', 'to', 'hold')",15.572653243071883
641,"('I', ""'"", 'll', 'do')",15.565516850916545
642,"('why', '', 'do', 'not')",15.564648180811382
643,"('', 'do', 'not', 'ask')",15.548450953283584
644,"('we', '', 'can', 'not')",15.528910766887932
645,"('in', 'a', 'trap', 'I')",15.528309019524578
646,"('so', 'on', 'they', 'go')",15.504077942852241
647,"('place', 'I', 'have', 'ever')",15.496412994107892
648,"('I', '', 'can', 'not')",15.471829671680666
649,"('from', 'it', 'a', 'family')",15.448911641608682
650,"('have', 'a', 'friend', 'like')",15.447369997193903
651,"('i', 'it', ""'s"", 'still')",15.44476006222596
652,"('in', 'spite', 'of', 'the')",15.444328234483287
653,"('be', 'over', 'the', 'hill')",15.442318814465246
654,"('the', 'whole', 'world', 'and')",15.434301118263768
655,"('I', 'do', 'not', 'understand')",15.418368601127128
656,"('I', 'have', 'no', 'doubt')",15.413955793838085
657,"('as', 'far', 'as', 'I')",15.404540827929388
658,"('world', 'and', 'we', 'can')",15.384377491518912
659,"('be', 'easy', 'if', 'I')",15.356695099995648
660,"('like', 'this', 'when', 'it')",15.354974290520552
661,"('just', '', 'do', 'not')",15.353736506053721
662,"('not', 'let', 'you', 'go')",15.351845122701675
663,"('give', 'a', 'cry', 'of')",15.33172023044272
664,"('in', 'my', 'heart', 'you')",15.308320238879986
665,"('as', 'soon', 'as', 'I')",15.286012439035424
666,"('for', 'the', 'sake', 'of')",15.28401702667172
667,"('', 'can', 'not', 'see')",15.282989810055241
668,"('and', 'the', 'stepmother', 'say')",15.280265637466513
669,"('or', 'who', 'have', 'one')",15.273601931478822
670,"('I', 'assure', 'you', 'that')",15.272066783546265
671,"('will', 'not', 'be', 'easy')",15.26784335085447
672,"('', 'do', 'not', 'give')",15.261456648505607
673,"('Jack', 'the', 'more', 'the')",15.256500515830254
674,"('pretend', 'to', 'he', 'that')",15.24476296229713
675,"('do', 'I', ""'"", 'll')",15.243588756029183
676,"('need', 'from', 'it', 'a')",15.233898750637834
677,"('it', 'be', 'good', 'enough')",15.22774024497437
678,"('ever', 'do', 'I', ""'"")",15.20944053361734
679,"('I', 'have', 'no', 'idea')",15.209136001949588
680,"('tell', 'i', 'what', 'you')",15.192049087838505
681,"('I', 'agree', 'with', 'you')",15.183352493112693
682,"('Harry', '', 'can', 'not')",15.180063547303561
683,"('to', 'keep', 'they', 'from')",15.12016127870993
684,"('everywhere', 'I', 'be', 'go')",15.118172163150277
685,"('will', 'not', 'be', 'able')",15.114597090558789
686,"('', 'do', 'not', 'make')",15.092579736496155
687,"('how', 'long', 'have', 'you')",15.066965396544113
688,"('out', 'of', 'the', 'window')",15.054175155275004
689,"('the', 'cold', 'voice', 'be')",15.050538590056007
690,"('if', 'there', 'be', 'any')",15.043900949259793
691,"('we', '', 'do', 'not')",15.039872686165317
692,"('and', 'I', ""'"", 'll')",15.039633582949406
693,"('all', 'of', 'us', 'we')",15.039242365834674
694,"('when', 'I', 'weak', 'the')",15.033790914308305
695,"('but', 'I', ""'"", 'll')",15.019849908985222
696,"('out', 'of', 'the', 'kitchen')",15.018551245544288
697,"('I', 'still', '', 'do')",14.982925614372228
698,"('one', 'of', 'the', 'bigger')",14.981099016237145
699,"('how', 'do', 'you', 'do')",14.971502549397826
700,"('', 'can', 'not', 'think')",14.968354207734237
701,"('in', 'the', 'middle', 'of')",14.958901407313043
702,"('', 'will', 'not', 'like')",14.958606078761584
703,"('', 'do', 'not', 'look')",14.945954822777672
704,"('', 'be', 'not', 'suppose')",14.943478765265183
705,"('in', 'the', 'first', 'place')",14.942414303055024
706,"('a', 'time', 'we', 'know')",14.910006977786999
707,"('he', 'say', 'at', 'last')",14.887900150941213
708,"('be', 'no', 'business', 'of')",14.879606626211945
709,"('have', 'be', 'number', 'one')",14.871648592125723
710,"('it', 'will', 'be', 'easy')",14.866777571344173
711,"('that', 'it', 'be', 'impossible')",14.834970818322212
712,"('do', 'not', 'be', 'silly')",14.833143173294722
713,"('up', 'with', 'you', 'how')",14.798312120844813
714,"('but', 'we', '', 'can')",14.797988586431188
715,"('in', 'the', 'ghetto', 'and')",14.787474807074084
716,"('do', 'not', 'understand', 'you')",14.783811622133435
717,"('ll', 'do', 'for', 'you')",14.783161520753609
718,"('friend', 'I', '', 'do')",14.780837289490869
719,"('it', 'be', 'Baby', 'I')",14.774900712983147
720,"('who', '', 'can', 'not')",14.765026048024716
721,"('can', 'not', 'understand', 'a')",14.760515002222299
722,"('so', 'long', 'as', 'I')",14.736268669792565
723,"('be', 'able', 'to', 'get')",14.735530316462132
724,"('do', 'not', 'think', 'so')",14.733977351820414
725,"('it', 'be', 'legal', 'to')",14.71096450051516
726,"('', 'do', 'not', 'go')",14.71084565257523
727,"('I', 'say', 'to', 'myself')",14.701090650098209
728,"('I', 'see', 'before', 'i')",14.678632160274972
729,"('number', 'one', 'and', 'you')",14.676999055019003
730,"('come', 'all', 'the', 'way')",14.676909722747432
731,"('be', 'tell', 'leave', 'you')",14.657289137748428
732,"('tell', 'leave', 'you', 'be')",14.657289137748428
733,"('will', 'be', 'glad', 'to')",14.650787520806851
734,"('at', 'the', 'top', 'of')",14.625318521088467
735,"('I', 'stand', 'on', 'you')",14.624765407815836
736,"('', 'do', 'not', 'see')",14.62402672789031
737,"('at', 'the', 'bottom', 'of')",14.61874586716499
738,"('you', '', 'can', 'not')",14.607152909325912
739,"('', 'can', 'not', 'look')",14.60491790494261
740,"('if', 'they', 'think', 'you')",14.595801684015676
741,"('have', 'be', 'tell', 'leave')",14.593992607628842
742,"('go', 'straight', 'to', 'the')",14.562735299499472
743,"('you', '', 'do', 'not')",14.558243308844965
744,"('', 'do', 'not', 'get')",14.555370367223375
745,"('to', 'go', 'to', 'bed')",14.544422543040653
746,"('she', ""'s"", 'get', 'the')",14.541623940901054
747,"('they', '', 'do', 'not')",14.540583476167235
748,"('look', 'at', 'the', 'rain')",14.536455011285675
749,"('Harry', '', 'do', 'not')",14.521100465138623
750,"('do', 'not', 'seem', 'to')",14.486252273905485
751,"('can', 'have', 'be', 'number')",14.480726290856794
752,"('', 'can', 'not', 'get')",14.477367855222099
753,"('', 'do', 'not', 'tell')",14.410320034420089
754,"('they', '', 'can', 'not')",14.392191636274568
755,"('on', 'the', 'floor', 'with')",14.383378135890766
756,"('the', 'whole', 'thing', 'be')",14.375302498116966
757,"('you', 'hat', 'and', 'you')",14.367088871517502
758,"('the', 'eave', 'of', 'the')",14.341700782321944
759,"('when', 'the', 'time', 'come')",14.33761449588998
760,"('but', '', 'do', 'not')",14.32722441865662
761,"('', 'do', 'not', 'come')",14.304525370397492
762,"('no', 'one', 'I', 'know')",14.26966862958296
763,"('as', 'soon', 'as', 'the')",14.260566864963891
764,"('the', 'view', 'from', 'the')",14.237297422165497
765,"('part', 'of', 'i', 'it')",14.2081719689305
766,"('what', 'do', 'you', 'think')",14.20398381772025
767,"('what', 'appear', 'to', 'be')",14.200946578569791
768,"('get', 'the', 'look', 'what')",14.199252122344738
769,"('nothing', 'to', 'do', 'with')",14.197802658706252
770,"('we', 'be', 'go', 'back')",14.193868936524893
771,"('do', 'do', 'it', 'ever')",14.18905267524788
772,"('they', ""'"", 'll', 'be')",14.181415738744505
773,"('a', 'gap', 'in', 'the')",14.180935350565683
774,"('as', 'he', 'speak', 'he')",14.172804376097098
775,"('us', 'we', 'be', 'go')",14.168333844417752
776,"('get', 'the', 'look', 'she')",14.166879147570242
777,"('they', 'go', 'a', 'little')",14.158594951602957
778,"('he', 'walk', 'up', 'and')",14.151843338206206
779,"('in', 'front', 'of', 'it')",14.149003778470124
780,"('', 'can', 'not', 'we')",14.113873267609087
781,"(""'"", 'll', 'have', 'a')",14.109636132109237
782,"('who', '', 'do', 'not')",14.106062965859778
783,"('it', 'be', 'a', 'sin')",14.09551395252867
784,"('if', 'you', 'want', 'to')",14.069580189216424
785,"('in', 'the', 'centre', 'of')",14.065816611229565
786,"('have', 'have', 'so', 'much')",14.04976213047106
787,"('a', 'moment', 'more', 'and')",14.032316810759411
788,"('be', 'in', 'my', 'heart')",14.016614872206205
789,"('when', 'you', 'leave', 'I')",14.014356298553068
790,"('he', ""'"", 'll', 'be')",13.97863101210369
791,"('go', 'to', 'bed', 'and')",13.968470858838664
792,"('will', 'not', 'let', 'you')",13.966318600823485
793,"('will', 'you', 'tell', 'i')",13.951992689566133
794,"('he', 'have', 'never', 'see')",13.939011194313544
795,"('what', 'in', 'the', 'world')",13.929220961819759
796,"('I', 'be', 'not', 'afray')",13.928038979049852
797,"('stand', 'on', 'you', 'be')",13.920895483484813
798,"('out', 'of', 'the', 'question')",13.916671631525077
799,"('', 'be', 'not', 'really')",13.914623902593
800,"('I', 'have', 'never', 'before')",13.90801736132861
801,"('at', 'the', 'end', 'of')",13.8962798426939
802,"('you', ""'"", 'll', 'be')",13.885415092518485
803,"('as', 'though', 'he', 'have')",13.871241593589012
804,"('she', '', 'do', 'not')",13.854930649082284
805,"('to', 'go', 'up', 'there')",13.840779086154477
806,"('we', '', 'will', 'not')",13.840700762522964
807,"('can', 'not', 'take', 'it')",13.837591857906204
808,"('up', 'be', 'hard', 'to')",13.816475127922644
809,"('not', 'know', 'where', 'to')",13.809516455571377
810,"('one', 'and', 'you', 'call')",13.808243588297259
811,"('do', 'not', 'think', 'it')",13.805099484366686
812,"('on', 'the', 'edge', 'of')",13.803889664121634
813,"('I', 'shall', 'like', 'to')",13.792256699503554
814,"('my', 'heart', 'you', 'be')",13.790302842292945
815,"('I', ""'"", 'll', 'have')",13.7890228925637
816,"('I', ""'"", 'll', 'be')",13.783006477345957
817,"('have', 'no', 'right', 'to')",13.765057080648944
818,"('it', '', 'can', 'not')",13.763502878739232
819,"('we', 'be', 'go', 'out')",13.741266656277716
820,"('', 'do', 'not', 'have')",13.724428624848152
821,"('be', 'in', 'the', 'main')",13.723492779413029
822,"('but', 'I', '', 'do')",13.703432785805255
823,"('home', 'I', 'do', 'not')",13.689016191070792
824,"('not', 'be', 'able', 'to')",13.685765525323347
825,"('the', 'same', 'time', 'I')",13.679597328586105
826,"('in', 'the', 'act', 'of')",13.678793488120313
827,"('it', 'be', 'impossible', 'to')",13.66657038115671
828,"('', 'be', 'not', 'any')",13.665944789736272
829,"('I', 'be', 'talk', 'about')",13.659735809468557
830,"('he', '', 'can', 'not')",13.648838528271042
831,"('as', 'though', 'he', 'be')",13.642832757034824
832,"('at', 'the', 'foot', 'of')",13.6332454368601
833,"('not', 'want', 'to', 'go')",13.626416426165626
834,"('as', 'a', 'matter', 'of')",13.619901450171135
835,"('back', 'of', 'the', 'house')",13.617303892991082
836,"('be', 'catch', 'by', 'the')",13.614456465021995
837,"('as', 'she', 'do', 'so')",13.606815642001074
838,"('have', 'one', 'thing', 'in')",13.586299168824048
839,"('on', 'the', 'top', 'of')",13.560484065036768
840,"('I', 'do', 'not', 'know')",13.549952153333244
841,"('at', 'the', 'sight', 'of')",13.548356539273591
842,"('I', '', 'shall', 'not')",13.541995689449976
843,"('not', 'know', 'what', 'you')",13.541242149690724
844,"('one', 'I', 'know', 'can')",13.529224864182815
845,"('be', 'in', 'my', 'mind')",13.527867686744358
846,"('I', 'be', 'afray', 'it')",13.526973199539555
847,"('', 'can', 'not', 'be')",13.526951647845856
848,"('on', 'his', 'way', 'to')",13.525995107086928
849,"('do', 'not', 'know', 'that')",13.525133361085793
850,"('the', 'look', 'she', ""'s"")",13.49924898917925
851,"('if', 'he', 'want', 'to')",13.484724203689005
852,"('in', 'front', 'of', 'he')",13.481798404973162
854,"('see', 'the', 'air', 'I')",13.480958898228977
853,"('I', 'see', 'the', 'air')",13.480958898228977
855,"('as', 'well', 'as', 'a')",13.477149154152507
856,"('or', 'he', 'may', 'have')",13.476985493261239
857,"('want', 'you', 'to', 'see')",13.471219833279726
858,"('what', 'I', 'ask', 'you')",13.463938869745874
859,"('with', 'you', 'how', 'do')",13.457400922589876
860,"('which', 'he', 'have', 'never')",13.453007173680554
861,"('a', 'man', 'who', 'have')",13.444026050275944
862,"('a', 'part', 'of', 'i')",13.44356287888489
863,"('with', 'a', 'air', 'of')",13.441242724725036
864,"('they', '', 'will', 'not')",13.440947226075792
865,"('there', '', 'do', 'not')",13.433504821840884
866,"('do', 'not', 'think', 'that')",13.432023956694316
867,"('the', 'first', 'time', 'I')",13.42372271432518
868,"('the', 'house', 'at', 'all')",13.419826860385562
869,"('for', 'the', 'rest', 'of')",13.414325049017457
870,"('at', 'the', 'thought', 'of')",13.40151515094432
871,"('you', 'do', 'no', 'one')",13.394532095583166
872,"('be', 'number', 'one', 'and')",13.385293688345229
873,"('by', 'the', 'side', 'of')",13.37923526767986
874,"('far', 'as', 'I', 'have')",13.378527270217234
875,"('I', 'be', 'not', 'sure')",13.368611570435831
876,"('you', 'be', 'at', 'home')",13.3412664270667
877,"('and', 'they', 'meet', 'a')",13.335325773011256
878,"('if', 'you', '', 'do')",13.323934417068337
879,"('he', 'answer', 'with', 'a')",13.322919990986392
880,"('it', 'be', 'clear', 'that')",13.317122513459594
881,"('one', '', 'do', 'not')",13.311342031939468
882,"(""'"", 'say', 'the', 'man')",13.311295499132903
883,"('to', 'the', 'size', 'of')",13.30321014392549
884,"('', 'do', 'not', 'you')",13.28522481443855
885,"('as', 'well', 'as', 'the')",13.283093433980504
886,"('this', 'be', 'the', 'real')",13.261113391266242
887,"('in', 'front', 'of', 'the')",13.260728296143895
888,"('I', 'be', 'very', 'much')",13.25242026233525
889,"('a', 'sin', 'it', 'be')",13.247517045973723
890,"('sin', 'it', 'be', 'a')",13.247517045973723
891,"('do', 'not', 'think', 'you')",13.237323269226913
892,"('you', 'will', 'find', 'that')",13.20995199536879
893,"('I', '', 'will', 'not')",13.19865716659453
894,"('', 'have', 'not', 'get')",13.193913908149376
895,"('there', 'be', 'a', 'baby')",13.191818221004986
896,"('ll', 'be', 'over', 'the')",13.187897538936163
897,"('it', 'be', 'more', 'than')",13.180402850115186
898,"('if', 'I', '', 'do')",13.151136474004431
899,"('a', 'quarter', 'of', 'a')",13.144849721944809
900,"('a', 'friend', 'I', '')",13.122345753347744
901,"('he', '', 'do', 'not')",13.115406328189977
902,"('it', 'seem', 'to', 'i')",13.09785373774654
903,"('you', 'will', 'find', 'it')",13.09760069587093
904,"('do', 'not', 'try', 'to')",13.09456526190403
905,"('back', 'to', 'the', 'house')",13.062470961451439
906,"('in', 'the', 'world', 'can')",13.055446473025007
907,"('on', 'to', 'the', 'bed')",13.04572857287247
908,"('out', 'of', 'the', 'room')",13.025606003078238
909,"('if', 'I', 'have', 'tell')",13.01263238001188
910,"('where', 'be', 'you', 'go')",12.994512698842946
911,"('he', 'want', 'to', 'go')",12.97318277243722
912,"('it', 'a', 'family', 'of')",12.96835250104398
913,"('know', 'what', 'to', 'do')",12.967249662188351
914,"('the', 'centre', 'of', 'the')",12.963189159068222
915,"('be', 'of', 'no', 'use')",12.9425378819384
916,"('do', 'not', 'know', 'his')",12.942488835221823
917,"('back', 'to', 'a', 'time')",12.93810737251323
918,"('have', 'nothing', 'to', 'do')",12.93541032716135
919,"('be', 'a', 'sin', 'it')",12.925588951086361
920,"('give', 'it', 'to', 'her')",12.907439338699362
921,"('what', 'do', 'you', 'say')",12.898920366895197
922,"('you', '', 'will', 'not')",12.893407812853795
923,"('the', 'name', 'of', 'all')",12.890386128465018
924,"('as', 'he', 'reach', 'the')",12.885461047848672
925,"('a', 'bit', 'of', 'a')",12.881815316111016
926,"('it', 'be', 'no', 'good')",12.86801011737463
927,"('but', 'there', 'be', 'no')",12.831325670324539
928,"('on', 'the', 'side', 'of')",12.828467686842302
929,"('the', 'bottom', 'of', 'the')",12.827127609492187
930,"('to', 'me', 'on', 'the')",12.826241882711429
931,"('in', 'the', 'hope', 'that')",12.825234983318879
932,"('be', 'glad', 'to', 'have')",12.810431080262568
933,"('do', 'no', 'one', 'I')",12.806696653240415
934,"('be', 'not', 'suppose', 'to')",12.804601754833207
935,"('I', 'know', 'it', 'by')",12.804503428107893
936,"('it', 'be', 'silly', 'to')",12.804073904906645
937,"('’t', 'say', 'he', 'and')",12.79562108611401
938,"('seem', 'to', 'i', 'that')",12.795167537965554
939,"('', 'will', 'not', 'be')",12.794347524122415
940,"('tell', 'i', 'that', 'you')",12.784670965887692
941,"('I', 'have', 'never', 'see')",12.784028644053159
942,"('and', 'both', 'of', 'they')",12.75879587241483
943,"('sense', 'to', 'you', 'to')",12.744986868351646
944,"('will', 'of', 'course', 'be')",12.699980404286734
945,"('he', 'look', 'like', 'a')",12.697749370362928
946,"('be', 'will', 'to', 'pay')",12.686856775514372
947,"('in', 'the', 'corner', 'of')",12.678793488120313
948,"('you', 'how', 'do', 'you')",12.673342620443414
949,"('I', 'can', 'not', 'tell')",12.672414223733668
950,"('the', 'middle', 'of', 'the')",12.671849384014273
951,"('that', 'there', 'be', 'no')",12.665850793547605
952,"('you', 'do', 'not', 'know')",12.652360768505758
953,"('I', 'will', 'ask', 'you')",12.638919970752347
954,"('in', 'the', 'hope', 'of')",12.626704976971865
955,"('I', 'can', 'give', 'you')",12.625098171060507
956,"('have', 'a', 'chance', 'to')",12.620175395346102
957,"('', 'can', 'not', 'have')",12.617856960650109
958,"('tell', 'i', 'that', 'I')",12.61187302282378
959,"('a', 'member', 'of', 'the')",12.60975708393773
960,"('that', 'there', 'be', 'some')",12.607952409839406
961,"('I', 'can', 'tell', 'you')",12.60403655553268
962,"('I', 'be', 'not', 'human')",12.591003991772283
963,"('it', '', 'do', 'not')",12.589966623744537
964,"('', 'do', 'not', 'say')",12.589290175465408
965,"('there', '', 'be', 'not')",12.580605120378905
966,"('but', 'I', 'can', 'see')",12.570236236025991
967,"('thing', 'that', 'you', 'do')",12.568098973063911
968,"('I', 'want', 'to', 'go')",12.555165816343042
969,"('I', 'kill', 'he', 'I')",12.554177421124557
970,"('on', 'the', 'point', 'of')",12.553911411113283
971,"('you', 'know', 'then', 'I')",12.553095782513573
972,"('heart', 'you', 'be', 'in')",12.552502486882751
973,"('do', 'you', 'want', 'to')",12.523687253173861
974,"('be', 'blue', 'and', 'you')",12.513504617235611
975,"('you', 'be', 'blue', 'and')",12.513504617235611
976,"('I', 'go', 'back', 'to')",12.491319334318412
977,"('it', '', 'will', 'not')",12.490330373653102
978,"('he', 'do', 'not', 'know')",12.482542282257178
979,"('out', 'of', 'the', 'way')",12.481285486854432
980,"('there', 'be', 'a', 'old')",12.47962053198772
981,"('I', 'have', 'ever', 'do')",12.479339480748948
982,"('be', 'hard', 'to', 'do')",12.475563929667707
983,"('as', 'there', 'be', 'no')",12.474509118170126
984,"('there', 'be', 'nothing', 'to')",12.4640121646636
985,"('the', 'edge', 'of', 'the')",12.45417551158036
986,"('turn', 'out', 'to', 'be')",12.42037994389215
987,"('be', 'more', 'than', 'a')",12.415793760069576
988,"('when', 'it', 'come', 'to')",12.414640109398263
989,"('what', 'be', 'go', 'on')",12.395862374999687
990,"('of', 'one', 'who', 'have')",12.381336383027168
991,"('on', 'the', 'floor', 'and')",12.371596494731584
992,"('if', 'it', '', 'have')",12.366755440851236
993,"('I', 'have', 'not', 'yet')",12.359981209689174
994,"('I', 'be', 'able', 'to')",12.351480509666978
995,"('', 'will', 'not', 'have')",12.344684455563979
996,"('the', 'fact', 'that', 'he')",12.339837129059944
997,"('', 'do', 'not', 'he')",12.337798749526428
998,"('I', 'be', 'sure', 'they')",12.333200142627085
999,"('do', 'not', 'know', 'I')",12.327559731996793
1000,"('the', 'other', 'of', 'us')",12.316670576466947
1001,"('to', 'get', 'out', 'of')",12.31524479873746
1002,"('come', 'out', 'of', 'the')",12.232173457252998
1003,"('will', 'be', 'enough', 'to')",12.170458561276284
1005,"('sure', 'that', 'it', 'be')",12.165119420014541
1004,"('be', 'sure', 'that', 'it')",12.165119420014541
1006,"('when', 'I', 'come', 'to')",12.159492778364815
1007,"('what', 'do', 'you', 'do')",12.156049340656551
1008,"('boy', 'I', 'have', 'be')",12.15352136392761
1009,"('and', 'she', 'must', 'have')",12.150338381400466
1010,"('tell', 'he', 'about', 'the')",12.145903526571885
1011,"('up', 'and', 'down', 'the')",12.145855696439085
1012,"('have', 'be', 'able', 'to')",12.139053827723941
1013,"('the', 'end', 'of', 'his')",12.107606341702365
1014,"('', 'do', 'not', 'it')",12.1045397965743
1015,"('know', 'that', 'it', 'will')",12.094820659375458
1016,"('and', 'at', 'the', 'end')",12.087423321839637
1017,"('be', 'sure', 'that', 'you')",12.082770032044998
1018,"('not', 'never', 'have', 'a')",12.056610059684353
1019,"('go', 'back', 'to', 'the')",12.050836260968033
1020,"('what', 'seem', 'to', 'be')",12.04747209790807
1021,"('but', 'I', '', 'can')",12.040467773082831
1022,"('it', 'in', 'the', 'air')",12.038653845002777
1023,"('', 'be', 'not', 'go')",12.027870952555553
1024,"('do', 'you', 'think', 'you')",12.016942507580879
1025,"('I', 'can', 'see', 'that')",12.012443936470305
1026,"('go', 'back', 'to', 'a')",11.98185757530625
1027,"('be', 'with', 'us', 'for')",11.975627782552422
1028,"('the', 'side', 'of', 'his')",11.967125118152538
1029,"('I', 'have', 'hear', 'that')",11.965913729530513
1030,"('face', 'I', 'see', 'the')",11.961584739135397
1031,"('seem', 'to', 'i', 'to')",11.948695195687414
1032,"('do', 'you', 'do', 'do')",11.945239864584217
1033,"('i', 'to', 'tell', 'you')",11.938198623609551
1034,"('here', 'to', 'get', 'the')",11.933328825815202
1035,"('he', '', 'will', 'not')",11.916234404547623
1036,"('the', 'time', 'have', 'come')",11.911063008594091
1037,"('I', 'be', 'sure', 'that')",11.909972088981092
1038,"('that', '', 'do', 'not')",11.894963001184799
1039,"('look', 'what', 'in', 'the')",11.892384193639394
1040,"('the', 'look', 'what', 'in')",11.892384193639394
1041,"('not', 'one', 'of', 'they')",11.877141763763795
1042,"('there', 'be', 'a', 'good')",11.876042353099216
1043,"('go', 'out', 'and', 'in')",11.861875342846425
1044,"('the', 'rest', 'of', 'the')",11.860574092585324
1045,"('have', 'get', 'to', 'go')",11.845239474929187
1046,"('do', 'you', 'think', 'I')",11.844144564516967
1047,"('Harry', '', 'be', 'not')",11.838125765118953
1048,"('to', 'a', 'time', 'we')",11.819031512566667
1049,"('be', 'everywhere', 'I', 'be')",11.815883457618675
1050,"('know', 'who', 'he', 'be')",11.815062471291547
1051,"('the', 'son', 'of', 'a')",11.813290478022864
1052,"('look', 'out', 'of', 'the')",11.803213581741794
1053,"('at', 'the', 'head', 'of')",11.801122609653554
1054,"('be', 'a', 'man', 'who')",11.800579714442911
1055,"('if', 'I', 'have', 'but')",11.792033240498483
1056,"('be', 'go', 'back', 'to')",11.787449409987396
1057,"('you', 'be', 'in', 'every')",11.771989177043793
1058,"('but', 'I', '', 'will')",11.767295267996701
1059,"('can', 'have', 'have', 'so')",11.75876589513559
1060,"('the', 'history', 'of', 'the')",11.75673828160079
1061,"('appear', 'to', 'be', 'a')",11.746683065633185
1062,"('at', 'the', 'door', 'and')",11.742723919293617
1063,"('of', 'us', 'we', 'be')",11.738883687401469
1064,"('and', 'you', 'call', 'have')",11.718829840676761
1065,"('we', 'can', 'have', 'have')",11.694831589381486
1066,"('one', 'to', 'the', 'other')",11.676731817028248
1067,"('have', 'it', 'out', 'with')",11.655814473084469
1068,"('the', 'edge', 'of', 'a')",11.64823123175237
1069,"('I', 'do', 'not', 'see')",11.642195334317805
1070,"('by', 'the', 'time', 'he')",11.63948180619461
1071,"('the', 'fact', 'that', 'the')",11.633340193060448
1072,"('do', 'not', 'want', 'the')",11.630555559771302
1073,"('be', 'sure', 'they', 'be')",11.629330218296062
1074,"('the', 'sun', 'be', 'not')",11.626958962364895
1075,"('and', 'I', '', 'do')",11.623680786218536
1076,"('but', 'I', 'have', 'never')",11.612757216903326
1077,"('the', 'top', 'of', 'the')",11.61130784207922
1078,"('that', 'be', 'why', 'I')",11.611127607206761
1079,"('I', 'long', 'to', 'do')",11.60135773886281
1080,"('the', 'form', 'of', 'a')",11.60029675468867
1081,"('', 'do', 'not', 'be')",11.57848194848593
1082,"('that', 'you', 'do', 'no')",11.563115565549658
1083,"(""'s"", 'a', 'it', ""'s"")",11.562771148010626
1084,"('in', 'the', 'air', 'and')",11.558656116578206
1085,"('I', 'want', 'you', 'to')",11.5445824774852
1086,"('we', 'know', 'of', 'a')",11.524307023563736
1087,"('in', 'the', 'name', 'of')",11.523082345897706
1088,"('say', 'I', '', 'do')",11.518039565642823
1089,"('I', 'think', 'I', 'can')",11.5002347050603
1090,"('it', 'come', 'to', 'i')",11.499715848277646
1091,"('be', 'aware', 'of', 'the')",11.493351430620145
1092,"('I', 'do', 'not', 'come')",11.492618978267288
1093,"('he', '', 'have', 'not')",11.490915463282185
1094,"('get', 'there', 'it', 'be')",11.48864834969978
1095,"('do', 'not', 'you', 'go')",11.486774702787784
1096,"('that', 'I', '', 'can')",11.482675473527145
1097,"('but', 'he', 'do', 'not')",11.473903363983304
1098,"('and', '', 'do', 'not')",11.472538974704669
1099,"('you', '', 'have', 'not')",11.468088871588364
1100,"('in', 'the', 'morning', 'I')",11.468004688241393
1101,"('the', 'top', 'of', 'it')",11.432469128546913
1102,"('it', '', 'be', 'not')",11.421565096554623
1103,"('be', 'at', 'the', 'same')",11.409623930785244
1104,"('I', '', 'have', 'not')",11.39482660207537
1105,"('I', 'go', 'with', 'you')",11.375353654489665
1106,"('of', 'the', 'kitchen', 'and')",11.36970645510543
1107,"('she', 'say', 'to', 'her')",11.307591813054508
1108,"('', 'have', 'not', 'they')",11.278662690644154
1109,"('they', '', 'have', 'not')",11.278662690644154
1110,"('in', 'the', 'dead', 'of')",11.274403233040978
1111,"('give', 'it', 'to', 'he')",11.253535443360349
1112,"('', 'be', 'not', 'so')",11.250907290457434
1113,"('and', 'there', 'be', 'no')",11.173037439176092
1114,"('to', 'the', 'front', 'of')",11.160252190083447
1115,"('time', 'there', 'be', 'a')",11.157692437100359
1116,"('that', 'I', '', 'do')",11.145640486249576
1117,"('and', '', 'can', 'not')",11.131502056869614
1118,"('but', 'I', 'can', 'not')",11.129886989332903
1119,"('there', 'be', 'a', 'man')",11.128021570424018
1120,"('', 'do', 'not', 'I')",11.112426871374645
1121,"('the', 'thing', 'to', 'do')",11.108345614371473
1122,"('and', 'do', 'not', 'know')",11.102709334605677
1123,"('when', 'the', 'house', 'be')",11.081993476533697
1124,"('not', 'seem', 'to', 'be')",11.080811549414733
1125,"('but', 'I', 'do', 'not')",11.055886407889126
1126,"('of', 'the', 'rest', 'of')",11.054988290841152
1127,"('the', 'end', 'of', 'the')",11.052194165126963
1128,"('it', 'must', 'have', 'be')",11.014037406344066
1129,"('in', 'the', 'light', 'of')",10.99807200459373
1130,"('of', 'light', 'in', 'the')",10.99807200459373
1131,"('of', 'i', 'it', ""'s"")",10.99390742847745
1132,"('as', 'if', 'it', 'be')",10.970102086493661
1133,"('do', 'the', 'thing', 'that')",10.954817956649627
1134,"('and', 'we', 'can', 'have')",10.9454422797672
1135,"('do', 'do', 'you', 'do')",10.945239864584224
1136,"('get', 'out', 'of', 'the')",10.938697937855068
1137,"('I', 'come', 'to', 'my')",10.845312707233127
1138,"('to', 'the', 'foot', 'of')",10.843778525288194
1139,"('he', 'give', 'it', 'to')",10.838497944081503
1140,"('the', 'shape', 'of', 'the')",10.797380266098138
1141,"('they', '', 'be', 'not')",10.787219448256167
1142,"('I', 'have', 'be', 'tell')",10.78376474394964
1143,"('they', 'think', 'you', 'be')",10.781971547232288
1144,"('I', 'be', 'go', 'to')",10.768833731820031
1145,"('you', 'do', 'the', 'thing')",10.760117269182224
1146,"('of', 'course', 'I', 'be')",10.750122550798132
1147,"('on', 'the', 'back', 'of')",10.746556489055678
1148,"('if', 'there', 'be', 'a')",10.712984071145172
1149,"('be', 'not', 'the', 'point')",10.691089299784608
1150,"('to', 'tell', 'you', 'that')",10.684568615021263
1151,"('it', 'seem', 'to', 'be')",10.679745769904443
1152,"('at', 'the', 'back', 'of')",10.673887421357449
1153,"('and', 'the', 'rest', 'of')",10.661169269265734
1154,"('that', 'I', 'have', 'never')",10.639927418068801
1155,"('at', 'all', 'it', 'be')",10.631608857312074
1156,"('I', 'have', 'ever', 'be')",10.626439779286969
1157,"('you', 'be', 'a', 'friend')",10.609442378508128
1158,"('I', 'do', 'not', 'say')",10.607458781892902
1159,"('come', 'to', 'i', 'and')",10.604680620574236
1160,"('he', '', 'be', 'not')",10.58443472161536
1161,"('but', 'there', 'be', 'a')",10.58078220867393
1162,"('be', 'there', 'to', 'see')",10.560149261752649
1163,"('the', 'side', 'of', 'the')",10.549142862192419
1164,"('', 'have', 'not', 'be')",10.5389535842993
1165,"('leave', 'it', 'in', 'the')",10.51927968590919
1166,"('long', 'have', 'you', 'be')",10.509731105155893
1167,"('go', 'up', 'to', 'the')",10.494255561616704
1168,"('I', 'be', 'try', 'to')",10.492343045506829
1169,"('and', 'then', 'with', 'a')",10.405877674062097
1170,"('and', 'you', '', 'do')",10.404161306503696
1171,"('I', 'think', 'you', 'have')",10.389578701051484
1172,"('I', 'have', 'never', 'have')",10.381930200481811
1173,"('it', 'may', 'have', 'be')",10.379086769791236
1174,"('see', 'that', 'it', 'be')",10.340690984597991
1175,"('it', '', 'have', 'not')",10.328045838221456
1176,"('not', 'want', 'to', 'be')",10.324127720634024
1177,"('I', 'have', 'tell', 'he')",10.320689123653686
1178,"('I', 'have', 'come', 'to')",10.31790379179008
1179,"('not', 'think', 'it', 'be')",10.314769862289417
1180,"('the', 'back', 'of', 'his')",10.30025141964476
1181,"('see', 'that', 'they', 'be')",10.291307837020696
1182,"('i', 'out', 'of', 'the')",10.268886174570987
1183,"('from', 'one', 'to', 'the')",10.254338730344053
1184,"('we', 'be', 'go', 'to')",10.253336050761988
1185,"('to', 'give', 'you', 'a')",10.243707340284466
1186,"('I', 'think', 'it', 'be')",10.243519252466825
1187,"('it', 'be', 'do', 'by')",10.222624028155487
1188,"('the', 'front', 'of', 'the')",10.1987428284799
1189,"('', 'have', 'not', 'have')",10.182399920132333
1190,"('seem', 'to', 'be', 'a')",10.178171085692618
1191,"('that', 'I', 'can', 'not')",10.157057190498378
1192,"('be', 'not', 'go', 'to')",10.15202834795737
1193,"('he', 'may', 'have', 'be')",10.12691889557312
1194,"('the', 'stair', 'to', 'the')",10.079048602275613
1195,"('be', 'the', 'sort', 'of')",10.058414373903595
1196,"('you', 'do', 'do', 'it')",10.05135741848671
1197,"('', 'be', 'not', 'they')",10.05025385408996
1198,"('and', 'he', 'put', 'the')",10.04556945407051
1199,"('be', 'a', 'friend', 'I')",10.02160693616537
1200,"('to', 'the', 'window', 'and')",10.002500526741557
1201,"('I', 'have', 'get', 'to')",9.983786287894809
1202,"('the', 'thing', 'that', 'you')",9.978586122582577
1203,"('the', 'time', 'of', 'his')",9.978323324757397
1204,"('you', 'do', 'do', 'you')",9.969008030517173
1205,"('I', 'say', 'to', 'my')",9.960152510858734
1206,"('that', '', 'be', 'not')",9.948953895331336
1207,"('the', 'sound', 'of', 'the')",9.932309846184246
1208,"('leave', 'you', 'be', 'the')",9.918912901352606
1209,"('too', 'it', 'be', 'a')",9.879576553329521
1210,"('I', 'be', 'not', 'go')",9.853394481040645
1211,"('in', 'and', 'out', 'of')",9.847462685108987
1212,"('I', '', 'be', 'not')",9.84448967063382
1213,"('it', 'be', 'the', 'first')",9.835369041898893
1214,"('that', 'I', 'do', 'not')",9.820022203220802
1215,"('that', 'there', 'be', 'a')",9.800597487781808
1216,"('do', 'for', 'you', 'and')",9.798632201846722
1217,"('because', 'it', 'be', 'the')",9.795258828524737
1218,"('it', ""'s"", 'a', 'it')",9.779570735752543
1219,"('of', 'the', 'house', 'and')",9.778891228138825
1220,"('you', 'think', 'you', 'be')",9.749005306840054
1221,"('do', 'not', 'have', 'a')",9.730635131734289
1222,"('it', 'be', 'a', 'very')",9.729191738282857
1223,"('I', 'have', 'but', 'that')",9.727643563690052
1224,"('he', 'seem', 'to', 'be')",9.690612301520119
1225,"('and', 'he', 'know', 'that')",9.667944534277616
1226,"('out', 'on', 'to', 'the')",9.646011872877374
1227,"('and', 'I', 'think', 'you')",9.64018939143719
1228,"('you', 'be', 'in', 'my')",9.63765583228247
1229,"('I', 'will', 'not', 'have')",9.625887467825258
1230,"('to', 'do', 'with', 'it')",9.62244973103423
1231,"('a', 'it', ""'s"", 'a')",9.59992414642808
1232,"('the', 'light', 'of', 'the')",9.573516457545018
1233,"('you', 'that', 'you', 'will')",9.57326746099632
1234,"('you', 'will', 'not', 'be')",9.570276574334969
1235,"('I', 'have', 'never', 'be')",9.568558863206462
1236,"('it', 'be', 'only', 'a')",9.535818210417943
1237,"('it', 'be', 'not', 'so')",9.52422322791837
1238,"('', 'be', 'not', 'it')",9.514674500946114
1239,"('do', 'not', 'have', 'to')",9.498088773165833
1240,"('you', 'be', 'the', 'thing')",9.492180068441385
1241,"('it', 'be', 'a', 'little')",9.490651894369812
1242,"('how', 'be', 'I', 'to')",9.487726417436456
1243,"('I', 'know', 'that', 'I')",9.474777975574554
1244,"('that', 'I', 'will', 'not')",9.468847186133395
1245,"('it', 'I', 'do', 'not')",9.38574280883558
1246,"('if', 'it', 'be', 'a')",9.384019045878588
1247,"('one', 'of', 'they', 'be')",9.365055635443987
1248,"('know', 'that', 'you', 'be')",9.358743493586296
1249,"('', 'be', 'not', 'a')",9.335027911621651
1250,"('and', 'I', 'do', 'not')",9.298062503189769
1251,"('and', 'there', 'be', 'a')",9.25264257921782
1252,"('she', 'be', 'go', 'to')",9.23831901512127
1253,"('in', 'one', 'of', 'the')",9.236825775224496
1254,"('have', 'come', 'to', 'a')",9.223479532056764
1255,"('I', 'have', 'get', 'a')",9.216332646463272
1256,"('', 'be', 'not', 'that')",9.211988301165128
1257,"('but', 'I', 'be', 'not')",9.202986706427154
1258,"('may', 'have', 'be', 'a')",9.19944018046678
1259,"('I', 'think', 'you', 'be')",9.161169864497289
1260,"('he', 'be', 'go', 'to')",9.136224614844252
1261,"('I', 'be', 'here', 'to')",9.13388907459435
1262,"('and', 'have', 'a', 'look')",9.11903229879266
1263,"('he', 'be', 'about', 'to')",9.105649800798965
1264,"('you', 'be', 'go', 'to')",9.083650679756381
1265,"('go', 'to', 'have', 'to')",9.075325360778677
1266,"('that', 'you', 'have', 'not')",9.046401186489568
1267,"('you', 'and', 'I', 'go')",9.041643918443114
1268,"('you', 'can', 'have', 'be')",9.0337029759879
1269,"('but', 'I', 'have', 'not')",9.016358043702496
1270,"('I', 'be', 'about', 'to')",9.009560939592149
1271,"('the', 'eye', 'of', 'the')",9.007800045768512
1272,"('the', 'back', 'of', 'a')",9.005935555965266
1273,"('and', 'you', '', 'have')",8.949595443038206
1274,"('there', 'have', 'be', 'a')",8.86452836508218
1275,"('when', 'he', 'have', 'be')",8.854978936517433
1276,"('be', 'the', 'thing', 'to')",8.840408413630648
1277,"('on', 'you', 'be', 'in')",8.839587255194601
1278,"('to', 'the', 'other', 'of')",8.816710282090028
1279,"('I', 'will', 'have', 'to')",8.812628740422042
1280,"('can', 'not', 'have', 'be')",8.780152549301526
1281,"('it', 'be', 'of', 'no')",8.763960247152504
1282,"('that', 'be', 'all', 'I')",8.75539505187222
1283,"('the', 'door', 'of', 'the')",8.707494762580936
1284,"('it', 'but', 'I', 'have')",8.615292264192199
1285,"('it', 'be', 'the', 'only')",8.604796896079733
1286,"('say', 'he', 'and', 'he')",8.583324410457742
1287,"('if', 'you', 'be', 'a')",8.564704063742845
1288,"('that', 'he', '', 'be')",8.558754647436722
1289,"('that', 'she', 'be', 'not')",8.55762318602141
1290,"('for', 'you', 'and', 'I')",8.556493020324282
1291,"('it', 'will', 'have', 'be')",8.520951763983945
1292,"('that', 'be', 'what', 'I')",8.518745550973314
1293,"('of', 'all', 'that', 'be')",8.509326176777662
1294,"('will', 'not', 'have', 'be')",8.50698004421539
1295,"('that', 'he', 'have', 'not')",8.461545200962142
1296,"('be', 'go', 'to', 'have')",8.43539164891564
1297,"('you', 'to', 'do', 'it')",8.423353929608922
1298,"('to', 'i', 'that', 'I')",8.419968648752658
1299,"('it', 'be', 'one', 'of')",8.41443878302129
1300,"('that', 'it', 'will', 'be')",8.363911482292082
1301,"('do', 'you', 'do', 'the')",8.35572701410289
1302,"('he', 'be', 'the', 'only')",8.352629021861617
1303,"('have', 'not', 'be', 'for')",8.348461978921172
1304,"('to', 'be', 'a', 'man')",8.327969908210946
1305,"('be', 'one', 'of', 'the')",8.303770879358616
1306,"('but', 'I', 'have', 'to')",8.296208720690771
1307,"('that', 'you', 'will', 'be')",8.281562094322545
1308,"('there', 'it', 'be', 'a')",8.273208689005095
1309,"('I', 'can', 'not', 'be')",8.255613637078362
1310,"('it', 'will', 'be', 'a')",8.223916686914826
1311,"('what', 'have', 'to', 'be')",8.196812120918345
1312,"('be', 'out', 'in', 'the')",8.174028959913258
1313,"('be', 'go', 'to', 'it')",8.166000067725925
1314,"('go', 'to', 'it', 'be')",8.166000067725925
1315,"('and', 'that', 'be', 'all')",8.115507155202252
1316,"('that', 'he', 'will', 'be')",8.111743608073965
1317,"('it', 'be', 'a', 'it')",8.081747187488432
1318,"('the', 'back', 'of', 'the')",8.074914241627042
1319,"('it', 'but', 'it', 'be')",8.057068257950306
1320,"('to', 'he', 'by', 'the')",8.020877015319073
1321,"('to', 'you', 'to', 'say')",8.017066413788449
1322,"('the', 'hand', 'of', 'the')",8.013773946813146
1323,"('the', 'man', 'have', 'be')",7.9854237185638794
1324,"('I', 'will', 'not', 'be')",7.982441131992225
1325,"('that', 'he', 'be', 'not')",7.970101958574162
1326,"('he', 'say', 'it', 'be')",7.941435258457112
1327,"('I', 'shall', 'be', 'the')",7.929523189094638
1328,"('to', 'do', 'with', 'the')",7.92681932665041
1329,"('I', 'say', 'to', 'he')",7.911184140007855
1330,"('it', 'be', 'I', 'can')",7.854547857568058
1331,"('be', 'out', 'of', 'the')",7.850778206728897
1332,"('say', 'it', 'be', 'a')",7.844031541908464
1333,"('that', 'I', 'be', 'not')",7.8151194083137625
1334,"('out', 'to', 'be', 'a')",7.811929090248633
1335,"('he', 'be', 'in', 'his')",7.808426200256264
1336,"('do', 'not', 'have', 'the')",7.799613817396079
1337,"('i', 'that', 'I', 'be')",7.780034936889621
1338,"('have', 'go', 'to', 'the')",7.698778499896285
1339,"('to', 'get', 'to', 'the')",7.632899994965918
1340,"('of', 'one', 'of', 'the')",7.591646927152773
1341,"('the', 'house', 'and', 'the')",7.584477029883011
1342,"('that', 'it', 'be', 'a')",7.542021790406608
1343,"('we', 'be', 'in', 'the')",7.50755538021388
1344,"('it', 'be', 'not', 'that')",7.485304238626071
1345,"('that', 'it', 'be', 'not')",7.485304238626071
1346,"('he', 'on', 'to', 'the')",7.4701094344815075
1347,"('and', 'there', 'be', 'the')",7.447152146963461
1348,"('', 'be', 'not', 'the')",7.404006597283448
1349,"('to', 'one', 'of', 'the')",7.358742090500506
1350,"('it', 'be', 'not', 'a')",7.3453094432488015
1351,"('that', 'he', 'have', 'a')",7.295870331406235
1352,"('as', 'you', 'be', 'a')",7.268330727059592
1353,"('be', 'go', 'to', 'be')",7.206982812361453
1354,"('I', 'go', 'to', 'the')",7.174239587673121
1355,"('a', 'it', 'be', 'a')",7.027631480247848
1356,"('I', 'have', 'not', 'be')",6.9721596900056255
1357,"('what', 'be', 'to', 'be')",6.9684032843641575
1358,"('and', 'go', 'to', 'the')",6.949389190281998
1359,"('be', 'go', 'to', 'the')",6.885407162620943
1360,"('that', 'I', 'have', 'a')",6.877853375312057
1361,"('that', 'he', 'be', 'a')",6.804427089018262
1362,"('I', 'be', 'not', 'a')",6.675124612936507
1363,"('that', 'I', 'be', 'a')",6.649444538757862
1364,"('I', 'have', 'have', 'a')",6.619856157725074
1365,"('have', 'be', 'on', 'the')",6.521660179468618
1366,"('it', 'have', 'be', 'a')",6.47666965076202
1367,"('be', 'a', 'it', 'be')",6.418185815650141
1368,"('he', 'be', 'not', 'a')",6.356175974864485
1369,"('I', 'be', 'in', 'the')",6.33499706758667
1370,"('you', 'that', 'I', 'be')",6.331704240833936
1371,"('and', 'I', 'be', 'not')",6.222770380391346
1372,"('you', 'it', 'be', 'a')",6.124928681602761
1373,"('it', 'have', 'to', 'be')",6.0921201987485105
1374,"('have', 'be', 'in', 'the')",6.011539073254895
1375,"('be', 'to', 'be', 'do')",5.75759380829183
1376,"('I', 'be', 'in', 'a')",5.68105588120374
1377,"('he', 'be', 'in', 'the')",5.583089022238546
1378,"('to', 'it', 'be', 'a')",5.47315702679203
1379,"('I', 'be', 'not', 'the')",5.422175203710935
1380,"('I', 'have', 'to', 'be')",5.421935368436216
