,trigram,PMI
0,"('yip', 'yip', 'yip')",27.40585577210892
1,"('body', 'burning', 'Desolate')",26.657064742545927
2,"('quality', 'control', 'team')",26.43585051240676
3,"('Instructor', 'Brad', 'Osgood')",26.23791113479485
4,"('Merge', 'A', '8')",25.88427418018015
5,"('Aah', 'Aah', 'Aah')",25.54632704876833
6,"('Hello', 'hello', 'hello')",24.59191920067613
7,"('low', 'Hello', 'hello')",24.176881701397285
8,"('num', 'num', 'num')",23.557529068995017
9,"('c', 'sub', '-m')",23.122433917374913
10,"('E', 'F', 'G')",23.062379709854568
11,"('honor', 'code', 'violation')",22.97899283743329
12,"('mag', 'ang', 'r')",22.865534787650006
13,"('A', '8', 'b')",22.636346666736564
14,"('mile', 'per', 'hour')",22.264747319767167
15,"('“I', '’m', 'sorry')",22.242027243267078
16,"('>', '<', '>')",22.22054751585663
17,"('<', '>', '<')",22.16992144278666
18,"('good', 'essay', 'writer')",22.151536709319174
19,"('Chok', 'from', 'intoxication')",22.128493423675167
20,"('anticipation', 'Chok', 'from')",22.128493423675167
21,"('their', 'body', 'burning')",22.112744226322114
22,"('me', 'oh', 'baby')",21.46647040416829
23,"('else', 'error', 'unknown')",21.20703182191088
24,"('mag', 'ang', 'magnitude')",21.00813918309281
25,"('Conseil', 'reply', 'serenely')",20.99446858623114
26,"('4', '5', '6')",20.951086840863404
27,"('sqrt', '+', 'square')",20.91044485636606
28,"('finger', 'get', 'burnt')",20.85815511921627
29,"('denom', 'x', 'denom')",20.80986955595653
30,"('make', 'vect', '1.0')",20.73649921004033
31,"('map', '<', '>')",20.594943030638127
32,"('die', 'die', 'die')",20.571551635861884
33,"('how', 'low', 'Hello')",20.546404541423765
34,"('make', 'vect', '0.0')",20.473464804206536
35,"('3', '4', '5')",20.436513668033648
36,"('8', 'b', '3')",20.405021120630106
37,"('young', 'finger', 'get')",20.273192618495113
38,"('o', ""'"", 'clock')",20.252392355310757
39,"('from', 'mag', 'ang')",20.12849342367517
40,"('burning', 'Desolate', 'and')",19.827215182701234
41,"('dying', 'of', 'anticipation')",19.664749490684727
42,"('of', 'anticipation', 'Chok')",19.664749490684727
43,"('b', '3', 'Celsius')",19.646029220133904
44,"('datum', 'direct', 'programming')",19.621440832815203
46,"('hello', 'how', 'low')",19.54640454142376
45,"('hello', 'hello', 'how')",19.54640454142376
47,"('Horner', ""'s"", 'rule')",19.538111808041453
48,"('of', 'yearning', 'dying')",19.442357069348283
49,"('yearning', 'dying', 'of')",19.442357069348283
50,"('general', 'periodic', 'phenomena')",19.3715568356106
51,"('sum', 'od', 'square')",19.248352881516496
52,"('apply', 'generic', 'op')",19.197633123908627
53,"('Captain', 'Nemo', 'reply')",19.12474778321316
54,"('t', 'd', 't')",19.073098732466757
55,"('cond', 'null', 'set')",18.99308992559674
56,"('It', ""'s"", 'Friday')",18.93666118453173
57,"('complex', 'z1', 'z2')",18.882277682944753
58,"('period', 'many', 'frequency')",18.806616356996884
59,"('k', 'minus', 'm')",18.769720516325048
60,"('enumerate', 'interval', '1')",18.74195364013244
61,"('set', 'cond', 'null')",18.730055519762946
62,"('author', ""'s"", 'note')",18.71661270366358
63,"('free', 'late', 'day')",18.71509994002945
64,"('op', 'type', 'tag')",18.680884434221873
65,"('stranger', 'in', 'Moscow')",18.647436041348147
66,"('die', 'my', 'darling')",18.33256270399474
67,"('z1', 'z2', 'make')",18.291714367367433
68,"('denial', 'a', 'denial')",18.238778399648673
69,"('2', '3', '4')",18.133950898013214
70,"('x', 'denom', 'y')",18.098899170323268
71,"('N', 'land', 'reply')",18.09610091844448
72,"('say', '“I', '’m')",18.0557078035741
73,"('Desolate', 'and', 'full')",18.049607604037682
74,"('k', 'equal', 'minus')",18.046238151522463
75,"('figure', '2', '10')",18.021346622214878
76,"('bor', 'to', 'tear')",17.99785371847774
77,"('sad', 'but', 'true')",17.978348920867862
78,"('don', '’t', 'know')",17.956480906224712
79,"('mag', 'ang', ""'"")",17.781612304104915
80,"('lambdum', 'x', 'y')",17.77109450909924
81,"('mean', 'square', 'convergence')",17.672501431495093
82,"('full', 'of', 'yearning')",17.664749490684727
83,"('pi', 'k', 't')",17.602402287733643
84,"('don', '’t', 'want')",17.405036572751513
85,"('k', 't', 'plus')",17.393815665922226
86,"('scheme', 'number', 'scheme')",17.370804032113632
87,"('equal', 'minus', 'n')",17.36660573242221
88,"('this', 'underwater', 'boat')",17.284510574588595
89,"('love', 'i', 'Papa')",17.284162379876395
90,"('imag', 'x', 'y')",17.26239790260615
91,"('split', 'painter', 'n')",17.258577552526962
92,"('z', 'cdr', 'z')",17.24737075104719
93,"('now', 'entertain', 'us')",17.179711215911365
94,"('ai', 'not', 'happy')",17.171147286212346
95,"('infinity', 'to', 'infinity')",17.09738939202865
96,"('imag', 'part', 'rectangular')",17.04182923071097
97,"('1', '2', '3')",16.998163846852307
98,"('minus', 'two', 'pi')",16.953182351095567
99,"('make', 'real', 'imag')",16.91274984973206
100,"('and', 'touch', 'faith')",16.879682602595373
101,"('list', '3', '4')",16.856904401806695
102,"('x', 'y', 'tag')",16.849985872734127
103,"('transform', 'painter', 'painter')",16.821405893963938
104,"('shake', 'my', 'head')",16.786267711605078
105,"('interval', 'from', 'zero')",16.72083545476192
106,"('see', 'their', 'body')",16.715528004130515
107,"('the', 'quality', 'control')",16.695226467917344
108,"('ai', 'not', 'easy')",16.67364762674153
109,"('fall', 'away', 'from')",16.62069878347647
110,"('real', 'imag', 'x')",16.576152066047808
111,"('feeling', 'glad', 'I')",16.5309060383086
112,"('0', 'make', 'vect')",16.519268493819663
113,"('z', 'car', 'z')",16.447669401533023
114,"('in', 'figure', '2.9')",16.417568499449555
115,"('of', 'T', 'knot')",16.369566251029898
116,"('z', 'define', 'angle')",16.353080192218307
117,"('F', 'hat', 'of')",16.347983100913147
118,"('part', 'z1', 'real')",16.31761554395361
119,"('real', 'part', 'z1')",16.31761554395361
120,"('real', 'part', 'z2')",16.31761554395361
121,"('z1', 'real', 'part')",16.31761554395361
122,"('adjoin', 'set', 'x')",16.26318504186777
123,"('Karel', 'the', 'Robot')",16.238368792943874
124,"('Rosalie', 'and', 'Emmett')",16.22517916862114
125,"('make', 'from', 'mag')",16.15546047127544
126,"('part', 'rectangular', 'z')",16.103229775375112
127,"('two', 'pi', 'k')",16.09861279061713
128,"('wall', 'from', 'behind')",16.088477744827287
129,"('real', 'part', 'z')",16.086835337124445
130,"('x', 'entry', 'set')",16.031859495761314
131,"('be', 'feeling', 'glad')",15.97737353238368
132,"('+', 'x', '3')",15.975209635063582
133,"('ang', 'r', 'a')",15.973317256420337
134,"('you', 'section', 'leader')",15.969904957424337
135,"('two', 'pi', 't')",15.95098813768265
136,"('cdr', 'z', 'define')",15.938042692939462
137,"('define', 'angle', 'z')",15.938042692939462
138,"('it', 'doesn', '’t')",15.929241507905328
139,"('x', 'y', 'put')",15.898080160935173
140,"('pi', 'I', 'KT')",15.897033937106496
141,"('x', 'y', 'con')",15.88833218438361
142,"('define', 'magnitude', 'z')",15.885575273045326
143,"('z', 'define', 'magnitude')",15.885575273045326
144,"('die', 'die', 'my')",15.87313108535744
145,"('a', 'deep', 'breath')",15.864382884867172
146,"('Abraham', 'Lincoln', ""'s"")",15.811130302447868
147,"('little', 'bit', 'more')",15.80286719110531
148,"('It', ""'s"", 'come')",15.800524496545698
149,"('x', 'set', 'cond')",15.768825089927521
150,"('sum', 'k', 'equal')",15.768457160319485
151,"('a', 'jump', 'discontinuity')",15.764847211316262
152,"('that', 'empty', 'wall')",15.76439790303823
153,"('selector', 'and', 'constructor')",15.76420538517543
154,"('through', 'my', 'vein')",15.7572503733073
155,"('the', 'Abraham', 'Lincoln')",15.752315660124165
156,"('cry', 'to', 'me')",15.746314951481772
157,"('pi', 'i', 'm')",15.732366743090441
158,"('manipulate', 'complex', 'number')",15.726158481027468
159,"('come', 'on', 'It')",15.679817533590185
160,"('i', 'm', 't')",15.66963098774248
161,"('I', 'won', '’t')",15.654177413210334
162,"('a', 'whole', 'bunch')",15.653815898927515
163,"('behind', 'that', 'empty')",15.60474123704974
164,"('Ne', 'land', ""'s"")",15.589811714462737
165,"('how', 'many', 'people')",15.583012503024893
166,"('real', 'part', 'rectangular')",15.48111427623649
167,"('y', '+', 'x')",15.463310596532143
168,"('whole', 'bunch', 'of')",15.45418250474507
169,"('a', 'finite', 'approximation')",15.431423477591071
170,"('sine', 'and', 'cosine')",15.410197319294152
171,"('f', 'of', 'T')",15.34511320730536
172,"('accept', 'the', 'existence')",15.31236937438765
173,"('one', 'period', 'many')",15.252027505319244
174,"('feel', 'real', 'love')",15.24577893785267
175,"('will', 'never', 'exist')",15.215564663566866
176,"('x', 'y', '+')",15.20027619069835
177,"('show', 'must', 'go')",15.19570808304153
178,"('different', 'from', 'm')",15.15203158641259
179,"('car', 'z', 'define')",15.138341343425292
180,"('apply', 'generic', ""'"")",15.123109338365786
181,"('pi', 'i', 'k')",15.114237378434083
182,"('z2', 'make', 'real')",15.105394927674453
183,"('I', 'don', '’t')",15.087136820486446
184,"('hat', 'of', 'k')",15.065140213999175
185,"('matter', 'of', 'fact')",15.038668002637984
186,"('to', 'me', 'oh')",14.996293204490119
187,"('sequence', 'exercise', '2')",14.982943109913531
188,"('no', 'matter', 'how')",14.969199203395263
189,"('list', '1', '2')",14.952891008276541
190,"('little', 'bit', 'about')",14.940676402967608
191,"('a', 'few', 'minute')",14.888281152564538
192,"('not', 'fall', 'away')",14.773535563764074
193,"('a', 'data', 'object')",14.756626704511294
194,"('painter', ""'s"", 'image')",14.72248927000025
195,"('minus', 'infinity', 'to')",14.714919755206239
196,"('2', 'list', '3')",14.69807710924771
197,"('magnitude', 'and', 'angle')",14.657290181258922
198,"('two', 'pi', 'i')",14.64339547402491
199,"('get', 'sunshine', 'in')",14.643343286714263
200,"('complex', 'number', 'system')",14.638695639777133
201,"('x', 'y', 'define')",14.625905101244907
202,"('y', 'put', ""'"")",14.606788503249764
203,"('z', 'real', 'part')",14.6014085099542
204,"('part', 'z', 'define')",14.592267856097735
205,"('f', 'hat', 'of')",14.536644664937047
206,"('from', 'minus', 'n')",14.536570421223804
207,"('and', 'imaginary', 'part')",14.533907765753643
208,"('value', 'of', 'T')",14.525685452947176
209,"('cut', 'it', 'off')",14.445002681659346
210,"('number', 'scheme', 'number')",14.3840601288159
211,"('derfourth', ""'"", 'x')",14.37277569102898
212,"('real', 'and', 'imaginary')",14.359609632618238
213,"('from', 'k', 'equal')",14.326669607590791
214,"('show', 'in', 'figure')",14.311369095617636
215,"('i', 'k', 'minus')",14.264262822438688
216,"('sery', 'be', 'converge')",14.250392026790095
217,"('f', 'of', 't')",14.222370142593114
218,"('across', 'the', 'street')",14.211821638332317
219,"('i', 'k', 't')",14.189005146836056
220,"('of', 'step', 'require')",14.150176317854967
221,"(""'"", 'scheme', 'number')",14.109511734965068
222,"('at', 'each', 'step')",14.094298986482393
223,"('a', 'little', 'bit')",14.063940299181162
224,"('you', 'don', '’t')",14.022504317054345
225,"('take', 'two', 'argument')",14.018138876431575
226,"('a', 'honor', 'code')",14.016385978312226
227,"('define', 'real', 'part')",13.970152356959112
228,"('on', 'It', ""'s"")",13.951768076921933
229,"('of', 'k', 'E')",13.932945601634298
230,"('I', 'get', 'sunshine')",13.92536266016499
231,"('time', 'to', 'market')",13.917683369793753
232,"('define', 'part', 'z')",13.914195950985096
233,"('z', 'define', 'part')",13.914195950985096
234,"('', 'ai', 'not')",13.880857332440467
235,"('the', 'sign', 'flow')",13.875798713559167
236,"('a', 'b', 'c')",13.875373668785155
237,"('k', 'E', 'to')",13.851012330148464
238,"('useless', 'but', 'not')",13.813181368224363
239,"('a', 'few', 'moment')",13.805818992372565
240,"('the', 'sery', 'converge')",13.782689309167687
241,"('a', 'good', 'essay')",13.773892350919265
242,"('’m', 'you', 'dream')",13.691986314504565
243,"('go', 'along', 'with')",13.598555792797157
244,"('the', 'fundamental', 'question')",13.58629209636418
245,"('rather', 'than', 'as')",13.514390932334308
246,"('you', '’re', 'gonnon')",13.498283929779124
247,"('be', 'now', 'entertain')",13.495504524626625
248,"('until', 'you', 'love')",13.480159061131452
249,"('the', 'honor', 'code')",13.460761214280325
250,"('see', 'from', 'behind')",13.438495452255722
251,"('little', 'by', 'little')",13.427959831427959
252,"('keep', 'in', 'mind')",13.41338070248612
253,"('painter', 'that', 'draw')",13.40680185943783
254,"('z', 'define', 'make')",13.38004723981858
255,"('call', 'my', 'name')",13.367240155627485
256,"('’m', 'you', 'pain')",13.360780406029193
257,"('or', 'at', 'least')",13.339150858351111
258,"('how', 'many', 'time')",13.3199780971911
259,"('imaginary', 'part', 'and')",13.311515344417192
260,"('take', 'as', 'argument')",13.289360919589917
261,"('left', 'behind', 'that')",13.23715090017335
262,"('from', 'section', '2')",13.234541883774149
263,"('meter', 'long', 'and')",13.203699441210684
264,"('rectangular', 'and', 'polar')",13.190738523292111
265,"('1', '2', 'list')",13.145536086218936
266,"('of', 'datum', 'abstraction')",13.141187534627718
267,"('mean', 'of', 'combination')",13.136714058048405
268,"('Edward', ""'s"", 'face')",13.134259055445177
269,"('interval', 'of', 'length')",13.091282628801402
270,"('define', 'make', 'real')",13.079859835567316
271,"('in', 'rectangular', 'form')",13.07069404743196
272,"('take', 'advantage', 'of')",13.039301556390466
273,"('y', 'define', 'make')",13.029140077959447
274,"('the', 'front', 'door')",13.022862757192662
275,"('in', 'polar', 'form')",13.014110519065593
276,"('sum', 'from', 'k')",13.008811177012475
277,"('part', 'put', ""'"")",12.99797926057424
278,"('go', 'from', 'minus')",12.98732467073927
279,"('in', 'figure', '2')",12.985722712484158
280,"('sign', 'up', 'for')",12.984113303465882
281,"('need', 'you', 'baby')",12.942471269825699
282,"(""'"", 'll', 'never')",12.940554612013813
283,"('square', 'of', 'four')",12.939609331915314
284,"('more', 'than', 'one')",12.930803227139712
285,"('glad', 'I', 'get')",12.92536266016499
286,"('seem', 'to', 'understand')",12.914437710290098
287,"('minus', 'n', 'to')",12.897783812356053
288,"('do', 'not', 'cry')",12.88341550921292
289,"('guess', 'I', 'need')",12.812087790852654
290,"('a', 'finite', 'sum')",12.811814834063021
291,"('as', 'far', 'as')",12.807892290043725
292,"('I', '’m', 'gonnon')",12.803924532715016
293,"('permit', 'us', 'to')",12.801456505674235
294,"('long', 'the', 'future')",12.794762141468258
295,"('he', 'told', 'i')",12.77090134450943
296,"('many', 'people', 'have')",12.76215172640746
297,"('find', 'it', 'hard')",12.744004379697202
298,"('the', 'continuous', 'case')",12.738295189809229
299,"('in', 'some', 'sense')",12.703551238257429
300,"('future', 'be', 'come')",12.699217839525218
301,"('touch', 'i', 'if')",12.691025947709537
302,"('', 'do', 'not')",12.67880442831655
303,"('the', 'Canadian', 'reply')",12.654879181621595
304,"('periodic', 'of', 'period')",12.650011638362802
305,"('term', 'of', 'sine')",12.646827582687468
306,"('we', '’ll', 'see')",12.638005953932026
307,"('for', 'some', 'reason')",12.635768151658407
308,"('star', 'at', 'i')",12.613237946903503
309,"(""'"", 'x', 'y')",12.609337885501585
310,"('feel', 'how', 'do')",12.594809435956265
311,"('a', 'single', 'word')",12.591719777835603
312,"('function', 'be', 'continuous')",12.569505106070402
313,"('in', 'contact', 'with')",12.550224759684685
314,"(""'"", 'clock', 'in')",12.52044483591117
315,"('not', 'worry', 'about')",12.47815238023242
316,"('the', 'unit', 'square')",12.475260783975436
317,"('a', 'very', 'important')",12.463259564713074
318,"('as', 'soon', 'as')",12.445322210659015
319,"('can', 'touch', 'i')",12.429739204162018
320,"('all', 'at', 'once')",12.409963727352597
321,"('a', 'Huffman', 'tree')",12.3932883487043
322,"('suppose', 'we', 'want')",12.392231863162461
323,"('large', 'number', 'of')",12.372921002663048
324,"('away', 'from', 'i')",12.348774068531764
325,"('of', 'two', 'pi')",12.343336736056777
326,"('happen', 'all', 'right')",12.32084871156843
327,"('half', 'a', 'second')",12.314097835778767
328,"('write', 'f', 'of')",12.28510589794108
329,"('take', 'a', 'deep')",12.264470042680045
330,"('number', 'of', 'step')",12.220917909217995
331,"('we', ""'"", 'll')",12.217335025216425
332,"('put', ""'"", 'make')",12.200796143573928
333,"('must', 'go', 'on')",12.165011285818615
334,"(""'s"", 'Friday', 'I')",12.162130809397187
335,"('cosine', 'all', 'right')",12.135816817735908
336,"('’m', 'you', 'eyes')",12.12262066883443
337,"('we', 'talk', 'about')",12.11927642223132
338,"('I', ""'"", 'll')",12.117281915086075
339,"('in', 'other', 'word')",12.116054580831836
340,"(""'"", 'll', 'get')",12.112618812533753
341,"('do', 'not', 'worry')",12.110826005315989
342,"(""'"", 'll', 'see')",12.108537635721934
343,"('so', 'kiss', 'i')",12.064993859414237
344,"('the', 'complex', 'exponential')",12.062350033588885
345,"('n', 'to', 'n')",12.058727251248932
346,"('sine', 'of', 'two')",12.021408641169423
347,"('by', 'means', 'of')",12.020893300910004
348,"('t', 'all', 'right')",12.014187373334384
349,"('all', 'right', 'so')",12.004959533162413
350,"('be', 'left', 'behind')",11.987983926605772
351,"('be', 'useless', 'but')",11.974888268994086
352,"('do', 'not', 'hate')",11.972967094191205
353,"('a', 'periodic', 'function')",11.970951328767384
354,"('with', 'respect', 'to')",11.961078290676245
355,"('in', 'my', 'ear')",11.94258922168428
356,"('representation', 'for', 'complex')",11.938758165345508
357,"('two', 'pi', 'I')",11.938191261863256
358,"('generate', 'the', 'sequence')",11.937199258223309
359,"('do', 'not', 'care')",11.906135585713002
360,"('be', 'less', 'than')",11.89871658850868
361,"('I', '’ll', 'write')",11.8970339371065
362,"('little', 'bit', 'of')",11.879413797388928
363,"('take', 'care', 'of')",11.854269662557943
364,"('in', 'exercise', '2')",11.827024966465096
365,"('out', 'and', 'touch')",11.82223233041147
366,"('can', 'not', 'believe')",11.81547231616604
367,"('period', 'one', 'all')",11.768500211064485
368,"('for', 'example', 'if')",11.743439334334504
369,"('from', 'zero', 'to')",11.739696335806375
370,"('all', 'right', 'now')",11.73142656265657
371,"('it', 'feel', 'how')",11.715650271603014
372,"('zero', 'to', 'one')",11.665657288136547
373,"('allow', 'us', 'to')",11.64617828019632
374,"('we', 'need', 'only')",11.645865696240442
375,"('the', 'picture', 'language')",11.638759516258318
376,"('from', 'behind', 'that')",11.61931224320551
377,"('cosine', 'of', 'two')",11.606371141890573
378,"('I', 'shake', 'my')",11.606037701771026
379,"('the', 'two', 'pi')",11.595027943428565
380,"('refer', 'to', 'as')",11.506153296368097
381,"('general', 'all', 'right')",11.481313383761677
382,"('other', 'side', 'of')",11.481291333588722
383,"('in', 'spite', 'of')",11.470696218349527
384,"('you', ""'"", 'll')",11.464547203402251
385,"('at', 'the', 'root')",11.421720329416072
386,"('sunshine', 'in', 'a')",11.407295206698176
387,"('I', '', 'ai')",11.403451661192715
388,"('by', 'the', 'interpreter')",11.401867525226756
389,"('no', 'no', 'no')",11.384019486572381
390,"('rational', 'number', 'and')",11.383383601234502
391,"('function', 'all', 'right')",11.32084871156843
392,"('finite', 'number', 'of')",11.320453582768916
393,"('the', 'following', 'procedure')",11.312030435107136
394,"('do', 'not', 'fall')",11.268705665097713
395,"('kind', 'of', 'thing')",11.2661890097495
396,"('let', 'i', 'just')",11.260954080345353
397,"('a', 'finite', 'number')",11.257052571117566
398,"(""'"", 'll', 'go')",11.232481568970293
399,"('define', 'make', 'from')",11.223034783559779
400,"('look', 'at', 'i')",11.220004817943007
401,"('be', 'very', 'simple')",11.196013818859019
402,"('to', 'worry', 'about')",11.194675894747387
403,"('not', 'cry', 'to')",11.17793533495622
404,"('', 'can', 'not')",11.16797735679857
405,"('they', ""'"", 'll')",11.105823251024898
406,"('it', 'turn', 'out')",11.074613097815337
407,"('why', '', 'do')",11.070200264421857
408,"('reach', 'out', 'and')",11.058794524884071
409,"('what', ""'s"", 'good')",11.048563705077775
410,"('the', 'door', 'open')",11.04775393273438
411,"('be', 'no', 'longer')",11.027194754642878
412,"('the', 'show', 'must')",11.021138076723208
413,"('you', 'can', 'touch')",11.010399735652399
414,"('do', 'not', 'matter')",11.008946391296782
415,"('’t', 'want', 'to')",11.008859954517117
416,"('do', 'not', 'know')",10.980903354114972
417,"('at', 'this', 'point')",10.967651467314234
418,"('the', 'empty', 'list')",10.945692200248082
419,"('the', 'complex', 'package')",10.940788053707976
420,"('a', 'complex', 'number')",10.933476623348717
421,"('do', 'not', 'understand')",10.924057493710265
422,"('in', 'section', '2')",10.92013437085658
423,"('for', 'complex', 'number')",10.916390352317055
424,"('as', 'a', 'matter')",10.903197179456317
425,"('example', 'if', 'we')",10.872471207569049
426,"('the', 'other', 'side')",10.862265557905474
427,"('any', 'kind', 'of')",10.858928861062374
428,"('complex', 'number', 'we')",10.82302980421515
429,"('something', 'like', 'this')",10.802855315263802
430,"('on', 'top', 'of')",10.78677158699145
431,"('not', 'hate', 'you')",10.786532809403248
432,"('let', 'i', 'say')",10.773488107901514
433,"('on', 'complex', 'number')",10.74126537341768
434,"('again', 'I', '’m')",10.733535204823617
435,"('i', 'they', 'long')",10.700384395313083
436,"(""'s"", 'come', 'on')",10.690100506852051
437,"('there', 'be', 'nothing')",10.673502826604626
438,"('do', 'not', 'want')",10.666498217942621
439,"('complex', 'number', 'with')",10.647562877531353
440,"('get', ""'"", 'make')",10.619914819664587
441,"('think', 'in', 'term')",10.612312043275946
442,"('there', '’', 'a')",10.609421779569058
443,"('the', 'minus', 'two')",10.59749619901931
444,"(""'"", 'll', 'make')",10.585188325407941
445,"('not', 'sure', 'what')",10.558343820589414
446,"('up', 'and', 'down')",10.550788610698298
447,"('of', 'period', 'one')",10.548281751398974
448,"('my', 'ear', 'I')",10.546536690022364
449,"('may', 'be', 'represent')",10.535688583381077
450,"('system', 'in', 'which')",10.532368738703209
451,"('no', 'reason', 'to')",10.530481067748038
452,"('as', 'long', 'as')",10.527784370850991
453,"('', 'will', 'not')",10.52701405747634
454,"('my', 'truck', 'and')",10.524739450480041
455,"('rather', 'than', 'the')",10.520281208983356
456,"('in', 'my', 'dream')",10.480246007627073
457,"('in', 'front', 'of')",10.470696218349524
458,"('not', 'know', 'what')",10.4588081470385
459,"('I', 'wonder', 'if')",10.447350295020758
460,"('percent', 'of', 'you')",10.425048682534364
461,"('sum', 'all', 'right')",10.42309876981638
462,"('do', 'it', 'feel')",10.40591138823953
463,"('in', 'term', 'of')",10.400306890458133
464,"('in', 'my', 'head')",10.38071033407616
465,"('as', 'well', 'as')",10.378208014800478
466,"('', 'shall', 'not')",10.374504666415675
467,"('for', 'example', 'we')",10.36680989665875
468,"('in', 'the', 'midst')",10.366243615496032
469,"('that', '’s', 'good')",10.345373791092381
470,"('if', 'you', '’re')",10.342075807091323
471,"('do', 'not', 'wannon')",10.339094992989107
472,"('do', 'not', 'believe')",10.339094992989104
473,"('the', 'rational', 'number')",10.338857727700955
474,"('it', ""'s"", 'true')",10.334384098508401
475,"('program', 'that', 'use')",10.334149480037858
476,"('the', 'interval', 'from')",10.332727824993292
477,"('be', 'just', 'fine')",10.31207262484557
478,"('a', 'long', 'time')",10.304432272154092
479,"('to', 'talk', 'about')",10.304300385921884
480,"('write', 'it', 'like')",10.261568859129621
481,"('so', 'long', 'as')",10.247775249469687
482,"('one', 'all', 'right')",10.236579794670828
483,"('real', 'part', 'and')",10.236227217112955
484,"('know', 'what', ""'s"")",10.22189530796334
485,"('of', 'exercise', '2')",10.192261719221989
486,"('do', 'not', 'seem')",10.185289656910076
487,"('be', 'like', 'Oh')",10.182459772930585
488,"('some', 'kind', 'of')",10.179638977793065
489,"('not', 'do', 'anything')",10.175596260706229
490,"('again', 'and', 'again')",10.171863354088682
491,"(""'"", 'cause', 'I')",10.165971408000662
492,"('set', 'of', 'symbol')",10.16524524508575
493,"('the', 'man', 'who')",10.163080665639637
494,"('you', 'see', 'their')",10.16032537025222
495,"(""'"", 'll', 'have')",10.146831555543972
496,"('on', 'the', 'floor')",10.134831188835463
497,"('if', 'you', 'want')",10.125158515821028
498,"('a', 'denial', 'a')",10.12416844708256
499,"('make', 'sure', 'that')",10.123940289725365
500,"('depend', 'on', 'the')",10.119724296445256
501,"('show', 'how', 'to')",10.105057952755004
502,"('we', 'can', 'write')",10.083937461156651
503,"('we', 'can', 'implement')",10.064828638208947
504,"('at', 'least', 'I')",10.054390265045754
505,"('all', 'right', 'then')",10.054203052182263
506,"('last', 'time', 'I')",10.04193014405729
507,"('I', 'will', 'rather')",10.03988231540843
508,"('in', 'the', 'middle')",10.018320312075723
509,"('but', 'I', 'don')",10.013847602089246
510,"('of', 'length', 'one')",10.010624965456174
511,"('allow', 'i', 'to')",9.995741941997888
512,"('be', 'able', 'to')",9.988925717413956
513,"('complex', 'number', 'in')",9.987784692468459
514,"('the', 'point', 'where')",9.975119716320176
515,"('as', 'much', 'as')",9.971391022326603
516,"('which', 'one', 'will')",9.950306961431252
517,"('right', 'that', '’s')",9.949747598259759
518,"('I', '', 'do')",9.932200354501123
519,"(""'"", 'll', 'be')",9.927712723845723
520,"('a', 'couple', 'of')",9.924535052900112
521,"('do', 'not', 'think')",9.909282141029866
522,"('example', 'we', 'can')",9.903365215514828
523,"('can', 'be', 'express')",9.884069812544276
524,"('a', 'lot', 'of')",9.87441157347428
525,"('look', 'like', 'this')",9.853228837778918
526,"('in', 'this', 'class')",9.843042519661651
527,"('as', 'show', 'in')",9.821194527738953
528,"('', 'have', 'not')",9.80589527475924
529,"('we', 'can', 'represent')",9.78919419559552
530,"('as', 'argument', 'a')",9.774663809210935
531,"('a', 'bunch', 'of')",9.772531959455062
532,"('front', 'of', 'i')",9.766385639042706
533,"('there', 'be', 'no')",9.764160348809082
534,"('need', 'to', 'know')",9.754193962738206
535,"('the', 'Nautilus', ""'s"")",9.748578163071095
536,"('term', 'of', 'list')",9.745290221573157
537,"('a', 'right', 'branch')",9.73672012899912
540,"('the', 'midst', 'of')",9.731480368252921
541,"('the', 'queerest', 'of')",9.731480368252921
539,"('queerest', 'of', 'the')",9.731480368252921
538,"('of', 'the', 'queer')",9.731480368252921
542,"('to', 'think', 'about')",9.713024111268528
543,"('go', 'back', 'to')",9.705176030361898
544,"('not', 'worry', 'you')",9.70199929919158
545,"('to', 'make', 'sure')",9.692624335736813
546,"('in', 'order', 'to')",9.678269564058674
547,"('kind', 'of', 'like')",9.657779450884817
548,"('and', 'cosine', 'all')",9.633654622067265
549,"('I', 'be', 'useless')",9.630538879398927
550,"('I', 'will', 'never')",9.629574968041979
551,"(""'s"", 'kind', 'of')",9.61923358131589
552,"(""'s"", 'good', 'for')",9.595369814061616
553,"('that', 'come', 'up')",9.59334840639351
554,"('it', ""'s"", 'kind')",9.586013741069948
555,"('solve', 'for', 'the')",9.578642241345225
556,"('write', 'the', 'sum')",9.578118164918482
557,"('his', 'voice', 'be')",9.57619975864441
558,"('have', 'to', 'happen')",9.575428473802017
559,"('the', 'same', 'time')",9.573235943538737
560,"('the', 'complex', 'number')",9.570496937259211
561,"(""'"", 'll', 'do')",9.563518646939873
562,"('think', 'about', 'it')",9.539345121171973
563,"('be', 'bor', 'to')",9.532287313668338
564,"('I', 'be', 'bor')",9.531003205848009
565,"('all', 'right', 'but')",9.515664888552454
566,"(""'"", 'make', 'from')",9.495974185011441
567,"('do', 'not', 'answer')",9.491098086434157
568,"('for', 'a', 'moment')",9.48790395999183
569,"('as', 'argument', 'and')",9.485957340049033
570,"('you', 'love', 'i')",9.477420979002137
571,"('I', '’m', 'just')",9.467641144850585
572,"('more', 'and', 'more')",9.454246506756313
573,"('not', 'happy', 'I')",9.451758465270263
574,"('on', 'the', 'average')",9.419284578304161
575,"('want', 'to', 'feel')",9.415792404158907
576,"('that', 'look', 'like')",9.414436985200659
577,"('just', 'kind', 'of')",9.410170743939528
578,"('can', 'we', 'write')",9.405865556044013
579,"('I', 'look', 'at')",9.39581256956426
580,"('which', 'be', 'why')",9.378692096522872
581,"('we', 'can', 'use')",9.373855161141389
582,"('just', 'like', 'i')",9.359277914227462
583,"('in', 'a', 'bag')",9.348401517644607
584,"('be', 'represent', 'by')",9.346008286792152
585,"('in', 'his', 'hand')",9.34075290239872
586,"('how', 'do', 'it')",9.332382352817564
587,"('on', 'a', 'interval')",9.324274619930282
588,"('make', 'up', 'for')",9.315086537956251
589,"('to', 'happen', 'all')",9.31125314656365
590,"('in', 'love', 'with')",9.30580603201824
591,"('right', 'it', '’s')",9.304110669677321
592,"('the', 'ship', ""'s"")",9.294012299605612
593,"('not', 'for', 'long')",9.290989829610531
594,"('a', 'collection', 'of')",9.287105132284825
595,"('it', 'look', 'like')",9.283373229447971
596,"('try', 'to', 'make')",9.281428902752364
597,"('I', 'just', 'want')",9.276719062113226
598,"('I', 'guess', 'I')",9.270948836003818
599,"('a', 'stranger', 'in')",9.269791682948242
600,"('from', 'the', 'ocean')",9.269224882687134
601,"('there', 'be', 'also')",9.267398452095783
602,"('be', 'represent', 'as')",9.265717968456865
603,"('represent', 'the', 'set')",9.265151140738443
604,"('all', 'this', 'thing')",9.264195373688548
605,"('will', 'be', 'able')",9.263957388147059
606,"('can', 'not', 'tell')",9.26293129313726
607,"('that', '’s', 'what')",9.261040524185145
608,"('what', 'I', 'mean')",9.258316470630742
609,"('I', '’m', 'you')",9.248721898836717
610,"('the', 'middle', 'of')",9.24605354108268
611,"('the', 'tip', 'of')",9.246053541082677
612,"('the', 'same', 'thing')",9.243530498059652
613,"('know', 'how', 'to')",9.241631005630452
614,"('star', 'at', 'the')",9.237295758278648
615,"('thing', 'like', 'that')",9.234295587715213
616,"('more', 'than', 'a')",9.2332786025013
617,"('you', 'think', 'about')",9.232070000737263
618,"('and', 'full', 'of')",9.220791084459371
619,"('you', 'look', 'at')",9.215702848712233
620,"('more', 'than', 'I')",9.213462234846485
621,"('do', 'not', 'look')",9.208896269862404
622,"('a', 'good', 'time')",9.208295175065043
623,"('give', 'by', 'this')",9.205853630713595
624,"('not', 'believe', 'it')",9.196901422802064
625,"('just', 'a', 'little')",9.185707299555663
626,"('if', 'we', 'know')",9.182952775805298
627,"('in', 'the', 'morning')",9.181819044358605
628,"('I', 'mean', 'by')",9.1751752353305
629,"('all', 'right', 'if')",9.17156000282042
630,"('do', 'not', 'need')",9.164597261756974
631,"('just', 'want', 'to')",9.152472287849697
632,"('want', 'to', 'see')",9.146681007714992
633,"('represent', 'as', 'a')",9.13862712389551
634,"('to', 'my', 'room')",9.132783298563847
635,"('to', 'get', 'back')",9.129633790149171
636,"('so', 'that', '’s')",9.117160131027216
637,"('Friday', 'I', 'be')",9.115965706569167
638,"('say', 'a', 'little')",9.113278826390669
639,"('do', 'you', 'mind')",9.109996129969367
640,"('for', 'this', 'class')",9.108683166787824
641,"('middle', 'of', 'the')",9.094050447637628
642,"('if', 'you', 'look')",9.082594067019656
643,"('the', 'other', 'hand')",9.08138284720906
644,"('clock', 'in', 'the')",9.076736998301044
645,"('be', 'tire', 'of')",9.061679562125395
646,"('you', 'know', 'what')",9.056947630406906
647,"('the', 'presence', 'of')",9.05340846314028
648,"('and', 'you', 'friend')",9.043193858327058
649,"('right', 'so', 'what')",9.034920730603481
650,"('coefficient', 'have', 'to')",9.027496704025825
651,"('the', 'last', 'time')",9.020694920509957
652,"('a', 'matter', 'of')",9.013540058958856
653,"('of', 'the', 'equation')",8.994514774086714
654,"('will', 'not', 'let')",8.984413997083479
655,"('the', 'first', 'time')",8.979395291471121
656,"('I', 'be', 'tire')",8.978462182819232
657,"('right', 'so', 'if')",8.976027041549912
658,"('that', ""'s"", 'kind')",8.9686162638186
659,"('surface', 'of', 'the')",8.965945621889944
660,"('the', 'surface', 'of')",8.965945621889944
661,"('the', 'rest', 'of')",8.96594562188994
662,"('like', 'i', 'they')",8.962206961478067
663,"('I', 'know', 'what')",8.951655132396692
664,"('get', 'out', 'of')",8.951129767287256
665,"('since', 'I', 'will')",8.93911933847351
666,"('I', '', 'can')",8.930214243030381
667,"('at', 'the', 'end')",8.92115001598529
668,"('the', 'frigate', ""'s"")",8.91850316451341
669,"('hate', 'you', 'I')",8.916809715376736
670,"('belonge', 'to', 'the')",8.912581502600876
671,"('but', 'it', '’s')",8.900614792281164
672,"('do', 'not', 'really')",8.895488341513495
673,"('know', 'what', 'you')",8.887022628964598
674,"('it', 'go', 'up')",8.880364207010707
675,"('in', 'this', 'section')",8.878048969489562
676,"('E', 'to', 'the')",8.865275787822522
677,"('you', 'can', 'write')",8.85839664220735
678,"('I', 'be', 'glad')",8.852931300735374
679,"('at', 'the', 'same')",8.848730470360994
680,"('the', 'monster', ""'s"")",8.848113836622009
681,"('e', 'to', 'the')",8.842192174709481
682,"('it', '’s', 'not')",8.841025995991366
683,"('number', 'and', 'complex')",8.83741523212921
684,"('will', 'be', 'better')",8.827591379427705
685,"('start', 'with', 'a')",8.819145878317489
686,"('the', 'existence', 'of')",8.805480949696697
687,"('on', 'the', 'interval')",8.797796201557894
688,"('there', 'be', 'some')",8.776686277170683
689,"('on', 'the', 'table')",8.775428388529438
690,"('I', 'can', 'feel')",8.765176976497706
691,"('be', 'wait', 'for')",8.762551992967047
692,"('they', 'long', 'to')",8.761999037334729
693,"('be', 'similar', 'to')",8.754679735004789
694,"('be', 'not', 'sure')",8.753028043805415
695,"('not', 'want', 'to')",8.723978846385076
696,"('of', 'my', 'life')",8.722863473720004
697,"('we', 'will', 'see')",8.720733339796382
698,"('be', 'different', 'from')",8.72041251352653
699,"('all', 'right', 'that')",8.714946873154915
700,"('the', 'right', 'place')",8.714284215964323
701,"('it', 'also', 'have')",8.71107754181319
702,"('the', 'real', 'part')",8.706274516409163
703,"('close', 'to', 'you')",8.688611977074288
704,"('my', 'head', 'and')",8.686020357513105
705,"('you', 'want', 'i')",8.675541187010683
706,"('of', 'complex', 'number')",8.674949540112706
707,"('he', '', 'do')",8.671205285042934
708,"('do', 'not', 'work')",8.670068227479476
709,"('accord', 'to', 'the')",8.649547096767083
710,"('in', 'this', 'case')",8.647436041348147
711,"('now', 'I', 'know')",8.646451272318963
712,"('what', 'I', 'want')",8.637249996224337
713,"('a', 'bag', 'I')",8.630420891095334
714,"('one', 'to', 'n')",8.62612892394991
715,"('his', 'eyes', 'be')",8.622493410918345
716,"('we', 'need', 'to')",8.62066702857437
717,"('he', 'seem', 'to')",8.619816961398474
718,"('the', 'beginning', 'of')",8.593976844502983
719,"('the', 'permutation', 'of')",8.593976844502983
720,"('want', 'i', 'to')",8.571532796820794
721,"('they', '', 'do')",8.569506680598302
722,"('for', 'a', 'while')",8.549304504655971
723,"('even', 'if', 'you')",8.542758204099137
724,"('want', 'to', 'know')",8.533628894452761
725,"('of', 'sine', 'and')",8.528913379821699
726,"('some', 'of', 'they')",8.528078728342884
727,"('complex', 'number', 'be')",8.523626482051867
728,"('good', 'for', 'you')",8.523531540896673
729,"('rest', 'of', 'the')",8.51848664491872
730,"('know', 'what', 'it')",8.516225844286673
731,"('have', 'to', 'keep')",8.501427892358237
732,"(""'s"", 'face', 'be')",8.49312108605233
733,"('all', 'right', 'and')",8.487387898171363
734,"('all', 'right', 'it')",8.484347443851313
735,"('the', 'fact', 'that')",8.46942833867329
736,"('all', 'right', 'you')",8.45718024260933
737,"('his', 'face', 'be')",8.44561564883427
738,"('do', 'you', 'want')",8.442636003289028
739,"('there', 'be', 'only')",8.4359240014535
740,"('this', 'sort', 'of')",8.431358070399025
741,"('this', 'all', 'right')",8.416773131566963
742,"('have', 'give', 'i')",8.410065906942538
743,"('ll', 'be', 'see')",8.395566921568015
744,"('do', 'not', 'make')",8.392534251950565
745,"('you', '', 'do')",8.389204416421364
746,"('sequence', 'of', 'all')",8.38058638126985
747,"('must', 'have', 'be')",8.376295553856238
748,"('look', 'at', 'the')",8.374577346016935
749,"('where', 'there', 'be')",8.368054665540615
750,"('one', 'way', 'to')",8.361876539959447
751,"('that', '’s', 'not')",8.361132042489949
752,"('can', 'be', 'represent')",8.360507856487263
753,"('be', 'equal', 'to')",8.35982011766357
754,"('well', 'I', '')",8.359057541834265
755,"('version', 'of', 'the')",8.352968744999192
756,"('I', 'open', 'my')",8.34142226011775
757,"('in', 'the', 'note')",8.330619705765312
758,"('all', 'right', 'all')",8.322748244483915
759,"('I', 'will', 'ask')",8.316796310248428
760,"('go', 'up', 'and')",8.298442160609603
761,"('and', 'produce', 'a')",8.291141461696846
762,"('just', '', 'can')",8.290951863079577
763,"('we', 'be', 'gonnon')",8.290679821611405
764,"('but', 'that', '’s')",8.283217315029813
765,"('to', 'look', 'at')",8.281619459964652
766,"('away', 'from', 'the')",8.272392161765818
767,"('do', 'not', 'see')",8.263806865684874
768,"('to', 'be', 'able')",8.26310068085295
769,"('do', 'not', 'come')",8.261851994056645
770,"('before', 'I', 'can')",8.254380494413429
771,"('then', 'we', 'can')",8.25386246259896
772,"('think', 'it', ""'s"")",8.250067812574926
773,"('so', 'it', '’s')",8.24913078110832
774,"('', 'be', 'not')",8.237292625653076
775,"('I', 'knew', 'I')",8.236538805217986
776,"('the', 'ability', 'to')",8.234509597488241
777,"('I', 'try', 'to')",8.228559991709346
778,"('the', 'edge', 'of')",8.216907195423165
779,"('want', 'to', 'say')",8.205574696768561
780,"('do', 'not', 'like')",8.197952892175824
781,"('at', 'i', 'with')",8.178498533182108
782,"('and', 'I', '’ll')",8.178215689650546
783,"('my', 'head', 'I')",8.177302880356645
784,"('I', '’m', 'not')",8.176651227135899
785,"('but', 'I', 'think')",8.174643813992304
786,"('not', 'be', 'able')",8.168065543084253
787,"('go', 'through', 'the')",8.167391751976744
788,"('so', 'if', 'you')",8.163549271126506
789,"('be', 'think', 'about')",8.158207497523279
790,"('we', 'can', 'define')",8.157938042600428
791,"('I', 'be', 'sorry')",8.156607691066512
792,"('the', 'one', 'who')",8.152812330185814
793,"('how', 'do', 'you')",8.150638114466712
794,"('if', 'you', 'know')",8.15005703479839
795,"('know', 'if', 'you')",8.15005703479839
796,"('that', ""'s"", 'when')",8.14887299386793
797,"('respect', 'to', 'the')",8.147046756237899
798,"(""'s"", 'voice', 'be')",8.13827836869223
799,"('it', 'all', 'right')",8.136424140431004
800,"('it', '', 'do')",8.11151703613491
801,"('of', 'course', 'I')",8.10885940202553
802,"('want', 'to', 'go')",8.10712620868047
803,"('you', 'may', 'have')",8.092366700308759
804,"('as', 'if', 'he')",8.084962061435409
805,"('wait', 'for', 'the')",8.072456854008184
806,"('I', 'be', 'feeling')",8.065339633499203
807,"('go', '', 'do')",8.0587350779284
808,"('I', 'want', 'to')",8.05812808572421
809,"('you', 'need', 'to')",8.057256570868688
810,"('bag', 'I', 'be')",8.057072017515598
811,"('to', 'produce', 'a')",8.0467424981945
812,"('to', 'believe', 'that')",8.044488693069713
813,"('the', 'same', 'as')",8.036174988029224
814,"('I', 'have', 'never')",8.034480212189102
815,"('we', 'will', 'like')",8.029274881068837
816,"('for', 'a', 'long')",8.02604560395999
817,"('the', 'coefficient', 'have')",8.004977372658168
818,"('do', 'not', 'have')",8.001098529474095
819,"('in', 'the', 'dark')",7.997009805830313
820,"('and', 'it', '’s')",7.99459355195107
821,"('or', 'the', 'other')",7.986604622456959
822,"('it', '’', 'a')",7.984424617045654
823,"('than', 'I', 'will')",7.979761322970859
824,"('have', 'not', 'see')",7.972650656372831
825,"('number', 'we', 'can')",7.968460243736715
826,"('just', '', 'do')",7.966577633347697
827,"('to', 'help', 'you')",7.958451560813199
828,"('can', 'be', 'implement')",7.958070393988056
829,"('I', '', 'shall')",7.952240549360383
830,"('know', 'what', 'I')",7.9516551323966915
831,"('want', 'to', 'make')",7.945259792288361
832,"('of', 'the', 'ocean')",7.942984473446632
833,"('you', 'can', 'take')",7.942981974292287
834,"('that', 'we', 'need')",7.936505765142982
835,"('there', 'be', 'two')",7.9252271373010394
836,"('put', 'it', 'in')",7.91740340812645
837,"('if', 'the', 'function')",7.915153152196048
838,"('such', 'as', 'the')",7.909642582100293
839,"('the', 'detail', 'of')",7.894979100535799
840,"('they', '', 'can')",7.893880910330182
841,"('my', 'hand', 'and')",7.885329165736515
842,"('what', 'you', 'get')",7.8849777029795725
843,"('to', 'the', 'surface')",7.884012350404106
844,"('the', 'end', 'of')",7.8800028929630095
845,"('I', 'find', 'it')",7.872612465310066
846,"('and', 'see', 'what')",7.8692840060351585
847,"('but', 'I', '')",7.86491349756291
848,"('and', 'so', 'on')",7.845545975965727
849,"('it', 'take', 'i')",7.836859953829414
850,"('all', 'right', 'this')",7.831810630845808
851,"('queen', 'in', 'the')",7.830190715255824
852,"('to', 'work', 'on')",7.829360672528555
853,"('I', 'can', 'see')",7.817993674941153
854,"('be', 'a', 'powerful')",7.813853979336617
855,"('will', 'need', 'to')",7.806547699559047
856,"('to', 'keep', 'in')",7.803800446142532
857,"('not', 'seem', 'to')",7.801737577540738
858,"('a', 'program', 'that')",7.799986547070411
859,"('we', 'can', 'do')",7.785558439957718
860,"('do', 'not', 'get')",7.782461215326446
861,"('we', 'want', 'to')",7.770051570039236
862,"('be', 'give', 'by')",7.740287225904201
863,"('to', 'work', 'with')",7.735658176642232
864,"('the', 'depth', 'of')",7.731480368252921
865,"('on', 'the', 'other')",7.725846359678879
866,"('not', 'sure', 'I')",7.72159804900917
867,"('be', 'in', 'love')",7.696442809368506
868,"('in', 'such', 'a')",7.6958003000480915
869,"('I', '', 'will')",7.694765668868492
870,"('think', 'about', 'the')",7.69050477990087
871,"('you', 'want', 'to')",7.67575528436819
872,"(""'"", ""'"", 'we')",7.670208452860923
873,"('a', 'speed', 'of')",7.6681952996403275
874,"('in', 'the', 'table')",7.665803897354941
875,"('you', 'turn', 'in')",7.65988132288884
876,"('it', 'my', 'way')",7.655323560290192
877,"('down', 'on', 'the')",7.639366838953411
878,"('for', 'example', 'the')",7.622423933373142
879,"('in', 'a', 'while')",7.620698844807372
880,"('the', 'choice', 'of')",7.616003150832981
881,"('happy', 'I', 'be')",7.613465366039986
882,"('not', 'believe', 'the')",7.611095487364754
883,"('with', 'the', 'same')",7.604558032120657
884,"('leafe', 'of', 'the')",7.593976844502986
885,"('if', 'we', 'can')",7.593611834573572
886,"('my', 'voice', 'be')",7.593073577208809
887,"('not', 'you', 'see')",7.591945753726666
888,"('as', 'a', 'list')",7.590726717395896
889,"('that', 'I', '’m')",7.587525101473204
890,"('have', 'to', 'work')",7.580862359852645
891,"('I', 'be', 'surprise')",7.579912806328959
892,"('in', 'the', 'world')",7.577747720689743
893,"('and', 'cosine', 'of')",7.565439255846812
894,"('all', 'right', 'I')",7.549827122211028
895,"('that', 'all', 'right')",7.545021871712599
896,"('you', 'be', 'gonnon')",7.520818486438294
897,"('the', 'size', 'of')",7.50908794691647
898,"('come', 'from', 'the')",7.474125112536175
899,"('what', 'do', 'you')",7.473381061135626
900,"('a', 'sort', 'of')",7.4687512112779615
901,"('if', 'there', 'be')",7.460858381819733
902,"('a', 'length', 'of')",7.450603864567704
903,"('and', 'that', '’s')",7.447585402591116
904,"('it', ""'s"", 'just')",7.431060117920072
905,"('come', 'on', 'I')",7.419860331285403
906,"('the', 'future', 'be')",7.4166585779092
907,"('the', 'intersection', 'of')",7.409552273365556
908,"('the', 'value', 'of')",7.409552273365556
909,"('to', 'make', 'up')",7.406749953544914
910,"('a', 'list', 'of')",7.401509315039533
911,"('’s', 'not', 'a')",7.395807325307107
912,"('if', 'he', 'can')",7.3947648404366575
913,"('but', 'he', '')",7.382790974004845
914,"('each', 'of', 'this')",7.377586813958043
915,"('be', 'come', 'on')",7.351754652530726
916,"('you', 'can', 'see')",7.338323672230214
917,"('you', 'know', 'it')",7.337313593745428
918,"('to', 'see', 'from')",7.335100583249172
919,"('will', 'like', 'to')",7.325330157148137
920,"('can', 'not', 'make')",7.3163705520987214
921,"('I', 'love', 'you')",7.315359091867013
922,"('there', 'be', 'a')",7.313780376201976
923,"('of', 'T', 'be')",7.311657815133742
924,"('be', 'represent', 'in')",7.310384377061428
925,"('and', 'the', 'cosine')",7.30898355954827
926,"('it', 'make', 'i')",7.293814842174495
927,"('take', 'it', 'for')",7.280742368594812
928,"('give', 'i', 'a')",7.277308607666168
929,"('side', 'of', 'the')",7.272048749615621
930,"('so', 'we', 'can')",7.2570863634732525
931,"('you', '', 'can')",7.252604862707532
932,"('a', 'sequence', 'of')",7.24897000339805
933,"('size', 'of', 'the')",7.246053541082677
934,"('want', 'you', 'to')",7.23965616956151
935,"('to', 'tell', 'you')",7.217107526136424
936,"('if', 'you', 'have')",7.208220060356531
937,"('we', '', 'can')",7.198037762464104
938,"('give', 'you', 'a')",7.179897234043917
939,"('to', 'the', 'minus')",7.160162256028158
940,"('he', '', 'will')",7.156059616944059
941,"('all', 'right', 'in')",7.152330531340361
942,"('I', 'be', 'able')",7.146339355612689
943,"('I', 'be', 'sure')",7.146339355612685
944,"('want', 'to', 'do')",7.145982535156744
945,"('but', 'if', 'you')",7.1369613771867115
946,"('we', '', 'do')",7.136697938566016
947,"('he', 'will', 'have')",7.130495990238263
948,"('when', 'you', 'have')",7.118936420712661
949,"('and', 'a', 'half')",7.107178626854253
950,"('kind', 'of', 'a')",7.10577536757026
951,"('for', 'the', 'class')",7.105024716464616
952,"('if', 'you', 'will')",7.102875098068321
953,"('seem', 'to', 'be')",7.100948002060395
954,"('out', 'of', 'my')",7.098372608812216
955,"('by', 'the', 'way')",7.098086777049648
956,"('do', 'you', 'know')",7.078969234348744
957,"('front', 'of', 'the')",7.06851535553049
958,"('I', 'have', 'no')",7.058306225915356
959,"('I', 'need', 'you')",7.055972463048356
960,"('the', 'sound', 'of')",7.041164867385536
962,"('to', 'be', 'close')",7.0297869731391565
961,"('be', 'close', 'to')",7.0297869731391565
963,"('right', 'so', 'it')",7.0257800767470115
964,"('we', 'shall', 'be')",7.025335255090411
965,"('be', 'not', 'gonnon')",7.022214676620795
966,"('so', 'you', 'can')",7.001798201129894
967,"('here', 'we', 'be')",6.999912658210501
968,"('you', 'will', 'like')",6.996379140061926
969,"('be', 'the', 'best')",6.995194809470927
970,"('the', 'sery', 'be')",6.995194809470927
971,"('lead', 'to', 'the')",6.986582084044656
972,"('the', 'only', 'one')",6.972599724341659
973,"('converge', 'to', 'the')",6.971475191654445
974,"('I', 'think', 'we')",6.968482663414271
975,"('that', '’s', 'a')",6.958684293089469
976,"('and', 'try', 'to')",6.950681106974997
977,"('end', 'of', 'the')",6.941403437627148
978,"('know', 'what', 'the')",6.930419908849359
979,"('he', 'take', 'a')",6.929207309291073
980,"('the', 'idea', 'of')",6.9241254461953154
981,"('if', 'you', '')",6.911855592174966
982,"('be', 'a', 'good')",6.910361960189963
983,"('the', 'name', 'of')",6.903661343635601
984,"('the', 'corner', 'of')",6.898590354088181
985,"('element', 'of', 'the')",6.898590354088178
986,"('be', 'sort', 'of')",6.895402337698229
987,"('sine', 'and', 'the')",6.893946060269421
988,"('the', 'sine', 'and')",6.893946060269421
989,"('the', 'product', 'of')",6.883483461697974
990,"('we', '', 'will')",6.86947978391073
991,"('you', 'a', 'little')",6.867252379990891
992,"('be', 'just', 'like')",6.866075942503858
993,"('all', 'of', 'they')",6.848865901825679
994,"('it', 'like', 'this')",6.846531359850779
995,"('like', 'this', 'it')",6.846531359850779
996,"('the', 'weight', 'of')",6.8439550975113335
997,"('that', 'be', 'why')",6.841973823255351
998,"('of', 'the', 'sea')",6.838395572169432
999,"('not', 'know', 'that')",6.832270015930682
1000,"('as', 'for', 'i')",6.8311677384395395
1001,"('but', 'not', 'for')",6.810768161571552
1002,"('to', 'the', 'rest')",6.784476676853195
1003,"('that', 'kind', 'of')",6.781593467558114
1004,"('believe', 'in', 'the')",6.7812811147748775
1005,"('in', 'the', 'form')",6.7812811147748775
1006,"('a', 'interval', 'of')",6.772531959455062
1007,"('to', 'sort', 'of')",6.772147046330836
1008,"('it', '’s', 'a')",6.768726848283219
1009,"('of', 'the', 'frame')",6.761854017296439
1010,"('and', 'then', 'he')",6.754986855146058
1011,"('for', 'the', 'first')",6.753476043171162
1012,"('take', 'i', 'to')",6.747504538092173
1013,"('to', 'talk', 'to')",6.746067009578518
1014,"('you', 'know', 'you')",6.740531856115727
1015,"('I', 'think', 'I')",6.737185020005668
1016,"('for', 'long', 'the')",6.721959606924049
1017,"('you', 'can', 'go')",6.713806372474529
1018,"('say', 'I', '')",6.713453689773264
1019,"('see', 'you', 'in')",6.703237692083224
1020,"('be', 'hard', 'to')",6.70221231511065
1021,"('you', 'all', 'right')",6.691645496246355
1022,"('a', 'set', 'of')",6.67902007353192
1023,"('be', 'kind', 'of')",6.669930017740462
1024,"('so', 'there', 'be')",6.664901292082121
1025,"('what', 'have', 'to')",6.6631789623548485
1026,"('of', 'the', 'monster')",6.661091040361523
1027,"('and', 'I', '’m')",6.652146877982965
1028,"('it', 'must', 'be')",6.650789075065099
1029,"('this', 'class', 'be')",6.645529968631234
1031,"('of', 'the', 'water')",6.644017527002578
1030,"('of', 'the', 'system')",6.644017527002578
1032,"('in', 'the', 'class')",6.635850675253309
1033,"('be', 'not', 'really')",6.63519155351155
1034,"('do', 'not', 'you')",6.631889265665766
1035,"('it', 'be', 'just')",6.607287436428511
1036,"('the', 'sequence', 'of')",6.586430035449638
1037,"('to', 'generate', 'the')",6.579157768875685
1038,"('part', 'of', 'a')",6.5787602160583845
1039,"('that', 'return', 'the')",6.578362710226443
1040,"('to', 'give', 'you')",6.576402473488269
1041,"('if', 'they', 'be')",6.575500947760858
1042,"('the', 'cdr', 'of')",6.561555366810605
1043,"('if', 'you', 'can')",6.560716093566661
1044,"('right', 'there', 'be')",6.5563824483682325
1045,"('we', 'be', 'now')",6.551733863316965
1046,"('a', 'procedure', 'that')",6.543646793810623
1047,"('I', '', 'have')",6.540243504401591
1048,"('and', 'I', 'try')",6.534359499875823
1049,"('not', 'think', 'of')",6.520200491896027
1050,"('you', '', 'will')",6.514655948016461
1051,"('by', 'the', 'time')",6.514342254485165
1052,"('i', 'if', 'you')",6.509889032053781
1053,"('it', ""'s"", 'not')",6.502640279590089
1054,"('all', 'the', 'way')",6.495914986296267
1055,"('most', 'of', 'the')",6.483552854809332
1056,"('I', 'will', 'have')",6.483335496851357
1057,"('have', 'the', 'same')",6.4789085609905825
1058,"('if', 'you', 'be')",6.476118678967481
1059,"('I', 'want', 'you')",6.472837315378211
1060,"('structure', 'of', 'the')",6.472746099852753
1061,"('they', 'be', 'like')",6.46900498975447
1062,"('of', 'the', 'Abraham')",6.468445962419125
1063,"('and', 'then', 'we')",6.468407022112725
1064,"('be', 'all', 'right')",6.465779899587325
1065,"('I', 'think', 'it')",6.465254464178525
1066,"('be', 'look', 'for')",6.462428268398032
1067,"('in', 'the', 'same')",6.459353019887516
1068,"('do', 'not', 'do')",6.455753471069016
1069,"('I', 'feel', 'a')",6.431926737456251
1070,"('it', 'may', 'be')",6.43050124205357
1071,"('out', 'on', 'the')",6.4184178344866325
1072,"('but', 'there', 'be')",6.415920976805872
1073,"('all', 'right', 'the')",6.4131146812437585
1074,"('the', 'problem', 'of')",6.389088170805845
1075,"('to', 'change', 'the')",6.36943917757435
1076,"('the', 'sine', 'of')",6.368910288868214
1077,"('we', 'will', 'have')",6.358489330034693
1078,"('of', 'the', 'function')",6.358021972725474
1079,"('at', 'i', 'I')",6.345060237793753
1080,"('element', 'in', 'the')",6.340708523388898
1081,"('term', 'of', 'the')",6.339162945474161
1082,"('you', 'know', 'that')",6.330873825748174
1083,"('right', 'you', 'can')",6.3083168566948515
1084,"('be', 'a', 'little')",6.307963049606663
1085,"('we', 'do', 'not')",6.302214927287963
1086,"('element', 'that', 'be')",6.300638254934455
1087,"('that', '’s', 'the')",6.296144325141054
1088,"('that', '', 'do')",6.279106667912714
1089,"('I', 'hear', 'the')",6.279029179281039
1090,"('to', 'the', 'two')",6.275666922244994
1091,"('the', 'sum', 'of')",6.263874818169924
1092,"('be', 'go', 'to')",6.251635494359498
1093,"('of', 'the', 'frigate')",6.246053541082677
1094,"('back', 'to', 'the')",6.231045742184669
1095,"('symbol', 'in', 'the')",6.223285661653989
1096,"('corner', 'of', 'the')",6.220518448975543
1097,"('up', 'from', 'the')",6.202757973928762
1098,"('the', 'kind', 'of')",6.20222730011805
1099,"('not', 'go', 'to')",6.19684379750629
1100,"('be', 'start', 'to')",6.191250395833272
1101,"('will', 'have', 'to')",6.185059322812776
1102,"('when', 'we', 'be')",6.182691583029669
1103,"('that', 'there', 'be')",6.182243554132228
1104,"('I', 'need', 'to')",6.174356494194917
1105,"('of', 'the', 'sum')",6.170765413778447
1106,"('if', 'I', 'will')",6.167507601500411
1107,"('half', 'of', 'the')",6.166695749469394
1108,"('so', 'you', '')",6.160292621795801
1109,"('I', 'think', 'you')",6.157979343743815
1110,"('I', 'see', 'you')",6.155182066976256
1111,"('value', 'of', 'the')",6.146517867531763
1112,"('it', '', 'will')",6.143859163338533
1113,"('the', 'reason', 'I')",6.13730106966938
1114,"('that', 'we', 'can')",6.136998704908059
1115,"('to', 'n', 'of')",6.129508834712784
1116,"('in', 'here', 'and')",6.115886217156451
1117,"('you', 'can', 'do')",6.115232778335507
1118,"('I', 'think', 'that')",6.110891392760966
1119,"('to', 'write', 'a')",6.10563618724807
1120,"('we', 'be', 'go')",6.103137406694046
1121,"('out', 'of', 'this')",6.092726045671071
1122,"('on', 'and', 'on')",6.0798213888181
1123,"('each', 'of', 'the')",6.074368081775926
1124,"('not', 'make', 'you')",6.068596443412673
1125,"('but', 'you', '')",6.063315399964608
1126,"('so', 'I', '')",6.055000123785582
1127,"('you', 'know', 'I')",6.050276857384354
1128,"('be', 'a', 'long')",6.048319232973643
1129,"('can', 'not', 'do')",6.031666467796864
1130,"('if', 'it', 'have')",6.030068353621001
1131,"('as', 'if', 'I')",6.022764068769661
1132,"('in', 'the', 'first')",6.017515461264956
1133,"('be', 'the', 'same')",5.995194809470927
1134,"('this', 'we', 'can')",5.990828056765171
1135,"('if', 'I', '')",5.97648809560706
1136,"('will', 'not', 'be')",5.968880512909131
1137,"('I', 'have', 'get')",5.94351000687525
1138,"('it', '', 'have')",5.927276030739382
1139,"('we', 'have', 'to')",5.920227310433283
1140,"('it', 'take', 'a')",5.917006855685546
1141,"('you', 'get', 'a')",5.916045205609091
1142,"('all', 'the', 'time')",5.912170463731787
1143,"('can', 'be', 'use')",5.888585293666772
1144,"('to', 'be', 'left')",5.884589057599218
1145,"('the', 'question', 'that')",5.884465837952128
1146,"('the', 'order', 'of')",5.8834834616979705
1147,"('operation', 'that', 'be')",5.866741728404296
1148,"('the', 'function', 'in')",5.855281696218654
1149,"('to', 'find', 'the')",5.855131230416976
1150,"('so', 'on', 'and')",5.845545975965727
1151,"('of', 'the', 'tree')",5.845348332811199
1152,"('we', 'make', 'a')",5.836547958769035
1153,"('be', 'not', 'go')",5.834672261703435
1154,"('in', 'the', 'back')",5.832265043493681
1155,"('they', 'can', 'be')",5.8287873770430885
1156,"('what', 'do', 'I')",5.815547540096631
1157,"('you', 'be', 'like')",5.8106554287728756
1158,"('know', 'that', 'I')",5.810543828459114
1159,"('of', 'the', 'world')",5.805480949696694
1160,"('up', 'on', 'the')",5.805329874243299
1161,"('of', 'a', 'complex')",5.805099821911494
1162,"('be', 'use', 'to')",5.799837200624623
1163,"('where', 'you', 'be')",5.798352461967202
1164,"('as', 'you', 'can')",5.7963804953409515
1165,"('you', 'to', 'see')",5.793896095411878
1166,"('that', 'we', 'have')",5.784502671697929
1167,"('of', 'the', 'square')",5.78394778814706
1168,"('the', 'back', 'of')",5.782464296971721
1169,"('that', 'I', 'will')",5.763361891729048
1170,"('they', 'will', 'be')",5.763263804323508
1171,"('point', 'of', 'the')",5.761854017296439
1172,"('which', 'be', 'not')",5.761687126397579
1173,"('we', 'have', 'a')",5.7461144923253755
1174,"('out', 'of', 'the')",5.744419423960416
1175,"('and', 'then', 'it')",5.742786401540528
1176,"('be', 'try', 'to')",5.736428030448565
1177,"('it', 'will', 'be')",5.734117458663988
1178,"('to', 'implement', 'the')",5.72354767821086
1179,"('the', 'type', 'of')",5.720253112829667
1180,"('it', 'out', 'I')",5.702687463867754
1181,"('and', 'then', 'you')",5.698545686939614
1182,"('and', 'if', 'you')",5.6903717554939135
1183,"('it', 'be', 'only')",5.688070091144553
1184,"('that', 'if', 'you')",5.680891533176609
1185,"('to', 'the', 'point')",5.679920745810598
1186,"('not', 'the', 'only')",5.6775228491037275
1187,"('part', 'of', 'the')",5.675212148606175
1188,"('want', 'to', 'be')",5.663293325818344
1189,"('the', 'cosine', 'be')",5.66177107574573
1190,"('the', 'form', 'of')",5.661091040361523
1191,"('way', 'it', 'be')",5.63979007611584
1192,"('it', 'will', 'have')",5.632868709462496
1193,"('the', 'sea', 'of')",5.616003150832981
1194,"('one', 'of', 'this')",5.5955874661773315
1195,"('what', 'we', 'be')",5.593903317560901
1196,"('of', 'the', 'symbol')",5.588522414410875
1197,"('you', 'have', 'to')",5.587771287567463
1198,"('the', 'way', 'it')",5.587124857772274
1199,"('that', 'he', 'can')",5.575581631386445
1200,"('to', 'see', 'you')",5.5715036740754265
1201,"('but', 'it', 'be')",5.568531392946014
1202,"('of', 'the', 'language')",5.561555366810609
1203,"('so', 'this', 'be')",5.557292317995518
1204,"('if', 'I', 'can')",5.554959269107357
1205,"('that', 'it', ""'s"")",5.550944074542695
1206,"('long', 'to', 'be')",5.544360145968913
1207,"('they', 'be', 'all')",5.534044111481958
1208,"('do', 'it', 'my')",5.531442270323389
1209,"('and', 'I', '')",5.514708412294453
1210,"('the', 'object', 'to')",5.512043573017152
1211,"('be', 'actually', 'a')",5.480430245611426
1212,"('that', 'I', '')",5.479232981444213
1213,"('try', 'to', 'be')",5.473393624614772
1214,"('it', '', 'be')",5.472708624879239
1215,"('in', 'the', 'set')",5.465376807515284
1216,"('and', 'I', 'want')",5.461224795245613
1217,"('not', 'have', 'to')",5.459117087500275
1218,"('one', 'of', 'the')",5.449910010981704
1219,"('the', 'function', 'be')",5.431765470299403
1220,"('the', 'set', 'of')",5.415576060993324
1221,"('and', '', 'do')",5.414117772313869
1222,"('of', 'the', 'same')",5.409552273365556
1223,"('the', 'representation', 'of')",5.409552273365556
1224,"('i', 'I', '')",5.401339884712861
1225,"('of', 'a', 'tree')",5.400973096843099
1226,"('you', '', 'have')",5.3976084889682205
1227,"('what', 'he', 'be')",5.39505632342399
1228,"('the', 'number', 'of')",5.387184460337103
1229,"('a', 'way', 'to')",5.386817939792124
1230,"('be', 'a', 'list')",5.386247806554721
1231,"('I', 'get', 'it')",5.355507051834046
1232,"('what', 'be', 'you')",5.338615155217546
1233,"('to', 'the', 'same')",5.327619001879718
1234,"('that', 'be', 'just')",5.323313692902346
1235,"('of', 'the', 'day')",5.316442868974072
1236,"('because', 'I', 'be')",5.3159903148771654
1237,"('the', 'question', 'be')",5.31337076949718
1238,"('one', 'of', 'that')",5.308798707044122
1239,"('be', 'the', 'end')",5.304653552396072
1240,"('up', 'for', 'the')",5.30238294803004
1241,"('the', 'square', 'of')",5.298520960976816
1242,"('and', 'you', 'get')",5.293915002722002
1243,"('come', 'to', 'a')",5.2914275941494076
1244,"('the', 'class', 'and')",5.289084002110563
1245,"('be', 'a', 'very')",5.277801079096413
1246,"('I', 'go', 'to')",5.274653283585636
1247,"('the', 'problem', 'be')",5.266911458404518
1248,"('say', 'in', 'a')",5.261617751502541
1249,"('that', 'you', 'can')",5.256106057346209
1250,"('think', 'of', 'a')",5.255256266245482
1251,"('have', 'to', 'do')",5.243690855656645
1252,"('term', 'and', 'the')",5.238594231656872
1253,"('to', 'think', 'of')",5.236724006410995
1254,"('a', 'number', 'of')",5.235590973596853
1255,"('I', 'can', 'do')",5.2323327016617505
1256,"('what', 'it', 'be')",5.2308527763734105
1257,"('to', 'say', 'that')",5.220739332761447
1258,"('so', 'I', 'can')",5.218433798007041
1259,"('when', 'I', 'be')",5.214428345454856
1260,"('you', 'go', 'to')",5.210020780153538
1261,"('of', 'the', 'sequence')",5.207918412195909
1262,"('if', 'I', 'have')",5.202463235897227
1263,"('but', 'I', 'be')",5.20035789385954
1264,"('if', 'it', 'be')",5.198431298681037
1265,"('like', 'I', 'be')",5.1834102275673
1266,"('and', 'the', 'other')",5.169919521810719
1267,"('be', 'the', 'most')",5.168731064465614
1268,"('I', 'do', 'so')",5.157093974108953
1269,"('you', 'have', 'a')",5.153791342704444
1270,"('when', 'you', 'be')",5.149795842022762
1271,"('be', 'only', 'a')",5.143315746909387
1272,"('ll', 'be', 'you')",5.138044836330405
1273,"('need', 'to', 'be')",5.135397161099753
1274,"('it', 'be', 'a')",5.126641420367513
1275,"('and', 'if', 'it')",5.123177758012478
1276,"('for', 'i', 'I')",5.121327644469716
1277,"('and', 'she', 'be')",5.098614372058041
1278,"('it', 'do', 'not')",5.091167479545522
1279,"('be', 'not', 'like')",5.0896591976189285
1280,"('of', 'the', 'term')",5.076128539640369
1281,"('to', 'a', 'give')",5.075888843854017
1282,"('sum', 'of', 'the')",5.07122974022753
1283,"('make', 'you', 'a')",5.0666866235959205
1284,"('if', 'we', 'be')",5.049582801337088
1285,"('type', 'of', 'the')",5.042181207717029
1286,"('to', 'get', 'a')",5.034429236755653
1287,"('but', 'that', 'be')",5.021523243586067
1288,"('be', 'see', 'you')",5.016687060330181
1289,"('I', 'have', 'to')",5.010857761912035
1290,"('be', 'part', 'of')",5.005411342478652
1291,"('the', 'sea', 'be')",4.979253265601898
1292,"('the', 'hand', 'of')",4.9765928660894545
1293,"('so', 'that', 'it')",4.973569277398365
1294,"('of', 'the', 'first')",4.967714714742996
1295,"('that', 'be', 'not')",4.961934447296265
1296,"('to', 'use', 'a')",4.958148574925513
1297,"('be', 'the', 'last')",4.957226959271903
1298,"('the', 'thing', 'you')",4.951362270015149
1299,"('but', 'this', 'be')",4.94574192333457
1300,"('and', 'I', ""'"")",4.940193171824831
1301,"('be', 'just', 'a')",4.937002210109483
1302,"('back', 'of', 'the')",4.934467390416774
1303,"('the', 'answer', 'be')",4.924805481579526
1304,"('do', 'you', 'have')",4.91473983857043
1305,"('in', 'the', 'complex')",4.91338465078222
1306,"('to', 'go', 'to')",4.913367312021251
1307,"('can', 'not', 'be')",4.90887320354485
1308,"('all', 'of', 'this')",4.90414833732687
1309,"('and', 'there', 'be')",4.902217159254533
1310,"('and', 'I', 'will')",4.898372996130199
1311,"('I', 'be', 'not')",4.890790844561394
1312,"('and', 'it', ""'s"")",4.878600256886251
1313,"('I', 'be', 'go')",4.871839763285443
1314,"('so', 'I', 'have')",4.865937764796911
1315,"('right', 'this', 'be')",4.863810973560479
1316,"('to', 'do', 'this')",4.862973429561684
1317,"('I', 'be', 'think')",4.861724419193379
1318,"('I', '', 'be')",4.8467373683251225
1319,"('some', 'of', 'the')",4.842737119354659
1320,"('be', 'not', 'what')",4.840011345400047
1321,"('and', 'we', 'can')",4.839050402033113
1322,"('of', 'the', 'set')",4.83061356027217
1323,"('of', 'the', 'list')",4.829943007138603
1324,"('be', 'out', 'of')",4.819804718804072
1325,"('I', 'can', 'not')",4.8103290128900795
1326,"('and', 'you', 'can')",4.806154661026206
1327,"('as', 'the', 'one')",4.803514231238946
1328,"('I', 'say', 'I')",4.786855163132245
1329,"('the', 'way', 'that')",4.777082302578524
1330,"('to', 'be', 'give')",4.765574376108077
1331,"('it', 'be', 'not')",4.756870110099804
1332,"('with', 'all', 'the')",4.721100130977256
1333,"('have', 'to', 'be')",4.720359661820908
1334,"('one', 'of', 'you')",4.718456737411675
1335,"('here', 'be', 'the')",4.714958313562192
1336,"('to', 'the', 'other')",4.703128136971927
1337,"('I', 'will', 'be')",4.6841199196037735
1338,"('procedure', 'in', 'the')",4.6769444549601396
1339,"('they', 'be', 'not')",4.667371959260699
1340,"('we', 'will', 'be')",4.652383157178583
1341,"('right', 'that', 'be')",4.647411542318665
1342,"('I', 'be', 'just')",4.6276792252596834
1343,"('here', 'be', 'a')",4.618506381014399
1344,"('in', 'the', 'list')",4.616709347826774
1345,"('the', 'way', 'you')",4.601777832224922
1346,"('and', 'I', 'just')",4.578897895952327
1347,"('it', 'as', 'a')",4.577760298791816
1348,"('it', 'can', 'be')",4.577248610047121
1349,"('out', 'in', 'the')",4.571827749145925
1350,"('the', 'way', 'I')",4.566874662106102
1351,"('have', 'not', 'be')",4.55637717033472
1352,"('what', 'I', 'be')",4.555250752094693
1353,"('be', 'the', 'first')",4.553357250848364
1354,"('what', 'be', 'the')",4.534015528547357
1355,"('to', 'get', 'to')",4.530470149750922
1356,"('I', 'get', 'to')",4.529186041930597
1357,"('of', 'the', 'other')",4.522027002623972
1358,"('will', 'have', 'be')",4.514765491647594
1359,"('of', 'the', 'thing')",4.514249652032248
1360,"('and', 'they', 'be')",4.476291343832955
1361,"('be', 'just', 'that')",4.475316786347399
1362,"('list', 'of', 'the')",4.4673729277539
1363,"('the', 'list', 'of')",4.4673729277539
1364,"('so', 'that', 'be')",4.440428560304618
1365,"('and', 'I', 'can')",4.42332818748708
1366,"('that', 'you', '')",4.414600478012112
1367,"('that', 'be', 'if')",4.414383952020238
1368,"('so', 'it', 'be')",4.402474208943417
1369,"('you', 'be', 'go')",4.392169760574504
1370,"('it', ""'s"", 'a')",4.389699147384597
1371,"('can', 'have', 'be')",4.387643986424784
1372,"('to', 'be', 'use')",4.384799701345777
1373,"('if', 'I', 'be')",4.370826180957266
1374,"('be', 'when', 'I')",4.366431438899909
1375,"('go', 'to', 'be')",4.358550698276012
1376,"('this', 'be', 'a')",4.337415935393636
1377,"('to', 'use', 'the')",4.332134483002214
1378,"('and', 'the', 'way')",4.327130906258532
1379,"('this', '', 'be')",4.305598639043978
1380,"('i', 'and', 'I')",4.3053869301156595
1381,"('to', 'do', 'it')",4.293117821230737
1382,"('to', 'make', 'a')",4.284606328293393
1383,"('be', 'about', 'to')",4.279306572498463
1384,"('of', 'the', 'two')",4.258064520179921
1385,"('not', 'have', 'a')",4.25525692599831
1386,"('that', 'be', 'what')",4.250885219737356
1387,"('the', 'time', 'I')",4.246164545375414
1388,"('that', 'be', 'all')",4.243644098796366
1389,"('we', 'be', 'not')",4.234563217228413
1390,"('which', 'be', 'a')",4.233708494913245
1391,"('that', 'I', 'have')",4.231276933401965
1392,"('the', 'sum', 'be')",4.212087433659995
1393,"('the', 'tree', 'be')",4.208598447580123
1394,"('to', 'one', 'of')",4.199410847942936
1395,"('which', 'be', 'the')",4.192656903711097
1396,"('get', 'to', 'the')",4.186022723495903
1397,"('it', 'with', 'a')",4.175289688542762
1398,"('that', 'you', 'have')",4.166644429969871
1399,"('be', 'up', 'to')",4.1247834870749
1400,"('be', 'to', 'use')",4.121765295511985
1401,"('then', 'I', 'be')",4.11596570656917
1402,"('of', 'the', 'time')",4.106989503345126
1403,"('that', 'we', 'be')",4.1048687102030215
1404,"('I', 'have', 'have')",4.103253631969324
1405,"('be', 'the', 'only')",4.102264155707239
1406,"('you', 'you', 'can')",4.0808015869925995
1407,"('up', 'to', 'the')",4.072118268731337
1408,"('that', 'can', 'be')",4.030240460687175
1409,"('the', 'use', 'of')",3.999030255209206
1410,"('I', 'be', 'get')",3.974369428185355
1411,"('it', 'have', 'be')",3.9617181710031986
1412,"('it', 'be', 'all')",3.9605772495986287
1413,"('for', 'you', 'you')",3.9592837674153643
1414,"('be', 'the', 'sum')",3.949053027826203
1415,"('that', 'be', 'a')",3.919382642982171
1416,"('and', 'then', 'the')",3.8939460602694282
1417,"('be', 'the', 'procedure')",3.8908581496561894
1418,"('and', 'this', 'be')",3.740160401145566
1419,"('that', 'I', 'can')",3.735776060057148
1420,"('of', 'they', 'be')",3.7288631510952968
1421,"('that', 'it', 'be')",3.7271713930511297
1422,"('you', 'I', '')",3.7189660103694493
1423,"('in', 'the', 'right')",3.71662815643262
1424,"('and', 'so', 'I')",3.696012763354595
1425,"('go', 'to', 'the')",3.6684555593171453
1426,"('this', 'be', 'not')",3.66376070570832
1427,"('you', 'be', 'not')",3.6610990948587983
1428,"('be', 'one', 'of')",3.6445942341976902
1429,"('I', 'have', 'be')",3.619539880449672
1430,"('you', 'and', 'you')",3.558380552340161
1431,"('to', 'have', 'a')",3.5567429412344325
1432,"('that', 'I', 'be')",3.55164297190705
1433,"('be', 'the', 'way')",3.527915329010945
1434,"('this', 'be', 'the')",3.5276898902979497
1435,"('and', 'we', 'be')",3.5174137901330838
1436,"('be', 'not', 'a')",3.508508768644866
1437,"('i', 'I', 'be')",3.5061713528680727
1438,"('for', 'you', 'to')",3.440237877946629
1439,"('be', 'you', 'do')",3.4310260870507747
1440,"('and', 'I', 'have')",3.4187554576972587
1441,"('and', 'it', 'be')",3.3767556702820514
1443,"('you', 'will', 'be')",3.35645301033788
1442,"('will', 'you', 'be')",3.35645301033788
1444,"('will', 'be', 'a')",3.3413662078738753
1445,"('i', 'to', 'the')",3.329259360260977
1446,"('you', 'be', 'a')",3.3290406733497164
1447,"('but', 'in', 'the')",3.3131322790364734
1448,"('have', 'be', 'a')",3.291432944684175
1449,"('I', 'be', 'in')",3.284482513618677
1450,"('I', 'be', 'do')",3.2732661691464173
1451,"('we', 'be', 'in')",3.25274575119348
1452,"('I', 'have', 'a')",3.192888754029404
1453,"('I', 'be', 'so')",3.159831591940801
1454,"('so', 'that', 'the')",3.124728936127262
1455,"('and', 'I', 'be')",3.101691575587054
1456,"('that', 'this', 'be')",3.0746345800456325
1457,"('and', 'you', 'be')",3.0694805498473414
1458,"('and', 'he', 'be')",3.0670280290002125
1459,"('be', 'not', 'the')",3.052419678163872
1460,"('be', 'not', 'in')",2.984280606202873
1461,"('be', 'that', 'we')",2.967365186453087
1462,"('that', 'be', 'we')",2.967365186453087
1463,"('it', 'in', 'the')",2.9338915309150195
1464,"('not', 'in', 'the')",2.93161538785931
1465,"('and', 'that', 'be')",2.9228569253135745
1466,"('have', 'you', 'be')",2.917477456402281
1467,"('i', 'in', 'the')",2.9084523552399943
1468,"('to', 'be', 'a')",2.8771089797395177
1469,"('they', 'be', 'the')",2.846802969578256
1470,"('be', 'not', 'it')",2.8308706915435806
1471,"('be', 'at', 'the')",2.8306230425228236
1472,"('that', 'have', 'be')",2.8297475209220977
1473,"('that', 'you', 'be')",2.782466352001123
1474,"('can', 'be', 'a')",2.769459859978163
1475,"('of', 'all', 'the')",2.7484867935586124
1476,"('to', 'have', 'to')",2.690213774844999
1477,"('that', 'be', 'the')",2.5945380857794405
1478,"('be', 'the', 'one')",2.5401416313441985
1479,"('be', 'on', 'the')",2.5248748746908944
1480,"('you', 'to', 'be')",2.503153491457624
1481,"('will', 'be', 'the')",2.492959694614129
1482,"('be', 'the', 'right')",2.4451150239584294
1483,"('be', 'I', 'do')",2.4252692625914705
1484,"('I', 'be', 'a')",2.3232838488904264
1485,"('it', 'be', 'the')",2.290409621053861
1486,"('you', 'be', 'in')",2.219850010186576
1487,"('be', 'in', 'the')",2.180785129879361
1488,"('I', 'be', 'you')",2.0868318843584532
1489,"('be', 'in', 'a')",1.9417288018887788
1490,"('that', 'be', 'to')",1.9008503831476844
1491,"('be', 'that', 'I')",1.8995662753273592
1492,"('it', 'be', 'I')",1.809144504072016
1493,"('it', 'to', 'the')",1.5651183156063837
1494,"('be', 'it', 'be')",1.2556119981470957
1495,"('I', 'be', 'the')",0.6972697569671169
1496,"('be', 'that', 'the')",0.655938630443579
1497,"('be', 'to', 'be')",0.6516834095800945
1498,"('you', 'be', 'the')",0.2175997542561845
