,word,rus_word,local_word,examples,local_examples
0,word,слово,mot,key word|english word|first word|good word,le mot-clé|mot anglais|premier mot|bonne parole
1,and,и,et,,
2,and,а,et,,
3,and,и,et,He thinks of you day and night,Il pense à toi jour et nuit
4,and,но,mais,It's an embarrassing joke and not an insult,C'est embarrassant blague et pas une insulte
5,and,а,et,This is a squid and not an octopus,C'est un calmar et pas un poulpe
6,that,так,donc,,
7,that,то,ce,,
8,that,который / кто / тот который,qui / qui / celui qui,I know the guy that sold you the disk,Je connais le gars qui vous a vendu le disque
9,that,тот,le,On that evening I met Natalie|Do you see those two marks on the wall?,"Sur la soirée, j'ai rencontré Natalie|Voyez-vous ces deux marques sur le mur?"
10,that,что,que,Tell him that Margaret wanted to see him,Dites-lui que Margaret voulait le voir
11,that,чтобы,pour,Turn the mirror so that the room becomes visually larger,Tourner le miroir de sorte que la pièce devient visuellement plus
12,for,для,pour,,
13,for,на,sur,,
14,for,за,pour,,
15,for,в,dans,,
16,for,по,par,,
17,for,к,de,,
18,for,потому что / ибо,parce que / pour,"Lord forgive me, for I've sinned","Seigneur, pardonne-moi, car j'ai péché"
19,with,с,avec,,
20,with no,без,sans,,
21,but,но,mais,,
22,but,однако,cependant,,
23,but,а,et,,
24,but,но,mais,He's hardworking but not very intelligent,Il est laborieux mais pas très intelligent
25,but,а,et,You may tell that to others but not to me,Vous pouvez dire que pour les autres mais pas pour moi
26,but,тем не менее,néanmoins,"What he says is ugly, but it's quite true","Ce qu'il dit, c'est moche, mais c'est tout à fait vrai"
27,but,однако,cependant,"Sam would have been best, but he was dead","Sam aurait été mieux, mais il était mort"
28,but,как / кроме как,comme / sauf comme,There was nothing else to do but to wait,Il n'y avait rien d'autre à faire que d'attendre
29,but,чтобы не,pour ne pas,Never a day passes but he calls her,Jamais un jour ne passe sans qu'il l'appelle
30,you,вы,vous,May I offer you a drink?,Puis-je vous offrir un verre?
31,you,ты,tu,I'm thinking about you,Je pense à vous
32,this,этот,ce,Do you recognise this object?,Reconnaissez-vous cet objet?
33,this,это,ce,I will explain this to you more fully later,Je vais vous expliquer ce à vous plus en détail plus tard
34,not,нельзя,on ne saurait,,
35,not,мало,peu,,
36,not,недостаточно,pas assez,,
37,not,совсем,tout à fait,,
38,not,плохо,mauvais,,
39,not,невозможно,il est impossible,,
40,have,иметь,avoir,to have the right|to have children|to have consequences|to have access,pour avoir le droit|pour avoir des enfants|d'avoir des conséquences|pour avoir accès
41,have,быть,être,to have time|to have their hands full|to have a product|to have nuclear weapons,pour avoir le temps|pour avoir les mains pleines|pour avoir un produit|posséder des armes nucléaires
42,have,получить,recevoir,to have a chance|to have infections,pour avoir une chance|une infection
43,have,обладать,posséder,to have legitimacy|to have its own local particularities,la légitimité|avoir ses particularités locales
44,have,оказать,apporter,,
45,have,мочь,pouvoir,,
46,have got,быть,être,,
47,have got,попалить,frapper,,
48,have to,придтись,придтись,,
49,have to,вынудить,contraindre,,
50,have to,приходиться,tomber,,
51,have to,следовать,suivre,,
52,have to,потребоваться,être nécessaire,,
53,have to,обязать,obliger,,
54,have to,иметь,avoir,,
55,letter,письмо,lettre,open letter|cover letter|official letter|registered letter,lettre ouverte|lettre d'accompagnement|lettre officielle|lettre recommandée
56,letter,буква,lettre,drive letter|first letter|letter of the law|capital letter,lettre de lecteur|première lettre|la lettre de la loi|majuscule
57,letter,символ,symbole,letters of genetic code,lettres de code génétique
58,plate,пластина,plaque,color plate|offset plate|phosphorous plate|gold plate,plaque de couleur|des plaques offset|le phosphore de la plaque|plaque en or
59,plate,плита,cuisinière,tectonic plate|base plate|sandwich plate|wall plate,la plaque tectonique|plaque de base|plaque sandwich|plaque murale
60,plate,тарелка,assiette,souvenir plates|dinner plate,assiettes souvenir|assiette
61,plate,пластинка,disque,glass plate|X-ray plate,plaque de verre|Plaque à rayons X
62,plate,лист,feuille,,
63,plate,табличка,panonceau,,
64,plate,листы,feuilles,,
65,plate,посуда,ustensile,,
66,plate,доска,planche,,
67,treat,угощение,régalade,morning treat,matin traiter
68,treat,удовольствие,plaisir,,
69,treat,лакомство,friandise,,
70,treat,лечить,traiter,to treat people,traiter les gens de
71,treat,рассматривать,considérer,,
72,treat,относиться,se rapporter à,,
73,treat,обращаться,se tourner,,
74,treat,вылечить,guérir,,
75,treat,рассматриваться,se considérer,,
76,treat,угостить,régaler,,
77,treat,обрабатывать,traiter,to treat even vast skin areas,pour traiter de vastes zones de la peau
78,treat,лечиться,se soigner,,
79,diner,diners,diners,,
80,dinner,ужин,dîner,romantic dinner|gala dinner|family dinner|themed dinner,dîner romantique|gala|les repas de famille|dîner à thème
81,dinner,обед,dîner,business dinner|excellent dinner,dîner d'affaires|excellent dîner
82,necessary,нужный,nécessaire,,
83,necessary,обязательный,obligatoire,,
84,necessary,необходимый,nécessaire,,
85,necessary,неотъемлемый,inaliénable,,
86,necessary,должный,dû,,
87,go,идти,aller,to go home|to go further|to go straight|to go forward,rentrer|pour aller plus loin|pour aller tout droit|pour aller de l'avant
88,go,пойти,aller,to go well|to go there|to go down|to go wrong,pour aller bien|pour y aller|descendre|aller de mal
89,go,быть,être,to go decisively|to go tomorrow|to go in vain,pour aller de manière décisive|aller demain|pour aller en vain
90,go,ходить,marcher,,
91,go,пройти,passer,to go smoothly|to go here|to go too well|to go into her exam,aller en douceur|aller ici|aller trop bien|pour aller à son examen
92,go,отправиться,aller,to go to summer camp|to go to pristine reefs|to go to this village,pour aller à un camp d'été|pour aller aux récifs Vierges|pour aller dans ce village
93,go,перейти,passer,to go to the background image|to go into its pinwheel display,pour aller à l'image d'arrière-plan|pour aller dans son moulinet affichage
94,go,ехать,aller,to go there directly,pour y aller directement
95,go,поехать,aller à,,
96,go away,уезжать,quitter,,
97,go up,идти вверх,monter,,
98,go up,подходить,convenir,,
99,go up,росить,rosée,,
100,go awry,сойти с ума,devenir fou,,
101,go around,обойти,contourner,,
102,go around,вращаться,tourner,,
103,go around,ездить по миру,conduire à travers le monde,,
104,go around,часто путешествовать,voyager souvent,,
105,go around,хватать,suffire,,
106,go around,пролетать,survoler,,
107,go around,ходить вокруг,marcher autour,,
108,go out,выйти,sortir,,
109,go out,выходить,sortir,to go out into the streets,de sortir dans les rues
110,go out,пойти,aller,,
111,go out,уходить,s'en aller,,
112,go out,уйти,quitter,,
113,go out,выслать,envoyer,,
114,go out,отправиться,aller,,
115,go out,отправляться,partir,,
116,go out,выезжать,sortir,,
117,go off,плыть,nager,,
118,secret,секретный,secret,,
119,secret,тайный,secret,,
120,secret,сокровенный,intime,,
121,secret,секрет,secret,state secret|secret to high performance|shared secret|little secret,secret d'état|secret de la haute performance|secret partagé|petit secret
122,secret,тайна,mystère,trade secret|family secret|military secret|official secret,secret de commerce|secret de famille|secret militaire|le secret officiel
123,table,табличный,tabulaire,,
124,table,настольный,de table,,
125,table,стол,bureau,round table|dining table|pool table|negotiating table,table ronde|table de salle à manger|billard|table de négociation
126,table,таблица,tableau,routing table|following table|periodic table|partition table,la table de routage|tableau suivant|tableau périodique|la table de partition
127,table,столик,table,coffee table|dressing table|small table|changing table,table à café|coiffeuse|petite table|table à langer
128,table,рассматриваться,se considérer,,
129,create,создать,créer,to create a vacuum|to create conditions|to create a system|to create institutions,pour créer un vide|pour créer les conditions|pour créer un système de|créer des institutions
130,create,создавать,créer,to create a world|to create problems|to create the impression|to create the circumstances,pour créer un monde|pour créer des problèmes|pour créer l'impression|pour créer les circonstances
131,create,создаваться,se former,,
132,create,образовать,former,,
133,warm,теплый,chaud,very warm,très chaud
134,warm,тепло,Il fait chaud,,
135,warm,уютный,confortable,,
136,warm,горячий,chaud,,
137,warm,радушный,cordial,,
138,warm,согревать,réchauffer,,
139,warm,подогревать,chauffer,,
140,warm,греть,chauffer,,
141,warm up,нагреваться,chauffer,,
142,warm up,нагреться,se réchauffer,,
143,nobody,никто,quiconque,Nobody says it will be easy,Personne ne dit qu'il va être facile
144,entire,всей,tout,,
145,entire,полный,complet,,
146,entire,целую,entière,,
147,entire,весь,tous,,
148,entire,цельный,monobloc,,
149,entire,целостный,holistique,,
150,anything,что-нибудь,n'importe quoi,Have you ever seen anything like this?,Avez-vous jamais vu quelque chose comme cela?
151,anything,ничто,rien,We aren’t going to find anything out here.,Nous n'allons pas trouver quelque chose ici.
152,anything,всё,C'est tout,I'll do anything I can,Je vais faire tout ce que je peux
153,background,фоновый,parasite,,
154,background,справочный,de référence,,
155,background,фон,toile de fond,transparent background|white background|black background|radiation background,arrière-plan transparent|fond blanc|arrière-plan noir|le rayonnement de fond
156,background,фоновый режим,le mode arrière-plan,,
157,background,происхождение,origine,ethnic background|family background,l'origine ethnique|la famille de fond
158,background,задний план,arrière-plan,,
159,background,фоновое изображение,l'image de fond,,
160,background,предпосылка,condition préalable,,
161,background,корень,racine,immigrant background,origine des immigrants
162,child,дитя,enfant,young child|Pakistani children|innocent child|healthy child,jeune enfant|Enfants pakistanais|enfant innocent|sain de l'enfant
163,child,ребенок,enfant,first child|second child|small child|virtual child,premier enfant|deuxième enfant|petit enfant|virtuelle enfant
164,child,размещении всех детей,tous les enfants,,
165,child,размещении одного ребёнка,placement d'un enfant,,
166,childhood,детство,enfance,early childhood|happy childhood|unhappy childhood|very difficult childhood,de la petite enfance|enfance heureuse|enfance malheureuse|enfance très difficile
167,childhood,детском возрасте,enfance,,
168,everything,весь / всё,tout / tous les,Everything else doesn't matter,Tout le reste n'a pas d'importance
169,grandchild,внук,petit-fils,little grandchildren,peu de petits-enfants
170,ketchup,кетчуп,ketchup,,
171,point,точка,point,starting point|access point|percentage point|ideal starting point,point de départ|point d'accès|point de pourcentage|point de départ idéal
172,point,пункт,paragraphe,basis point|turning point|vaccination points|passport control points,d'un point de base|tournant|points de vaccination|points de contrôle des passeports
173,point,момент,Un instant...,tipping point|key point|important point|certain point,point de bascule|point clé|point important|certains point
174,point,очки,lunette,ACP Point|bonus point|Reward Point|political point,Point ACP|point de bonus|Point De Récompense|point politique
175,point,балл,score,penalty point,point de pénalité
176,point,смысл,sens,,
177,point,дело,affaire,,
178,point,очко,lunette,first point,premier point
179,point,указывать,indiquer,to point at the map,pointez sur la carte
180,point,указать,indiquer,to point dramatically|to point the way,au point de façon spectaculaire|pour indiquer le chemin
181,point,направить,diriger,,
182,point,отметить,noter,,
183,point,ссылаться,invoquer,,
184,point,показывать,montrer,,
185,point,обращать,tourner,,
186,point,отмечать,célébrer,,
187,point out,отметить,noter,,
188,point out,выявить,identifier,,
189,point out,указывать,indiquer,to sensibly point out gold's risks|to point out gold's risks|to point out the information's absence,intelligemment point de l'or de risques|pour souligner l'or des risques|pour souligner l'absence d'information
190,point out,отмечать,célébrer,,
191,point out,указать,indiquer,,
192,point out,подчеркивать,souligner,,
193,point out,заметить,remarquer,,
194,point out,отмечаться,pointer,,
195,point out,напомнить,rappeler,,
196,strength,сила,force,physical strength|growing strength|political strength|economic strength,la force physique|force de plus en plus|la force politique|la force économique
197,strength,прочность,résistance,structural strength,résistance structurale
198,strength,сильная сторона,fort,key strength,force de la clé
199,strength,мощь,puissant,industrial strength,force industrielle
200,strength,преимущество,avantage,,
201,strength,мощность,puissance,,
202,star,звезда,étoile,red star|gold star|rising star|bright star,le red star|étoile d'or|rising star|bright star
203,star,stars,stars,,
204,star,стар,vieux,,
205,star,сниматься,s'enlever,,
206,thing,вещь,chose,interesting thing|different thing|simple thing|important thing,chose intéressante|autre chose|quelque chose de simple|chose importante
207,thing,дело,affaire,good thing|first thing|terrible thing,bonne chose|première chose|chose terrible
208,thing,штука,pièce,rusted circular thing|marvelously constructed thing|little thing|weird thing,rouillé circulaire chose|merveilleusement construits chose|peu de chose|chose bizarre
209,thing,ситуация,situation,,
210,thing,предмет,objet,non-living thing,chose non vivante
211,thing,событие,événement,,
212,thing,момент,Un instant...,key thing|very positive thing|second thing,clé de chose|chose de très positif|deuxième chose
213,thing,объект,objet,,
214,thing,явление,phénomène,urban things|common thing,urbain choses|chose commune
215,coincide,совпадать,coïncider,,
216,coincide,совпасть,coïncider,to coincide precisely,pour coïncider précisément
217,coincide,приурочить,chronométrer,,
218,dance,танец,danse,folk dance|classical dance|traditional dance|Dance of Fire,la danse folklorique|danse classique|danse traditionnelle|Danse du feu
219,dance,бал,bal,,
220,dance,пляска,danse,wild dance,danse sauvage
221,dance,танцевать,danser,to dance together,à danser ensemble
222,dance,плясать,danser,,
223,dance,потанцевать,danser,,
224,countryside,местность,terrain,surrounding countryside|Tuscan countryside|beautiful countryside|green countryside,la campagne environnante|Campagne toscane|belle campagne|verte campagne
225,countryside,деревня,village,Andalusian countryside,Campagne andalouse
226,countryside,природа,nature,,
227,countryside,окрестность,alentours,,
228,countryside,загородный пейзаж,paysage rural,,
229,countryside,пейзаж,paysage,,
230,countryside,загородные районы,des banlieues,,
231,break,перерыв,pause,lunch break|winter break|short break|small break,pause déjeuner|vacances d'hiver|courte pause|petite pause
232,break,отдых,détente,relaxing break|family break|peaceful break|active break,pause détente|l'éclatement de la famille|halte paisible|pause active
233,break,разрыв,écart,single-strand breaks|radical break|unrepaired single-strand breaks,simple-brin|rupture radicale|non réparés simple-brin
234,break,льгота,allégement,tax break,d'impôt
235,break,каникула,vacances,summer break|spring break|mid-winter break,les vacances d'été|relâche|milieu des vacances d'hiver
236,break,перемена,changement,,
237,break,отпуск,vacance,,
238,break,прорыв,percée,,
239,break,пауза,pause,commercial break,pause commerciale
240,break,сломать,casser,to break his legs,pour casser les jambes
241,break,нарушать,violer,to break the law|to break the rules,d'enfreindre la loi|pour briser les règles
242,break,нарушить,violer,to break with convention,pour rompre avec la convention
243,break,разбить,briser,to break one transaction|to break my heart,pour briser une transaction|pour briser mon coeur
244,break,ломать,casser,to mostly break stealth,pour briser la discrétion
245,break,разорвать,rompre,to break this vicious circle,pour rompre ce cercle vicieux
246,break,побивать,battre,to break the record|to break every record,pour battre le record|casser chaque enregistrement
247,break,порвать,rompre avec,,
248,break,разрушить,détruire,,
249,break up,пресечь,étouffer,,
250,break up,разогнать,overclocker,,
251,break up,ликвидировать,liquider,,
252,break up,развалиться,se prélasser,,
253,break up,раскрыть,divulguer,,
254,break up,распасться,se désagréger,,
255,break up,перекрыть,bloquer,,
256,break up,сорвать,arracher,,
257,break up,расстаться,se séparer,,
258,break down,сломаться,se casser,,
259,break down,разрушить,détruire,,
260,break down,ломаться,se casser,to break down a lot,décomposer beaucoup
261,break down,сломать,casser,,
262,break down,разбивать,briser,,
263,break down,разрушаться,se détruire,,
264,break down,нарушаться,être perturbé,,
265,break down,развеять,dissiper,,
266,break down,разрушать,détruire,,
267,break off,разорвать,rompre,,
268,break off,отламываться,rupture,,
269,break off,замолчать,se taire,,
270,break off,сорваться,tomber,,
271,break off,прервать,interrompre,,
272,break off,разрывать,déchirer,,
273,break off,прерываться,se briser,,
274,break out,разразиться,éclater,,
275,break out,вспыхнуть,éclater,,
276,break out,начаться,commencer,,
277,break out,разгореться,s'enflammer,,
278,break out,вырваться,échapper,,
279,break out,прорваться,percer,,
280,mother,матерь,mère,single mother|young mother|surrogate mother|poor mother,mère célibataire|jeune mère|mère porteuse|pauvre mère
281,mother,материя,matière,Mother Divine|God Mother|mothers of the dead,La Mère Divine|Dieu Mère|les mères des morts
282,mother,мама,maman,doting mother|ideal mother,tendre mère|idéal mère
283,start,начало,début,good start|fresh start|tournament's start|course start,bon début|nouveau départ|tournoi de début de la|début des cours
284,start,старт,lancement,slow start|quick start|Joyful starts|official start,démarrage lent|de démarrage rapide|Joyeux commence|départ officiel
285,start,запуск,démarrage,remote start|Web Start|first start|first start of the program,démarrage à distance|Web Start|premier démarrage|premier démarrage du programme
286,start,пуск,start,,
287,start,договор СНВ,traité START,,
288,start,начать,commencer,to start the game|to start now|to start a public campaign|to start a business,pour démarrer le jeu|pour commencer maintenant|pour démarrer une campagne publique|pour démarrer une entreprise
289,start,начинать,commencer,to start a bilateral confrontation|to start one's own business effectively|to start beneath the baseline|to start this year,pour lancer une confrontation bilatérale|pour démarrer sa propre entreprise efficacement|pour commencer sous la ligne de base|pour ce début d'année
290,start,начинаться,commencer,to start here,commencer ici
291,start,стать,devenir,,
292,start,начаться,commencer,,
293,start,запустить,démarrer,to start the installation process|to start your browser,pour démarrer le processus d'installation|pour commencer votre navigateur
294,start,приступить,commencer à,to start the normalization process,pour démarrer le processus de normalisation
295,start,стартовать,démarrer,,
296,start,открыть,ouvrir,to start a savings account|to start her own business,pour démarrer un compte d'épargne|pour démarrer sa propre entreprise
297,start up,запускать,exécuter,,
298,start up,запускаться,exécutant,,
299,start up,вновь запустить,redémarrer,,
300,start up,запуститься,démarrer,,
301,start out,начинать с электричества,commencer avec l'électricité,,
302,start off,начать,commencer,to start off with wine first,pour commencer avec le vin premier
303,tip,совет,Soviet,This week's tip|useful tip|general tips,Le Conseil de cette semaine|conseil utile|conseils généraux
304,tip,наводка,pointage,,
305,tip,подсказка,bulle,small tip,petite astuce
306,tip,опрокидывать,mettre en biais,to tip the cow,pour renverser la vache
307,tip,опрокинуть,renverser,,
308,tip,толкнуть,pousser,,
309,tip,повергнуть,plonger,,
310,apologize,извиниться,s'excuser devant,,
311,apologize,извиняться,s'excuser,,
312,apologize,приносить извинения,faire des excuses,,
313,apologize,принести извинения,présenter des excuses,,
314,apologize,приносить свои извинения,porter ses excuses,,
315,apologize,принести свои извинения,s'excuser,,
316,apologize,попросить прощение,demander pardon,,
317,come,придти,arriver,to come here|to come to the conclusion|to come home|to come tomorrow,pour venir ici|pour en venir à la conclusion|pour revenir à la maison|à venir demain
318,come,приходить,venir,to come again|to come over here|to now come to power|to come quickly,pour venir de nouveau|pour venir ici|maintenant est venu au pouvoir|à venir rapidement
319,come,быть,être,to come down|to come over,descendre|à venir
320,come,приехать,arriver,to come here again|to come from somewhere,pour venir ici à nouveau|pour venir de quelque part
321,come,прислать,envoyer,to come in yesterday,pour venir hier
322,come,приезжать,venir,to come from all over the world,à venir de tous les coins du monde
323,come,произойти,survenir,,
324,come,происходить,survenir,,
325,come,идти,aller,,
326,come out,выйти,sortir,,
327,come out,выходить,sortir,,
328,come out,выслать,envoyer,,
329,come out,выступить,prendre la parole,,
330,come out,получиться,résulter,,
331,come out,получаться,venir,,
332,come out,приехать,arriver,,
333,come out,появляться,apparaître,,
334,come out,высказаться,s'exprimé,,
335,come together,объедениться,объедениться,,
336,come together,собраться,se réunir,,
337,come together,объеденяться,объеденяться,,
338,come together,собираться,se réunir,,
339,come together,объединить свои усилия,unir leurs forces,,
340,come together,встречаться,rencontrer,,
341,come together,соединяться,s'unir,,
342,come together,сложиться,se former,,
343,come together,слиться воедино,se réunir,,
344,come across,попадаться,tomber,,
345,come across,сталкиваться,se heurter,,
346,come across,встречать,rencontrer,,
347,come across,наткнуться,tomber sur,,
348,come across,попасться,se faire prendre,,
349,come across,пересекать,traverser,,
350,come across,натолкнуться,heurter,,
351,come back,вернуться,revenir,to come back quickly|to come back here,pour revenir rapidement|pour revenir ici
352,come back,возвращаться,revenir,to come back home late,rentrer tard à la maison
353,come back,прилетать,arriver,,
354,come into,войти,entrer,to come into the room,pour venir dans la chambre
355,come into,вступить,prendre pied,to come into force,pour entrer en vigueur
356,come into,вступать,entrer,to come into play,à entrer en jeu
357,come up,подойти,s'approcher de,,
358,come up,придти,arriver,to come up that decision,pour arriver à cette décision
359,come up,подходить,convenir,,
360,come up,подниматься,lever,,
361,come up,приходить,venir,,
362,come up,возникать,survenir,,
363,come up,выступить,prendre la parole,,
364,come up,возникнуть,surgir,,
365,come up,подняться,monter,,
366,come down,опускаться,descendre,,
367,curriculum,учебная программа,curriculum,educational curriculum,programme de l'enseignement
368,curriculum,учебный план,curriculum,,
369,curriculum,программа обучения,programme de formation,,
370,curriculum,школьная программа,programme scolaire,school curriculum,le programme de l'école
371,curriculum,курс обучения,cursus,,
372,curriculum,учебный курс,cours d'études,,
373,expertise,опыт,expérience,technical expertise|international expertise|considerable expertise|professional expertise,expertise technique|l'expertise internationale|une expertise considérable|des professionnels de l'expertise
374,expertise,знание,connaissance,scientific expertise,l'expertise scientifique
375,expertise,экспертиза,examen,sanitary-hygienical expertise|local expertise,expertise sanitaire et hygiénique|l'expertise locale
376,expertise,компетентность,compétence,,
377,expertise,компетенция,compétence,,
378,expertise,экспертная оценка,avis d'expert,,
379,expertise,ноу-хау,le savoir-faire,,
380,expertise,квалификация,qualification,,
381,expertise,специализация,spécialisation,,
382,freeze,замораживание,congélation,credit freeze|price freeze|settlement freeze|armament freeze,gel du crédit|gel des prix|gel de la colonisation|l'armement de gel
383,freeze,мораторий,moratoire,,
384,freeze,мороз,gel,winter freeze,l'hiver de gel
385,freeze,заморозок,gel,,
386,freeze,замирание,fading,,
387,freeze,заморозить,congeler,to freeze history,pour figer l'histoire
388,freeze,замораживать,geler,,
389,freeze,замерзать,geler,,
390,freeze,замерзнуть,geler,,
391,freeze,застыть,figer,,
392,freeze,замереть,se figer,,
393,freeze,приостановить,suspendre,,
394,freeze,зависать,accrocher,,
395,freeze,мерзнуть,avoir froid,,
396,issue,вопрос,question,key issue|security issue|economic issue|political issue,question clé|problème de sécurité|question économique|question politique
397,issue,проблема,problème,global issue|environmental issue|social issue|serious issue,problème mondial|question environnementale|question sociale|question sérieuse
398,issue,выпуск,édition,bond issue|special issue|next issue|first issue,de l'émission d'obligations|numéro spécial|prochain numéro|première question
399,issue,тема,thème,priority issue|global hot-button issue,question prioritaire|mondial de chaud-bouton de problème
400,issue,задача,tâche,short term issues|foreign - policy issue|current issue|emerging issue,à court terme|autre question de politique étrangère|question d'actualité|question émergente
401,issue,издавать,publier,to issue a fatwa,d'émettre une fatwa
402,issue,выдать,délivrer,to issue a warning,pour émettre un avertissement
403,issue,выпустить,publier,,
404,issue,опубликовать,publier,to issue a report|to issue a hit list,à l'émission d'un rapport|de délivrer une liste de
405,issue,выдавать,délivrer,,
406,issue,вынести,prononcer,,
407,issue,выпускать,produire,,
408,issue,распространить,répandre,,
409,issue,выступить,prendre la parole,,
410,parent,родительский,parental,,
411,parent,родитель,parent,genetic parents|Poor parent|American parents|young parent,les parents génétiques|Parent pauvre|Les parents américains|jeune parent
412,member,член,membre,family member|eu member|IMU member|member of parliament,membre de la famille|membre de l'union européenne|IMU membre|député
413,member,участник,participant,party member|system member|program member|active member,membre du parti de l'|système de membre|membre du programme|membre actif
414,band,группа,groupe,relatively small band|gothic band|classic band|music band,groupe relativement petit|gothique bande|bande classique|groupe de musique
415,band,полоса,bande,blues band,blues band
416,band,диапазон,gamme,broad band|frequency band|noise band,large bande|bande de fréquence|bande de bruit
417,band,коллектив,collectif,italian band,groupe italien
418,band,банда,gang,armed band|band of thug,armés de la bande de|bande de voyou
419,band,лента,ruban,elastic band|steel band|broad rubber band,bande élastique|bande d'acier|large bande de caoutchouc
420,band,оркестр,orchestre,brass band|school's marching band|army band,fanfare|l'école de la fanfare|musique de l'armée
421,band,ансамбль,ensemble,,
422,order,заказ,commande,individual order|special order|export order|initial order,commande individuelle|commande spéciale|commande à l'exportation|première commande
423,order,порядок,ordre,public order|world order|international order|liberal order,l'ordre public|l'ordre du monde|l'ordre international|ordre libéral
424,order,приказ,ordre,limit order|mental order|government order|court order,afin de limiter|d'ordre mental|l'arrêté du gouvernement|ordonnance de la cour
425,order,ордер,mandat,pending order|market order|open order,commande en cours|ordre au marché|commande ouverte
426,order,орден,ordre,religious order|teutonic order|Order of the Red Star,ordre religieux|ordre des chevaliers teutoniques|Ordre de L'étoile rouge
427,order,распоряжение,disposition,full order,commande complète
428,order,поручение,mandat,money order|order for collection,de l'argent afin|afin de collecte
429,order,постановление,ordonnance,restraining order|Supreme Court order,ordonnance de ne pas faire|Ordonnance de la Cour suprême
430,order,перевод,traduction,,
431,order,заказать,commander,to order roast beef|to order room service|to order additional equipment|to order a portrait,pour commander du rosbif|pour commander le service de chambre|pour commander des équipements supplémentaires|pour commander un portrait
432,order,приказать,ordonner,to order police|to order the Army|to order all opponents|to order authorities,pour ordonner la police|à l'ordre de l'Armée|pour commander tous les adversaires|pour les autorités
433,order,поручить,confier,to order the government|to order officials|to order law enforcement agencies,le gouvernement|ordonner aux fonctionnaires|ordonner aux organismes d'application de la loi
434,order,заказывать,commander,,
435,order,распорядиться,ordonner de,,
436,order,постановить,décider,,
437,order,предписать,prescrire,,
438,order,обязать,obliger,,
439,order,потребовать,exiger,,
440,hot,горячий,chaud,,
441,hot,гидромассажный,hydromassage,,
442,hot,жаркий,chaud,,
443,hot,теплый,chaud,,
444,fly,муха,mouche,fruit fly|long-probosced fly,la mouche des fruits|long-probosced fly
445,fly,мушка,moucheron,,
446,fly,летать,voler,,
447,fly,лететь,voler,,
448,fly,вылететь,s'envoler,,
449,fly,полететь,voler,,
450,fly,пролететь,survoler,,
451,fly,прилетать,arriver,,
452,fly,пролетать,survoler,,
453,fly,взлететь,décoller,,
454,fly,вылетать,s'envoler,,
455,lie,ложь,mensonge,usual lie|deliberate lie|shameless lies,d'habitude mensonge|mensonge délibéré|sans vergogne se trouve
456,lie,лжи,mensonges,,
457,lie,неправда,iniquité,,
458,lie,вранье,bobards,,
459,lie,залог,gage,,
460,lie,лежать,coucher,to lie somewhere|to lie solely|to lie in the advanced countries,mentir quelque part|mentir uniquement|résider dans les pays avancés
461,lie,находиться,se trouver,,
462,lie,заключаться,résider,,
463,lie,расположить,situer,,
464,lie,лгать,mentir,,
465,lie,врать,mentir,,
466,lie,крыться,se trouver,,
467,lie,располагаться,se situer,,
468,lie,состоять,consister en,,
469,lie down,ложиться,se coucher,,
470,lie down,лечь,se coucher,,
471,lie down,прилечь,s'allonger,,
472,lie down,лежать,coucher,,
473,select,отборный,choisi,,
474,select,выбрать,choisir,to select a language|to select this option|to select the partition|to select the link below,pour sélectionner une langue|pour sélectionner cette option|pour sélectionner la partition|pour sélectionner le lien ci-dessous
475,select,выбирать,choisir,to select a program,pour sélectionner un programme
476,select,выделить,allouer,,
477,select,отобрать,choisir,,
478,select,подобрать,ramasser,,
479,select,указать,indiquer,to select a country|to select the type of currency,pour sélectionner un pays|pour sélectionner le type de devise
480,select,отбирать,sélectionner,,
481,select,выбираться,sortir,,
482,select,выделять,allouer,,
483,school,школьный,scolaire,,
484,school,учебный,scolaire,,
485,school,школа,école,primary school|high school|ski school|public school,à l'école primaire|lycée|école de ski|l'école publique
486,cafe,кафе,café,local cafe|cosy cafe|charming cafe|pavement cafes,café local|un café confortable|charmant café|les cafés
487,cafe,кафетерий,cafétéria,,
488,buy,покупка,achat,good buy,bon achat
489,buy,buys,buys,,
490,buy,купля,achat,,
491,buy,купить,acheter,to buy a ticket|to buy a house|to buy insurance|to buy refrigeration,pour acheter un billet|pour acheter une maison|d'acheter une assurance|acheter réfrigération
492,buy,покупать,acheter,to buy Turkmen gas|to buy things|to buy Turkmen gas directly|to buy long-term bonds,pour acheter du gaz turkmène|pour acheter des choses|acheter directement du gaz turkmène|pour acheter des obligations à long terme
493,buy,приобрести,acquérir,to buy houses|to buy tickets,pour acheter des maisons|pour acheter des billets
494,buy,закупать,acheter,,
495,buy,закупить,acheter,,
496,buy,скупать,racheter,to buy dollars|to actively buy dollars,pour acheter des dollars|pour acheter activement des dollars
497,buy,скупить,accaparer,,
498,buy,разъезжать,circuler,,
499,buy,оттягивать,retarder,,
500,buy up,скупить,accaparer,,
501,buy up,скупать,racheter,,
502,buy out,выкупить,racheter,,
503,tell,сказать,dire,to tell reporters|to tell people|to tell also|to tell police,"de dire aux journalistes|de dire aux gens|pour dire, aussi|pour dire la police"
504,tell,сообщить,informer,to tell media|to tell investigators|to tell authorities|to tell AP,pour dire les médias|informer les enquêteurs|de faire savoir aux autorités|dire à AP
505,tell,рассказать,raconter,to tell interrogators|to tell their friends|to tell their stories|to tell a story,dire aux interrogateurs|pour dire à leurs amis|pour raconter leurs histoires|pour raconter une histoire
506,tell,говорить,dire,to tell my students|to tell students|to often tell young coaches|to tell the guy,dire à mes étudiants|pour dire les étudiants|dire souvent aux jeunes entraîneurs|pour dire le gars
507,tell,заявить,déclarer,to tell the court|to tell Dawn|to tell journalists|to tell K News,pour dire à la cour|dire à l'Aube|pour dire les journalistes|dire à K News
508,tell,рассказывать,raconter,to tell stories|to tell the patient,pour raconter des histoires|dire au patient
509,tell,сообщать,signaler,,
510,international,международный,international,,
511,international,интернациональный,international,,
512,international,мировой,mondial,,
513,international,международный матч,match international,,
514,stand,стенд,stand,national stand|large stand|exclusive stand,position nationale|grand stand|stand exclusif
515,stand,позиция,position,united stand|active stand|decisive stand|principled stand,royaume-stand|actif en attente|résolument|position de principe
516,stand,остановка,arrêt,bus stand,l'arrêt de bus
517,stand,трибуна,tribune,duma stand,stand de la Douma
518,stand,стойка,bar,,
519,stand,подставка,socle,,
520,stand,киоск,kiosque,news stand,kiosque à journaux
521,stand,стоянка,parking,taxi stand|cab stand,station de taxi|cabine stand
522,stand,клеть,caisse,,
523,stand,постоять,rester debout,to stand still|to stand there|to stand here|to stand in these legs,pour rester immobile|rester là|ici|à se dans ces jambes
524,stand,стоить,coûter,,
525,stand,выступать,prendre la parole,,
526,stand,находиться,se trouver,,
527,stand,встать,se lever,,
528,stand,остановиться,arrêter,,
529,stand,выдержать,supporter,to stand the test of reality,pour résister à l'épreuve de la réalité
530,stand,составлять,représenter,,
531,stand,терпеть,tolérer,,
532,stand up,встать,se lever,,
533,stand up,подняться,monter,,
534,stand up,постоять,rester debout,,
535,stand up,вставать,se lever,,
536,stand up,выступить,prendre la parole,,
537,stand up,восстать,se révolter,,
538,stand up,подниматься,lever,,
539,stand up,окрепнуть,devenir plus fort,,
540,stand up,отстаивать,défendre,,
541,stand out,выделяться,se détacher,,
542,stand out,выделиться,se distinguer,,
543,stand out,отличаться,différer,,
544,stand out,заинтересовать,motiver,,
545,stand out,превосходить,surpasser,,
546,stand by,придерживаться,s'en tenir à,,
547,stand by,стоять в стороне,debout à côté,,
548,fish,рыбный,de poisson,,
549,fish,рыба,poisson,fresh fish|raw fish|freshwater fish|wild fish,le poisson frais|le poisson cru|poissons d'eau douce|poissons sauvages
550,fish,рыбка,poisson,little white fish|gold fish|white fish,petit poisson blanc|poisson d'or|poisson blanc
551,fish,рыбачить,être pêcheur,,
552,fish,ловить рыбу,pêcher,,
553,fish,удить,pêche,,
554,fish,выловить,pêcher,,
555,fish,ловить,attraper,,
556,benefit,выгода,avantage,economic benefit|potential benefit|social benefit|maximum benefit,avantage économique|l'avantage potentiel|avantages sociaux|le maximum d'avantages
557,benefit,преимущество,avantage,additional benefit|main benefit|benefits of globalization|obvious benefit,avantage supplémentaire|principal avantage|avantages de la mondialisation|avantage évident
558,benefit,польза,avantage,real benefit|benefits of slowness|moral benefit|societal benefit,un réel avantage|bienfaits de la lenteur|avantage moral|l'intérêt de la société
559,benefit,пособие,allocation,welfare benefit|Parent’s Benefit|retirement benefit|government benefit,des prestations d'aide sociale|Prestation aux parents|des prestations de retraite|prestation du gouvernement
560,benefit,льгота,allégement,tax benefit|pension benefit|housing benefit|special benefit,avantage fiscal|prestations de retraite|l'allocation de logement|prestation spéciale
561,benefit,благо,bienfait,material benefit|free benefit|joint benefit,avantage matériel|libre prestation|joint de prestations
562,benefit,прибыль,bénéfice,net benefit|huge benefit,l'avantage net|énorme avantage
563,benefit,выплата,paiement,social insurance benefit|monetary benefit,versées par les assurances sociales|avantage monétaire
564,benefit,выиграть,gagner,,
565,benefit,принести пользу,apporter des avantages,,
566,benefit,извлечь выгоду,tirer profit,,
567,benefit,выигрывать,gagner,,
568,benefit,извлекать выгоду,exploiter,,
569,benefit,приносить пользу,servir,,
570,benefit,извлечь пользу,bénéficier,,
571,benefit,получать выгоду,bénéficier,,
572,benefit,получить выгоду,obtenir un avantage,,
573,intelligent,умный,intelligent,most intelligent,le plus intelligent
574,intelligent,интеллектуальный,intellectuel,,
575,intelligent,разумный,raisonnable,,
576,intelligent,интеллигентный,intelligent,,
577,intelligent,грамотный,alphabétisé,,
578,follow,следовать,suivre,to follow the on-screen instructions|to follow the instructions|to follow the signs|to follow the rules,suivre les instructions à l'écran|suivre les instructions|suivre les panneaux indicateurs|suivre les règles de la
579,follow,последовать,suivre,to follow suit|to follow the troop deployment|to follow that advice,emboîter|suivre le déploiement des troupes|pour suivre les conseils
580,follow,соблюдать,respecter,to follow any comments|to follow any comments here,pour suivre tous les commentaires|pour suivre tout commentaire ici
581,follow,следить,surveiller,to follow our news|to follow my cards,pour suivre nos actualités|pour suivre mes cartes
582,follow,придерживаться,s'en tenir à,to follow policy,de suivre la politique
583,follow,выполнить,exécuter,,
584,follow,идти,aller,,
585,follow,вытекать,découler,to follow from inequality,à suivre à partir de l'inégalité
586,follow,предшествовать,précéder,,
587,follow up,проконсультироваться,consulter,,
588,journey,путешествие,voyage,fascinating journey|musical journey|vagina journey|continuous journey,voyage fascinant|voyage musical|vagin voyage|voyage continu
589,journey,путь,chemin,life journey|long journey|journey of suffering|long journey of suffering,parcours de vie|long voyage|chemin de la souffrance|le long voyage de la souffrance
590,journey,поездка,voyage,rail journey,voyage en train
591,news,новость,nouvelle,good news|bad news|weekly news|international news,bonne nouvelle|mauvaise nouvelle|nouvelles hebdomadaires|nouvelles internationales
592,news,ньюз,Newz,,
593,news,известие,nouvelle,welcome news,bienvenue news
594,news,Ньюз,Newz,news international,news international
595,news,собщение,sobriété,,
596,write,писать,écrire,to write software|to write a book|to write here|to write off the West,pour écrire un logiciel|pour écrire un livre|pour écrire ici|à la radiation de l'Ouest
597,write,написать,écrire,to write this page|to write a program|to write this book|to write an article,pour écrire cette page|pour écrire un programme|pour écrire ce livre|pour écrire un article
598,write,записать,enregistrer,to write those stories,pour écrire ces histoires
599,write,записывать,enregistrer,to write the genetic code|to write messages,pour écrire le code génétique|pour écrire des messages
600,write,сочинять,composer,,
601,write,писаться,être écrit,,
602,write down,записать,enregistrer,,
603,write down,записывать,enregistrer,,
604,write down,списать,radier,,
605,write down,выписать,prescrire,,
606,approbation,апробация,approbation,clinical approbation,l'approbation clinique
607,read,чтение,lecture,read ahead,lire à l'avance
608,read,читать,lire,to read more|to read more here|to read full article|to read books,lire plus|pour en lire plus ici|pour lire l'article complet|pour lire des livres
609,read,прочитать,lire,to read the book|to read this message|to read a book|to read that chapter,pour lire le livre|pour lire ce message|pour lire un livre|à lire ce chapitre
610,read,прочесть,lire,to read all your essays|to read the letter|to read our technical documents|to read this article,lire tous vos essais|pour lire la lettre|pour lire nos documents techniques|pour lire cet article
611,read,почитать,vénérer,to read the newspaper,pour lire le journal
612,read,ознакомиться,se familiariser avec,,
613,read,узнать,apprendre,,
614,read,читаться,être lu,,
615,read,зачитать,donner lecture de,,
616,read,гласить,dire,,
617,hear,слышать,entendre,to hear yesterday|to hear a lot|to hear music|to regularly hear often,pour entendre hier|à entendre beaucoup de choses|pour entendre la musique|régulièrement entendre souvent
618,hear,услышать,entendre,to hear the song|to hear a few weird songs|to hear the sound|to hear gunfire,pour entendre la chanson|pour entendre quelques chansons bizarres|pour entendre le son|pour entendre des coups de feu
619,hear,слушать,écouter,,
620,hear,узнать,apprendre,,
621,hear,послушать,écouter,,
622,hear,заслушать,entendre,,
623,hear,выслушать,écouter,,
624,hear of,слышать,entendre,,
625,feel,ощущение,sensation,,
626,feel,чувствовать,sentir,to feel pain|to feel God's love|to feel the need|to feel pressure,pour ressentir la douleur|pour ressentir l'amour de Dieu|pour ressentir le besoin|pour sentir la pression
627,feel,почувствовать,sentir,,
628,feel,ощутить,ressentir,,
629,feel,считать,croire,,
630,feel,испытывать,éprouver,to feel some happiness,pour ressentir un peu de bonheur
631,feel,казаться,sembler,,
632,feel,ощутиться,ressenti,,
633,feel,полезть,grimper,,
634,feel,прибавить,ajouter,,
635,be,быть,être,to be in CG|to be here|to be there,pour être en CG|d'être ici|d'être là
636,be,стать,devenir,,
637,be,иметь,avoir,,
638,be,являться,être,,
639,be,находиться,se trouver,,
640,be,заключаться,résider,,
641,be,оказаться,s'avérer,,
642,be,нести,assumer,,
643,be,остаться,rester,,
644,be worth,стоить,coûter,to be worth a thousand words|to be worth the candle|to be worth the struggle,pour être une image vaut mille mots|pour être en vaut la chandelle|pour être en valent largement la peine
645,be worth,постоять,rester debout,to be worth less,à moins de valeur
646,be worth,оцениваться,se chiffrer,,
647,be worth,следовать,suivre,,
648,be worth,заслуживать,mériter,,
649,right,правильный,correct,,
650,right,правый,droit,far right,l'extrême droite
651,right,нужный,nécessaire,,
652,right,верный,fidèle,intuitively right,intuitivement droit
653,right,правоцентристский,правоцентристский,,
654,right,прямо,directement,,
655,right,правильно,correctement,,
656,right,непосредственно,directement,,
657,right,право,droit,women's right|property right|civil right|political right,le droit des femmes|droit de propriété|droit civil|droit politique
658,guru,гура,Gura,,
659,guru,gurus,gurus,,
660,guru,светило,lumière,,
661,guru,зубр,bison,,
662,beginner,новичек,novice,,
663,beginner,beginners,beginners,,
664,collide,сталкиваться,se heurter,,
665,collide,конфликтовать,être en conflit,,
666,collide,сталкивать,entrechoquer,,
667,genetically,генетический,génétique,,
668,precedent,прецедент,précédent,historical precedent|international precedent|legal precedent|powerful precedent,précédent historique|internationale précédent|précédent juridique|puissant précédent
669,refugee,беженец,réfugié,Uzbek refugee|Iraqi refugee|Pakistani refugee|political refugee,Ouzbek réfugiés|Réfugiés irakiens|De réfugiés pakistanais|réfugié politique
670,refugee,делам беженцев,les réfugiés,,
671,secular,светский,laïque,,
672,secular,мирский,mondain,,
673,secular,вековой,séculaire,,
674,secular,долговременный,à long terme,,
675,pasta,паста,pâte,homemade pasta,les pâtes maison
676,pasta,макароны,macaroni,,
677,pasta,макаронные изделия,pâtes alimentaires,,
678,pasta,спагетти,spaghetti,,
679,pasta,пасть,tomber,,
680,beaver,бобр,castor,,
681,beaver,бивер,castor,,
682,tiger,тигр,gros chat,asian tiger|Tamil Tiger|white tiger|Swat Tiger,tigre de l'asie|Des Tigres Tamouls|tigre blanc|Swat Tiger
683,tiger,тигрица,tigresse,,
684,tiger,tigers,tigers,,
685,lion,лев,lion,sea lion|golden lion|young lion,lion de mer|lion d'or|jeune lion
686,lion,lions,lions,,
687,lion,львица,lionne,,
688,pen,ручка,poignée,ball-point pen,stylo à bille
689,pen,перо,stylet,sea pen,mer pen
690,pen,загон,enclos,,
691,pen,pens,pens,,
692,pen,авторучка,stylo,,
693,pen,карандаш,crayon,,
694,pen,дрожь,frisson,,
695,coconut,кокосовый орех,noix de coco,,
696,coconut,кокос,coco,,
697,dynamite,динамит,dynamite,,
698,spoon,ложок,cuillère,measuring spoon,cuillère à mesurer
699,spoon,ложка,cuillère,,
700,spoon,ложечка,cuillère,,
701,spoon,вилок,prise mâle,,
702,ocean,океан,océan,pacific ocean|world ocean|Arctic Ocean|open ocean,Pacifique|l'océan mondial|Océan Arctique|ouvert sur l'océan
703,mug,кружок,cercle,beer mug,chope de bière
704,mug,морда,museau,,
705,mug,кружка,tasse,,
706,shampoo,шампунь,shampooing,,
707,buzzer,зуммер,buzzer,,
708,buzzer,гудок,tonalité,,
709,meet,встретиться,rencontrer,to meet again|to meet last week|to meet that woman|to meet next week,pour se rencontrer à nouveau|à rencontrer la semaine dernière|pour rencontrer cette femme|pour répondre à la semaine prochaine
710,meet,встретить,rencontrer,to meet people|to meet here|to meet a Vietnamese lady|to meet a theater director,pour rencontrer des gens|pour se rencontrer ici|rencontrer une Vietnamienne|rencontrer un directeur de théâtre
711,meet,соответствовать,correspondre à,to meet international standards|to meet your needs|to meet your expectations|to meet your requirements,répondre aux normes internationales|pour répondre à vos besoins|pour répondre à vos attentes|pour répondre à vos exigences
712,meet,отвечать,répondre,to meet the highest demands|to meet safety standards,pour répondre aux demandes les plus élevées|répond aux normes de sécurité
713,meet,встречаться,rencontrer,to meet regularly|to meet the sea|to meet with her husband|to meet slaveholders,se réunir régulièrement|pour répondre à la mer|pour rencontrer son mari|pour satisfaire les esclavagistes
714,meet,удовлетворить,satisfaire,to meet that request|to meet these conditions|to meet the demand,pour répondre à cette demande|pour répondre à ces conditions|pour répondre à la demande
715,meet,встречать,rencontrer,,
716,meet,удовлетворять,satisfaire,to meet donors' demands,répondre aux demandes des donateurs
717,meet,выполнить,exécuter,to meet these basic responsibilities|to meet their obligations,s'acquitter de ces responsabilités fondamentales|respecter leurs obligations
718,meeting,встреча,rencontre,business meeting|first meeting|next meeting|annual meeting,réunion d'affaires|première réunion|prochaine réunion|réunion annuelle
719,meeting,конференц-зал,salle de réunion,,
720,meeting,заседание,séance,cabinet meeting|joint meeting|third meeting|plenary meeting,réunion du cabinet|réunion conjointe|troisième réunion|réunion plénière
721,meeting,собрание,réunion,general meeting|public meeting|political meeting|staff meeting,assemblée générale|réunion publique|réunion politique|réunion du personnel
722,meeting,совещание,réunion,emergency meeting|small meeting|spring meeting|high-level meeting,réunion d'urgence|de réunion pour petits|réunion de printemps|réunion de haut niveau
723,meeting,митинг,rassemblement,,
724,actually,на самом деле,en réalité,,
725,actually,фактический,réel,,
726,actually,действительно,En effet,,
727,actually,в действительности,en réalité,,
728,actually,собственно,proprement,,
729,actually,вообще-то,"en fait,",,
730,earring,серьга,boucle d'oreille,diamond earring,boucle d'oreille en diamant
731,add,добавить,ajouter,to add present-hedonism|to add funds|to add sites|added later,ajouter le présent-hédonisme|pour ajouter des fonds|pour ajouter des sites|ajouté plus tard
732,add,добавлять,ajouter,to add comments|to add photos|to add another level,pour ajouter des commentaires|pour ajouter des photos|pour ajouter un autre niveau
733,add,отметить,noter,,
734,add,отмечать,célébrer,,
735,add up,сводиться,ramenant,,
736,add up,складываться,se replier,,
737,add up,сложить,plier,,
738,adjective,многочисленными характеристиками,nombreuses caractéristiques,,
739,draw,рисовать,dessiner,to draw a picture of God|to draw the story|to draw a steering wheel,dessiner une image de Dieu|pour dessiner l'histoire|pour dessiner un volant
740,draw,привлечь,attirer,to draw attention,pour attirer l'attention
741,draw,нарисовать,dessiner,to draw this article|to draw a sheep|to draw a little car,pour dessiner cet article|pour dessiner un mouton|pour dessiner une petite voiture
742,draw,провести,tenir,to draw a line|to draw a distinction|to draw a parallel,pour dessiner une ligne|pour faire une distinction|pour faire un parallèle
743,draw,привлекать,attirer,,
744,draw,вызвать,appeler,,
745,draw,обратить,tourner,,
746,draw,извлечь,extraire,,
747,draw,обращать,tourner,,
748,draw out,вытягивать,tirer,,
749,draw out,вынуть,enlever,,
750,draw down,выводить,afficher,,
751,draw up,разработать,développer,,
752,draw up,составить,compiler,,
753,draw up,оформить,décorer,,
754,draw up,вырабатывать,produire,,
755,draw up,заключать,conclure,,
756,draw up,разрабатываться,être à l'étude,,
757,drawing,рисунок,figure,pencil drawing|children's drawings|famous drawing|vector drawing,dessin au crayon|des dessins d'enfants|célèbre dessin|de dessin vectoriel
758,drawing,чертеж,dessin,technical drawing|detailed drawing,dessin technique|dessin détaillé
759,drawing,рисование,dessin,,
760,drawing,жеребьевка,tirage au sort,,
761,drawing,розыгрыш,tirage,,
762,drawing,заимствование,emprunt,,
763,drawing,графика,graphique,,
764,drawing,втягивание,rétraction,drawing into an aggressive bloc|drawing into a conflict,dessin dans un bloc agressif|dessin dans un conflit
765,drawing,вытяжка,hotte,,
766,dream,сказочный,fabuleux,,
767,dream,мечта,rêve,american dream|european dream|distant dream|first dream,rêve américain|le rêve européen|rêve lointain|premier rêve
768,dream,сон,sommeil,sweet dream|Underworld Dreams|pleasant dream,doux rêve|Underworld Rêves|agréable rêve
769,dream,соня,loir,bad dream,mauvais rêve
770,dream,dreams,dreams,,
771,dream,мечтание,rêve,,
772,dream,сновидение,rêve,,
773,dream,мечтать,rêver,,
774,dream,сниться,rêver,,
775,dress,одеваться,s'habiller,,
776,dress,одеть,habiller,,
777,dress,одевать,habiller,,
778,dress,одеться,s'habiller,,
779,dress,оделиться,оделиться,,
780,dress,переодеться,se déguiser,,
781,dress,оделить,habiller,,
782,dress up,наряжаться,se pomponner,,
783,dress up,одеваться,s'habiller,,
784,dress up,нарядиться,se parer,,
785,dress up,одеть,habiller,,
786,dress up,одеться,s'habiller,,
787,dress up,наряжать,pomponner,,
788,drive,доехать,gagner,,
789,drive,водить,mener,,
790,drive,ехать,aller,to drive home,pour conduire à la maison
791,drive,управлять,gérer,to drive cars,de conduire des voitures
792,drive,ездить,rouler,,
793,drive,привести,amener,,
794,drive,вести,aller,,
795,drive,приводить,amener,,
796,drive,проехать,traverser,,
797,drive away,доехать,gagner,,
798,drive away,отгонять,chasser,,
799,drive away,отпугнуть,effrayer,,
800,drive away,выгнать,chasser,,
801,drive back,уехать назад,partir en arrière,,
802,drive off,отъехать,s'éloigner,,
803,drive out,изгнать,chasser,,
804,drive out,вытеснить,supplanter,,
805,drive out,вытеснять,évincer,,
806,drive out,выгнать,chasser,,
807,driving,ведущий,général,,
808,driving,движущий,mouvant,,
809,driving,приводной,d'entraînement,,
810,driving,возбуждающий,excitatif,,
811,driving,вождение,conduite,,
812,drum,барабан,tambour,war drum|Turkish drum|tin drum,tambour de guerre|Tambour Turc|tambour
813,drum,перкуссия,percussion,,
814,drum,валик,rouleau,,
815,drum,ударная установка,batterie,,
816,dry,сухой,sec,,
817,dry,засушливый,aride,,
818,dry,сушить,sécher,to dry fruit,les fruits secs
819,dry,сохнуть,sécher,,
820,dry,высохнуть,sécher,,
821,dry,высыхать,sécher,,
822,dry,высушить,sécher,,
823,dry,высушивать,sécher,,
824,dry,просушить,sécher,,
825,dry,закрепляться,fixant,,
826,dry,вытереть,essuyer,,
827,dry up,иссякать,tarir,,
828,dry up,высохнуть,sécher,,
829,dry up,иссякнуть,s'épuiser,,
830,dry up,пересыхать,tarir,,
831,duck,уток,trame,,
832,duck,утка,canard,,
833,duck,парусина,toile à voile,,
834,advance,продвинуться,avancer,,
835,advance,выйти,sortir,,
836,advance,пройти,passer,,
837,advance,продвигать,promouvoir,,
838,advance,развиваться,se développer,,
839,advance,продвигаться,progresser,,
840,advance,продвинуть,avancer,,
841,advance,выслать,envoyer,,
842,advance,выдвигать,mettre en avant,,
843,advanced,развитой,développé,,
844,advanced,передовой,de pointe,,
845,advanced,передов,avant,,
846,advanced,опытный,expérimenté,,
847,advanced,перспективный,prometteur,,
848,advanced,прогрессивный,progressif,,
849,advanced,новейший,récent,,
850,advanced,предварительный,préliminaire,,
851,during,во время,lors de,,
852,during,в течение,au cours de,,
853,during,за,pour,,
854,during,при,pour,,
855,earn,зарабатывать,gagner,to earn money|to earn more|to earn ten times more today,pour gagner de l'argent|pour gagner plus|pour gagner dix fois plus aujourd'hui
856,earn,заработать,gagner,to earn more money|to earn foreign exchange|to earn extra money,pour gagner plus d'argent|pour gagner des devises|pour gagner de l'argent supplémentaire
857,earn,получить,recevoir,to earn for being here|to earn a nice profit,de gagner pour être ici|pour gagner un joli bénéfice
858,earn,получать,recevoir,,
859,earn,завоевать,conquérir,,
860,earn,заслужить,mériter,,
861,earn,принести,apporter,,
862,earn,набрать,taper,,
863,singular,единичный,unitaire,,
864,singular,единственное число,singulier,,
865,easily,легко,facile,,
866,easily,с легкостью,couramment,,
867,easily,без труда,sans peine,,
868,east,восточный,oriental,,
869,east,истый,vrai,,
870,east,восток,est,far east|Arabian east,extrême-orient|Arabie orient
871,east,восточная сторона,côté est,,
872,adventure,приключение,aventure,epic adventure|dangerous adventure|exciting adventure,aventure épique|aventure dangereuse|aventure passionnante
873,adventure,авантюра,aventure,foreign adventure|arm adventure|caudillist adventures,étrangères aventure|bras aventure|caudillist aventures
874,adventure,тура,tour,,
875,adventure,adventures,adventures,,
876,adverb,наречие,adverbe,,
877,electric,электрический,électrique,,
878,electric,электр,electre,,
879,advertisement,реклама,publicité,outdoor advertisement|visual advertisement|complete advertisement|banner advertisement,la publicité extérieure|visuel de la publicité|complète de la publicité|publicité des bannières
880,advertisement,объявление,annonce,,
881,advertisement,рекламный ролик,spot publicitaire,,
882,century,веко,paupière,century of our era|twentieth centuries|american century|past century,siècle de notre ère|xxe siècles|américain siècle|depuis un siècle
883,century,столетие,siècle,next century|long century|century of war|third century,prochain siècle|long siècle|siècle de guerre|troisième siècle
884,century,век,siècle,Centuries of Financial Folly,Des siècles de folie financière
885,size,размер,taille,file size|different size|family size|maximum size,la taille du fichier|de taille différente|la taille de la famille|taille maximale
886,size,объем,volume,total size|memory size|size of the losses,taille totale|la taille de la mémoire|la taille des pertes
887,size,величина,valeur,various size,de tailles différentes
888,size,площадь,superficie,,
889,size,масштаб,échelle,sizes of attacks,les tailles des attaques
890,size,типоразмер,modèle,size aa,taille aa
891,electricity,электроэнергия,énergie électrique,Tajik electricity|turkmen electricity|cheap electricity|Kyrgyz electricity,L'électricité tadjike|électricité au Turkménistan|électricité bon marché|Kirghize de l'électricité
892,electricity,электричество,électricité,static electricity,l'électricité statique
893,electricity,энергия,énergie,solar electricity,l'électricité solaire
894,electricity,электроснабжение,alimentation électrique,,
895,elephant,слон,éléphant,white elephant,éléphant blanc
896,else,иначе,sinon,,
897,else,в другом месте,ailleurs,,
898,empty,пустой,vide,almost empty|completely empty,presque vide|complètement vide
899,empty,бессодержательный,dépourvu d'idées,,
900,empty,опустошить,dévaster,to empty the bottle,pour vider la bouteille
901,empty,очистить,nettoyer,,
902,empty,вылить,verser,,
903,empty,почистить,nettoyer,,
904,engine,двигатель,moteur,diesel engine|internal combustion engine|steam engine|engine of growth,moteur diesel|moteur à combustion interne|moteur à vapeur|le moteur de la croissance
905,engine,движок,curseur,graphics engine|script engine,moteur graphique|moteur de script
906,engine,мотор,moteur,,
907,engine,engines,engines,,
908,engine,локомотив,locomotive,operating engines,d'exploitation moteurs
909,engineer,инженер,ingénieur,naval engineer,ingénieur naval
910,engineer,инженерных кадров,personnel d'Ingénierie,,
911,engineer,engineers,engineers,,
912,engineer,сапер,sapeur,,
913,engineer,изобретатель,inventeur,different engineers,différents ingénieurs
914,engineer,сконструировать,construire,,
915,engineer,конструировать,concevoir,,
916,enough,достаточно,assez,,
917,enough,настолько,tant,,
918,enough,недостаточно,pas assez,,
919,enough,достаточно,assez,I've seen enough,J'en ai assez vu
920,enough,довольно,assez,She was pale enough so everybody wondered what was going wrong,Elle était assez pâle pour que tout le monde se demande ce qui allait mal.
921,enter,ввести,taper,to enter later in the process|to enter the other account|to enter keywords|to enter the number,pour entrer plus tard dans le processus|pour entrer dans le compte d'autres|pour entrer des mots clés|pour entrer le numéro de
922,enter,войти,entrer,to enter the room|to enter the building|to enter the old city|to enter the house,pour entrer dans la chambre|pour entrer dans le bâtiment|pour entrer dans la vieille ville|pour entrer dans la maison
923,enter,входить,entrer,,
924,enter,вступить,prendre pied,to enter into force,pour entrer en vigueur
925,enter,вводить,introduire,,
926,enter,вступать,entrer,,
927,enter,проникнуть,pénétrer,to enter the mosques|to enter the airport,pour entrer dans les mosquées|pour entrer dans l'aéroport
928,enter,указать,indiquer,to Please enter your Postal index|to enter your Postal index,Veuillez entrer votre code Postal|pour entrer votre index Postal
929,enter,поступить,recevoir,,
930,entrance,вход,entrée,private entrance|free entrance|entrance to the mine|main entrance,entrée privée|entrée libre|entrée de la mine|l'entrée principale
931,entrance,въезд,entrée,northern entrance,entrée nord
932,entrance,подезд,подезд,sixth entrance,sixième entrée
933,entrance,поступление,recette,Annual entrance,D'entrée annuelle
934,entrance,выход,sortie,,
935,entrance,вступление,entrée,,
936,advice,совет,Soviet,good advice|professional advice|IMF advice|practical advice,de bons conseils|conseils de professionnels|Les conseils du FMI|conseils pratiques
937,advice,консультация,consultation,legal advice|technical advice|just such advice|financial advice,conseils juridiques|conseils techniques|de tels conseils|conseils financiers
938,advice,рекомендация,recommandation,specific advice|trading advice|irresponsible advice|medical advice,des conseils spécifiques|des conseils de trading|irresponsable conseils|conseils médicaux
939,advice,консультирование,conseiller,psychological advice,psychologique
940,aeroplane,аэроплан,aéroplane,,
941,envelope,конверт,enveloppe,sealed envelope,enveloppe scellée
942,envelope,оболочка,coquille,,
943,envelope,огибающая,enveloppe,,
944,envelope,конвертик,enveloppe,,
945,especially,особенно,particulièrement,,
946,especially,в особенности,surtout,,
947,especially,специально,spécialement,,
948,especially,в частности,en particulier,,
949,euro,европейский,européen,,
950,euro,евро,euro,casino euro|strong euro,casino euro|la force de l'euro
951,euro,еврозона,zone Euro,,
952,even,четный,pair,,
953,even,ровный,lisse,,
954,even,равномерный,uniforme,,
955,even,еще,encore,,
956,even,выровнять,aligner,,
957,everyone,каждый / любой,tout le monde / tout le monde,Everyone could use it,Tout le monde peut l'utiliser
958,against,против,contre,,
959,against,по отношению к,par rapport à,,
960,everything,весь / всё,tout / tous les,Everything else doesn't matter,Tout le reste n'a pas d'importance
961,everywhere,везде,partout,,
962,everywhere,повсюду,partout,,
963,everywhere,повсеместно,omniprésent,,
964,everywhere,во всем мире,partout dans le monde,,
965,everywhere,всюду,partout,,
966,age,стареть,vieillir,,
967,age,постареть,vieillir,,
968,age,состарить где-то,vieillir quelque part,,
969,exactly,точно,exactement,,
970,exactly,именно,Exactement,,
971,exactly,в точности,exactement,,
972,exactly,совсем,tout à fait,,
973,exactly,ровно,exactement,,
974,exactly,как раз,juste,,
975,exam,экзамен,examen,entrance exam|state exam|final exam|important exam,examen d'entrée|examen d'état|examen final|examen important
976,exam,осмотр,inspection,free exam|medical exam,libre examen|examen médical
977,exam,обследование,enquête,,
978,examination,экзамен,examen,entrance examination|dele examination|final examination|intermediate examination,examen d'entrée|l'examen dele|examen final|examen intermédiaire
979,examination,исследование,étude,roentgenologic examination|economic examination|thorough examination|most definitive examination,examen roentgenologique|économique de l'examen|examen approfondi|examen le plus définitif
980,examination,обследование,enquête,relevant examination|medical examination|far examination|free medical examination,examen|l'examen médical|loin d'examen|libre examen médical
981,examination,экспертиза,examen,forensic examination|selective examination,examen médico-légal|un examen sélectif
982,examination,проверка,vérification,serious examination,sérieux examen
983,examination,осмотр,inspection,physical examination,l'examen physique
984,examination,рассмотрение,examen,careful examination,un examen attentif
985,examination,изучение,étude,critical examination,l'examen critique
986,examination,освидетельствование,examen,,
987,excellent,отличный,excellent,,
988,excellent,прекрасный,beau,,
989,excellent,превосходный,excellent,,
990,excellent,великолепный,magnifique,,
991,excellent,замечательный,merveilleux,,
992,excellent,удобный,confortable,,
993,excellent,первоклассный,de premier ordre,,
994,excellent,безупречный,impeccable,,
995,except,кроме,sauf,,
996,except for,кроме,sauf,,
997,exercise,учение,doctrine,joint exercise|counter-terrorism exercise|naval exercise|peacekeeping exercise,l'exercice conjoint|exercice de lutte contre le terrorisme|l'exercice naval|de maintien de la paix de l'exercice
998,exercise,упражнение,exercice,ballet exercises|exercise of power|cynical exercise|beautiful exercise,exercices de ballet|l'exercice du pouvoir|cynique exercice|bel exercice
999,exercise,занятие,leçon,practical exercise,exercice pratique
1000,exercise,тренировка,entraînement,,
1001,exercise,физические упражнения,exercices physiques,physical exercise,l'exercice physique
1002,exercise,осуществлять,exercer,,
1003,exercise,проявлять,manifester,,
1004,exercise,тренироваться,s'entraîner,,
1005,exercise,осуществить,réaliser,to exercise their right,pour l'exercice de leur droit
1006,exercise,позаниматься,travailler,,
1007,exercise,отрабатываться,travailler dur,,
1008,exercise,тренировать,entraîner,,
1009,exercise,поупражняться,s'entraîner,,
1010,exercise,руководствоваться,s'inspirer,,
1011,exit,выход,sortie,emergency exit|exit from the eurozone|exit from the monetary union|possible exit,sortie de secours|sortie de la zone euro|sortie de l'union monétaire|sortie possible
1012,exit,выезд,départ,second exit,deuxième sortie
1013,exit,съезд,congrès,first exit,première sortie
1014,exit,уход,soin,,
1015,exit,вывод,conclusion,phased exit,départ progressif
1016,exit,развязка,découplage,,
1017,exit,отступление,dérogation,,
1018,exit,выйти,sortir,to exit any open programs,pour quitter tous les programmes ouverts
1019,exit,покинуть,quitter,,
1020,exit,выходить,sortir,,
1021,exit,покидать,quitter,,
1022,exit,уходить,s'en aller,,
1023,exit,завершиться,se terminer,,
1024,explain,объяснить,expliquer,to explain consciousness|to explain concepts|to explain the Maoists' unprecedented triumph|to explain in part,pour expliquer la conscience|pour expliquer les concepts|pour expliquer le triomphe sans précédent des maoïstes|pour expliquer en partie
1025,explain,объяснять,expliquer,to explain this apparent contradiction|to explain these things|to explain insurance policies|to explain today's problems,pour expliquer cette apparente contradiction|pour expliquer ces choses|pour expliquer les polices d'assurance|pour expliquer les problèmes d'aujourd'hui
1026,explain,пояснить,expliquer,,
1027,explain,объясняться,s'expliquer,,
1028,explain,рассказать,raconter,,
1029,explain,пояснять,expliquer,,
1030,explain,рассказывать,raconter,,
1031,explain,разъяснять,expliquer,,
1032,explain,разъяснить,clarifier,,
1033,extra,дополнительный,supplémentaire,,
1034,extra,дополнительная услуга,service supplémentaire,,
1035,extra,добавок,additif,,
1036,extra,статист,comparse,,
1037,extra,дополнительное удобство,commodité supplémentaire,,
1038,fact,факт,fait,simple fact|interesting fact|historical fact|obvious fact,simple fait|fait intéressant|fait historique|fait évident
1039,fact,обстоятельство,circonstance,,
1040,fail,фэйл,Fale,,
1041,fail,провалиться,échouer,,
1042,fail,обанкротиться,faire faillite,,
1043,fail,потерпеть неудачу,échouer,,
1044,fail,несостояться,échec,,
1045,fail,провалить,échouer,to fail in your exam|to fail the test,échouer à votre examen|l'échec de l'épreuve
1046,fail,терпеть неудачи,défaillir,,
1047,fail,потерпеть крах,effondrer,,
1048,fail,подвести,amener,,
1049,fail,не смочь,ne pas humidifier,,
1050,fair,справедливый,équitable,,
1051,fair,честный,honnête,,
1052,fair,беспристрастный,impartial,,
1053,fair,добросовестный,de bonne foi,,
1054,fair,ярмарка,foire,trade fair|international fair|job fair|book fair,foire|la foire internationale de|salon de l'emploi|la foire du livre de
1055,fair,выставка,exposition,world's fair|international trade fair|building fair,monde juste|foire commerciale internationale|building
1056,fall,падение,chute,communism's fall|free fall|serious fall|price fall,la chute du communisme|chute libre|chute grave|chute des prix
1057,fall,осень,automne,next fall,l'automne prochain
1058,fall,спад,récession,,
1059,fall,водопад,cascade,,
1060,fall,снижение,réduction,fall in child mortality,la chute de la mortalité infantile
1061,fall,свержение,renversement,,
1062,fall,понижение,abaissement,fall of income indices,baisse des indices de revenu
1063,fall,грехопадение,chute,,
1064,fall,упадок,déclin,,
1065,fall,упасть,tomber,to fall sharply|to fall downward|to fall more sharply|to fall again,une forte baisse de la|à tomber vers le bas|pour tomber plus fortement|à tomber à nouveau
1066,fall,падать,tomber,to fall everywhere|to fall in the forest,à tomber partout|à l'automne dans la forêt
1067,fall,снизиться,diminuer,,
1068,fall,пасть,tomber,,
1069,fall,сократиться,diminuer,,
1070,fall,снижаться,baisser,,
1071,fall,погибнуть,périr,,
1072,fall,опускаться,descendre,,
1073,fall,попалить,frapper,to fall under a tram-car,pour tomber sous le tramway
1074,fall down,упасть,tomber,,
1075,fall down,падать,tomber,,
1076,fall down,развалиться,se prélasser,,
1077,fall down,уменьшаться,diminuer,,
1078,fall apart,развалиться,se prélasser,,
1079,fall apart,распасться,se désagréger,,
1080,fall apart,распалиться,распалиться,,
1081,fall apart,разваливаться,s'écrouler,,
1082,fall apart,разлагаться,se décomposer,,
1083,fall apart,распадаться,se désintégrer,,
1084,fall back,прибегать,recourir,,
1085,fall back,возвратиться,retourner,,
1086,fall back,всегда ссылаться,toujours référencer,,
1087,fall back,ссылаться,invoquer,,
1088,fall short,не соответствовать,ne pas correspondre,,
1089,fall short,не отвечать,ne pas répondre,,
1090,agree,согласиться,accepter,to agree sadly,"d'accord, malheureusement"
1091,agree,соглашаться,consentir,,
1092,agree,договориться,se mettre d'accord,,
1093,agree,согласовать,convenir,,
1094,agree,сходиться,converger,,
1095,agree,прислать,envoyer,,
1096,agree,обязоваться,обязоваться,,
1097,agree,удаваться,réussir,,
1098,agree upon,согласовать,convenir,,
1099,agree upon,оговорить,stipuler,,
1100,agree upon,согласовываться,s'accorder,,
1101,air,воздушный,aérien,,
1102,air,авиационный,aéronautique,,
1103,air,противовоздушный,antiaérien,,
1104,air,пневматический,pneumatique,,
1105,air,атмосферный,atmosphérique,,
1106,air,военно-воздушный,armée de l'air,,
1107,air,вентиляционный,de ventilation,,
1108,air,воздух,air,fresh air|compressed air|mountain air|clean air,de l'air frais|de l'air comprimé|l'air de la montagne|la propreté de l'air
1109,air,эфир,éther,,
1110,air,авиация,aviation,,
1111,air,небо,ciel,open air,open air
1112,air,странслироваться,strangler,,
1113,air,странслировать,strangler,,
1114,air,проветривать,aérer,,
1115,airport,аэродромный,aérodrome,,
1116,airport,аэропорт,aéroport,international airport|island airport|destination airport|local airport,l'aéroport international de|aéroport de l'île de|aéroport de destination|aéroport local
1117,fan,вентилятор,ventilateur,ceiling fan|centrifugal fan|axial fan|electric fan,ventilateur de plafond|ventilateur centrifuge|ventilateur axial|ventilateur électrique
1118,fan,фанат,fanatique,football fan|true fan|real fan|long-haired fans,fan de football|vrai fan|vrai fan|ventilateurs à cheveux longs
1119,fan,болельщик,fan,Pakistani fans|sports fan|cricket fan|Kazakh fans,Fans pakistanais|fan de sport|fan de cricket|Le Kazakh fans
1120,fan,поклонник,fan,Erasure fan|old fan|music fan|fan of the band,Ventilateur d'effacement|ancien ventilateur|fan de musique|fan de la bande
1121,fan,любитель,amateur,,
1122,fan,разжигать,attiser,,
1123,fan,раздуть,gonfler,,
1124,fan,раздувать,gonfler,,
1125,fantastic,фантастический,fantastique,,
1126,fantastic,замечательный,merveilleux,,
1127,fantastic,сказочный,fabuleux,,
1128,fantastic,великолепный,magnifique,,
1129,fantastic,удивительный,étonnant,,
1130,fantastic,превосходный,excellent,,
1131,fantastic,невероятный,incroyable,,
1132,fantastic,причудливый,fantasque,,
1133,far,дальний,lointain,,
1134,far,далекий,lointain,,
1135,far,дальше,plus loin,,
1136,far,дальнейший,ultérieur,,
1137,far,крайний,extrême,,
1138,far,гораздо,beaucoup,,
1139,far,намного,beaucoup,,
1140,far,далеко,loin,,
1141,far,значительно,considérablement,,
1142,farmer,крестьянин,paysan,landless farmers|Romanian farmers,agriculteurs sans terre|Agriculteurs roumains
1143,farmer,хозяйство,ménage,cotton farmer,cultivateur de coton
1144,farmer,дехкане,dehkane,,
1145,farmer,фермер,agriculteur,poverty - stricken farmer|substantial farmer,frappés par la pauvreté agriculteur|substantielle de l'agriculteur
1146,farmer,сельхозпроизводитель,producteur agricole,,
1147,farmer,аграрий,agraire,,
1148,farmer,земледелие,agriculture,,
1149,farmer,фермерство,les fermiers,,
1150,farmer,дехканин,dehkanin,,
1151,fashion,мода,mode,high fashion|economic fashion|children’s fashion|fast fashion,la haute couture|économique de la mode|les enfants de la mode|fast fashion
1152,fashion,мод,modes,,
1153,fashion,образ,manière,,
1154,fashion,манера,manière,more enlightened fashion,manière plus éclairée
1155,fashion,одежда,vêtement,cheap trendy fashion,mode à la mode bon marché
1156,quite,довольно,assez,,
1157,quite,совсем,tout à fait,,
1158,quite,достаточно,assez,,
1159,quite,вполне,tout à fait,,
1160,quite,совершенно,totalement,,
1161,quite,весьма,très,,
1162,alarm,тревога,anxiété,false alarm|growing alarm,fausse alarme|croissance de l'alarme
1163,alarm,сигнализация,signalisation,burglar alarm|smoke alarm|audible alarm,l'alarme de cambrioleur|détecteur de fumée|alarme sonore
1164,alarm,будильник,réveil,built-in alarm,alarme intégrée
1165,alarm,сигнал,signal,,
1166,alarm,испуг,frayeur,,
1167,alarm,срабатывание,déclenchement,,
1168,alarm,волнение,excitation,,
1169,alarm,извещатель,détecteur,,
1170,alarm,настораживать,alarmer,,
1171,alarm,встревожить,alarmer,,
1172,alarm,вызывать тревогу,déclencher une alarme,,
1173,alarm,беспокоить,déranger,,
1174,alarm,пугать,effrayer,,
1175,alarm,обеспокоиться,s'inquiéter,,
1176,album,альбом,album,first album|debut album|solo album|second album,premier album|premier album|album solo|deuxième album
1177,alcohol,алкоголь,alcool,,
1178,alcohol,спирт,alcool,brandy alcohol|pure alcohol,brandy alcool|alcool pur
1179,alcohol,алкогольный напиток,boisson,,
1180,alcohol,алкоголизм,alcoolisme,,
1181,alcohol,алкогольной продукции,produits alcoolisés,,
1182,alcohol,спиртной напиток,spiritueux,,
1183,alcohol,употребление алкоголя,consommation d'alcool,drinking alcohol,boire de l'alcool
1184,almost,почти,Presque,,
1185,almost,практический,pratique,,
1186,alone,одинокий,solitaire,,
1187,alone,только,seulement,,
1188,alone,в одиночку,en solo,,
1189,alone,самостоятельно,indépendamment,,
1190,field,полевой,des champs,,
1191,field,выездной,de sortie,,
1192,field,поле,champ,magnetic field|cotton field|soccer field|electric field,champ magnétique|champ de coton|terrain de football|champ électrique
1193,field,область,domaine,various field|field of telecommunications|field of application|field of medicine,divers domaine|domaine des télécommunications|champ d'application|domaine de la médecine
1194,field,пола,plancher,search field|football field|input field|dusty field,champ de recherche|terrain de football|champ de saisie|terrain poussiéreux
1195,field,сфера,sphère,field of activity|field of construction|commercial field|social field,domaine d'activité|domaine de construction|commercial terrain|domaine social
1196,field,месторождение,gisement,gas field|diamond field|large field|silver field,champ de gaz|champ de diamant|grand champ|champ d'argent
1197,field,отрасль,industrie,field of economy|legal field|construction field|petrochemical field,"champ de l'économie|domaine juridique|secteur de la construction,|domaine de la pétrochimie"
1198,field,направление,direction,field of study,champ de l'étude
1199,field,площадка,aire,sports field|paintball field|Millennium field|lighted sports field,terrain de sport|terrain de paintball|Millénaire pour le champ|éclairé terrain de sport
1200,field,выставить,exposer,to field a single Olympic team,pour former une seule équipe olympique
1201,field,отбивать,repousser,,
1202,field,выдвигать,mettre en avant,,
1203,field,выдвинуть,mettre en avant,,
1204,field,выставлять,exposer,,
1205,fifth,в-пятых,"cinquièmement,",,
1206,fifth,пятое место,cinquième place,,
1207,fifth,пята,talon,,
1208,file,файл,fichier,configuration file|answer file|text file|temporary file,fichier de configuration|fichier de réponses|fichier texte|fichier temporaire
1209,file,подать,déposer,to file a lawsuit,pour déposer une poursuite
1210,file,обратиться,se tourner,,
1211,file,предъявить,présenter,,
1212,file,подаваться,se servir,,
1213,file,храниться,se trouver,,
1214,file,заполнять,remplir,,
1215,file,возбудить,exciter,,
1216,file,составить отчёты,faire des rapports,,
1217,file,выдвигать,mettre en avant,,
1218,fill,заполнение,remplissage,void fill,le remplissage de vide
1219,fill,заполнить,remplir,to fill the form|to fill in|to fill in the form|to fill the form below,pour remplir le formulaire|pour remplir|pour remplir le formulaire|de remplir le formulaire ci-dessous
1220,fill,заполнять,remplir,to fill in all the cracks,pour remplir toutes les fissures
1221,fill,наполнять,remplir,,
1222,fill,наполнить,remplir,,
1223,fill,занять,occuper,,
1224,fill,ввести,taper,,
1225,fill,восполнить,combler,,
1226,fill,заполняться,se peupler,,
1227,fill,наполниться,se remplir,,
1228,fill out,заполнить,remplir,,
1229,fill out,заполнять,remplir,,
1230,fill up,заполнить,remplir,,
1231,fill up,пополнить,reconstituer,,
1232,fill up,заполнять,remplir,,
1233,fill up,наполнять,remplir,,
1234,final,окончательный,final,,
1235,final,конечный,final,,
1236,final,заключительный,final,,
1237,final,финальный,final,,
1238,final,итоговый,final,,
1239,final,готовый,prêt à,,
1240,final,финал,final,world cup final|cup final|President's Cup final|thrilling final,finale de coupe du monde|la finale de la coupe|Le président de la finale de la Coupe|fin palpitante
1241,final,финальная стадия,phase finale,,
1242,finally,наконец,enfin,,
1243,finally,в конце концов,après tout,,
1244,finally,наконец-то,enfin,,
1245,finally,окончательно,définitivement,,
1246,finger,палец,doigt,index finger|ring finger|long finger|real fingers,l'index|annulaire|long doigt|réel doigts
1247,finger,fingers,fingers,,
1248,finger,перст,doigt,,
1249,fire,пожарный,pompier,,
1250,fire,огневой,de feu,,
1251,fire,дымогарный,fumoir,,
1252,fire,огнеупорный,réfractaire,,
1253,fire,противопожарный,contre l'incendie,,
1254,fire,огонь,feu,open fire|enemy fire|return fire|automatic fire,feu ouvert|le feu de l'ennemi|de retour de feu|automatique d'incendie
1255,fire,пожар,incendie,forest fire|electrical fire|frequent forest fires|raging fire,feu de forêt|les incendies d'origine électrique|feux de forêt fréquents|l'incendie fait rage
1256,fire,камин,cheminée,real fire|cosy open fire,vrai feu|agréable cheminée à foyer ouvert
1257,fire,костер,feu de camp,,
1258,fire,обстрел,bombardement,,
1259,fire,стрельба,tir,,
1260,fire,перестрелка,fusillade,,
1261,fire,уволить,mettre à pied,to simply fire his prime minister|to fire his prime minister,pour virer simplement son premier ministre|pour virer son premier ministre
1262,fire,выпустить,publier,,
1263,fire,стрелять,tirer,to fire guns in the air,à feu armes à feu dans l'air
1264,fire,обстрелять,bombarder,to fire at a border post,tirer sur un poste frontière
1265,fire,открыть огонь,ouvrir le feu,,
1266,fire,увольнять,licencier,to fire employees,pour licencier des employés
1267,fire,выстрелить,tirer,,
1268,fire,произвести,produire,,
1269,fire,применить,appliquer,to fire tear gas,pour tirer du gaz lacrymogène
1270,fire up,запускать,exécuter,,
1271,fish,рыбачить,être pêcheur,,
1272,fish,ловить рыбу,pêcher,,
1273,fish,удить,pêche,,
1274,fish,выловить,pêcher,,
1275,fish,ловить,attraper,,
1276,fishing,рыбная ловля,pêche,,
1277,fishing,рыбалка,pêcher,sport fishing|winter fishing,la pêche sportive|la pêche d'hiver
1278,fishing,рыболовство,pêche,industrial fishing|amateur fishing|commercial fishing,la pêche industrielle|amateur de pêche|la pêche commerciale
1279,fishing,ловля,pêche,,
1280,fishing,лов,capture,,
1281,fishing,любители рыбалки,amateurs de pêche,,
1282,fishing,вылов,prises,sturgeon fishing,la pêche à l'esturgeon
1283,fishing,рыбное хозяйство,pêcheries,,
1284,fishing,промысел,pêche,,
1285,fit,стройный,svelte,,
1286,fit,посадка,atterrissage,,
1287,fit,приступ,crise,,
1288,fit,соответствие,conformité,,
1289,fit,припадок,convulsion,,
1290,fit,порыв,allant,fit of passion,ajustement de la passion
1291,fit,физическая форма,forme physique,,
1292,fit,подбор,sélection,,
1293,fit,подходить,convenir,to fit perfectly,pour s'adapter parfaitement
1294,fit,соответствовать,correspondre à,to fit that description,pour correspondre à cette description
1295,fit,вписываться,s'inscrire,to fit very well,pour s'adapter très bien
1296,fit,помещаться,se placer,,
1297,fit,подойти,s'approcher de,,
1298,fit,отвечать,répondre,,
1299,fit,поместиться,se placer,,
1300,fit,укладываться,empilant,,
1301,fit,уместиться,se placer,,
1302,flight,рейс,vol,international flight|connecting flight|charter flight|regular flight,vol international|vol de correspondance|un vol charter|vol régulier
1303,flight,полет,vol,space flight|first flight|first space flight|Creative Flight,de vol dans l'espace|premier vol|premier vol dans l'espace|Créatrice De Vol
1304,flight,самолет,avion,,
1305,flight,перелет,vol,long flight,long vol
1306,flight,авиарейс,vol,domestic flight,vol domestique
1307,flight,бегство,escapade,capital flight,la fuite des capitaux
1308,flight,вылет,départ,,
1309,flight,авиабилет,billet d'avion,,
1310,along,вдоль,le long de,,
1311,along,вдоль,le long de,,
1312,along with,вместе с,en compagnie de,,
1313,along with,наряду с,parallèlement,,
1314,along with,совместно с,en association avec,,
1315,along with,помимо,malgré,,
1316,bedroom,спальня,chambre à coucher,separate bedroom|spacious bedroom|double bedroom|large bedroom,chambre à coucher séparée|chambre spacieuse|chambre double|grande chambre à coucher
1317,beer,пиво,bière,draft beer|cold beer|belgian beer|Czech beer,la bière à la pression|bière froide|bière belge|La bière tchèque
1318,beer,сорта пива,variétés de bière,,
1319,before,прежде,avant,,
1320,before,назад,en arrière,,
1321,before,до,avant,,
1322,before,перед,avant,,
1323,before,пока не,pas encore,Let's just stop it now before we start saying things we might regret later,Arrêtons ça maintenant avant de commencer à dire des choses que nous regretterons peut-être plus tard.
1324,before,прежде чем,avant,She went away before I could say anything,Elle est partie avant que je puisse dire quoi que ce soit.
1325,begin,начать,commencer,to begin work|to begin the game|to begin an investigation|to begin his drug war,pour commencer à travailler|pour commencer le jeu|pour commencer une enquête|pour commencer sa guerre contre les drogues
1326,begin,начинать,commencer,to begin his story|to begin the test company,pour commencer son histoire|pour commencer la société d'essai
1327,begin,начинаться,commencer,to begin with the first step,pour commencer la première étape
1328,begin,стать,devenir,,
1329,begin,начаться,commencer,to begin this week,pour commencer cette semaine
1330,begin,приступить,commencer à,,
1331,behind,позади,derrière,,
1332,behind,сзади,par derrière,,
1333,behind,за,pour,,
1334,behind,позади,derrière,,
1335,below,ниже,plus bas,,
1336,below,внизу,en bas,,
1337,below,снизу,d'en bas,,
1338,best,лучший,meilleur,very best,meilleur
1339,best,наилучший,le meilleur,,
1340,best,лучше,C'est mieux,,
1341,best,самый,même,,
1342,best,оптимальный,optimal,,
1343,best,максимум усилий,maximum d'efforts,,
1344,best,отель best,hôtel best,Hotel Best,Hôtel Best
1345,best,мерея,Merea,,
1346,best,максимум,maximum,,
1347,best,Бриф,Brief,,
1348,good,хороший,bon,very good|really good|especially good|pretty good,très bon|vraiment bon|particulièrement bon|assez bon
1349,good,добрый,bon,,
1350,good,отличный,excellent,,
1351,good,полезный,utile,good for the economy,bon pour l'économie
1352,good,неплохой,assez bon,,
1353,good,правильный,correct,,
1354,well,здоровый,sain,,
1355,well,наилучший,le meilleur,,
1356,well,зажиточный,aisé,,
1357,well,колодезный,de puits,,
