"word_id","ref_id","setting_id","translate"
296473,3,1,"livro de frases essenciais"
728231,3,1,"viajar para o exterior"
475869,3,1,"salto de pára-quedas"
8816453,3,1,"Estar no caminho certo"
4756594,3,1,"Estar por um fio"
9913038,3,1,"Ponderar sobre o futuro"
5047,3,1,"além de (para locais)"
232362,3,1,"justo e perfeito, direito"
474167,3,1,"taça alta para vinho"
31017,3,1,"um grande número de"
201321,3,1,"por, por causa de"
474110,3,1,"remédio para tosse, xarope"
5807995,3,1,"Iguais como duas ervilhas"
476156,3,1,"poema de 5 versos"
855452,3,1,"Estar no sétimo céu"
439192,3,1,"Um passarinho me contou"
423565,3,1,"Comer como um boi"
475436,3,1,"definição de nova conta"
6466793,3,1,"Estar fora de perigo"
6852,3,3,"poder conseguir  lata"
475249,3,1,"cabine de primeira classe"
475416,3,1,"taxa de retorno contábil"
41143,3,1,"por toda a parte"
481023,3,1,"fileira com 6 assentos"
36803,3,2,"abrigo, proteção, refúgio, asilo"
44871,3,1,"à prova d'água"
40895,3,2,"então, depois, em seguida"
475758,3,1,"tela de cristal líquido"
188714,3,1,"ir para a cama"
18688225,3,1,"Arrepiar-se, ter calafrios"
14871,3,1,"em toda a parte"
19726,3,2,"atrapalhar, estorvar, impedir, dificultar"
475779,3,1,"linguagem de nível inferior"
430220,3,1,"Ter borboletas no estômago"
475286,3,1,"caixas de acondicionamento geral"
474192,3,1,"roupa íntima para mulheres"
475381,3,1,"máscaras para os olhos"
17840,3,1,"tecido de algodão fino"
475380,3,1,"protetores para os ouvidos"
481053,3,1,"aeronaves de fuselagem larga"
475357,3,1,"na área de entrada"
481022,3,1,"fileira com 4 assentos"
475253,3,1,"composição de classe única"
475828,3,1,"o galo da madeira"
475315,3,1,"na parte do meio"
474204,3,1,"pano de nylon impermeável"
475254,3,1,"composição de duas classes"
481038,3,1,"aeronaves de fuselagem estreita"
1042377,3,1,"pela porta da frente"
1042376,3,1,"cabine da classe executiva"
20190,3,2,"no entanto, entretanto, contudo"
475273,3,1,"a fileira da frente"
475370,3,1,"pela porta da frente"
1042379,3,1,"cabine de classe econômica"
1042371,3,1,"estar no lugar errado"
1042380,3,1,"cabine de classe turística"
190837,3,1,"unidade de tratamento intensivo"
475277,3,1,"ao lado do corredor"
475316,3,1,"na parte da frente"
475281,3,1,"ao lado da janela"
406250,3,1,"pano de lã grossa"
475296,3,1,"sistema de ar condicionado"
1042387,3,1,"mostrar algo a alguém"
475283,3,1,"aviso de proibido fumar"
33746,3,1,"pisco de peito ruivo"
17595,3,1,"reunir-se, colher, acumular"
475829,3,1,"galo-silvestre de madeira"
45561,3,2,"Dentro, dentro de, em"
56862,3,1,"que vale a pena"
475832,3,1,"galo-silvestre de salgueiro"
1831,3,2,"com exatidao / precisamente"
14843,3,3,"ate mesmo, ate, mesmo"
24358,3,1,"um grande número de"
7682,3,1,"perseguir, perseguição, busca, buscar"
41762,3,1,"pista, jornada, caminhada, encontrar"
45315,3,1,"quem quer que seja"
41182,3,1,"por isso, assim, portanto"
21692,3,1,"de dentro para fora"
40556,3,1,"Rasgar, romper, dilacerar; Lágrima"
28516,3,2,"os, as) outros (as)"
5861,3,2,"ambos , os dois"
38659,3,1,"furar com arma pontiaguda"
480983,3,1,"A Câmara dos Deputados"
42054,3,1,"medo, receio, tremor, agitação"
3201,3,1,"desculpar-se, arrepender-se"
1313,3,1,"Rabisco; riscar, arranhar; improvisado"
41722,3,2,"para, em direção a"
33881,3,2,"refrear, evitar, abster-se"
54360,3,1,"padrão, modelo , exemplo"
18616,3,2,"supor, fazer de conta"
45186,3,2,"onde, em que lugar"
3982172,3,1,"Uma coisa completamente diferente"
18688229,3,1,"Estar na reta final"
5527706,3,1,"Obrigado pelo ótimo dia."
16776944,3,1,"Ter olhos nas costas"
53190,3,2,"mais pequeno, mais curto"
5893,3,2,"obrigado, limitar, demarcar, fronteira"
804379,3,1,"Ter mais uma chance"
11484798,3,1,"Vamos lá, vamos dançar!"
18688227,3,1,"Estar bem com alguém"
45620,3,2,"desejar muito saber, maravilha"
475753,3,1,"Ambiente de Desenvolvimento Integrado"
19531,3,3,"a ela, dela, sua"
29528,3,2,"parcialmente / em parte"
11489095,3,1,"Estes sapatos estão apertados."
24742,3,1,"comum, usual, corrente principal"
3531925,3,1,"Você tem um isqueiro?"
8050731,3,1,"Você se veste bem."
60873,3,1,"mais doce, angelical, ameno"
9392735,3,1,"Sabe que horas são?"
38639,3,1,"apertar, espremerapertar, espremer, comprimir"
474751,3,1,"repórter de primeira classe"
51069,3,2,"Elevadores, elevar, erguer, suspender"
16586,3,1,"apaixonado, afeiçoado, afetuoso, amorosa"
11484806,3,1,"Você gosta da música?"
15634822,3,1,"Obrigado por sua assistência"
474775,3,1,"jornalista de atribuição geral"
475239,3,1,"escrever para a imprensa"
475233,3,1,"trabalhar contra o relógio"
2239,3,2,"contra, em frente de"
3151,3,2,"á parte, separado, pedaços"
1042438,3,1,"travar uma luta contra..."
28215,3,2,"SOBRE, EM DIREÇÃO A"
4023,3,2,"embaraçoso - desajeitado"
1042427,3,1,"mão em uns demissão"
475194,3,1,"papéis de qualidade superior"
2237,3,2,"por isso, após isso"
11635343,3,1,"Meu tamanho é PP."
254355,3,1,"cometer erros de ortografia"
826350,3,1,"Obrigado pelo seu elogio."
8390,3,2,"fechar, terminar, perto, próximo"
16319,3,1,"sabor, aroma, bom gosto"
37982,3,2,"ás vezes, por vezes"
480949,3,1,"a opinião pública mundial"
481019,3,1,"política de não-alinhamento"
6096,3,2,"respiração, suspiro, sopro, fôlego"
27617,3,2,"atualmente, hoje em dia"
1042439,3,1,"travar uma luta pela..."
474605,3,1,"notícia em primeira mão"
5140619,3,1,"É uma boa idéia."
18918,3,3,"corredor, salão, galeria, passagem"
474951,3,1,"notícias sobre a mídia"
34063,3,2,"contar com, confiar em"
481010,3,1,"política de não-interferência"
7746374,3,1,"Você está namorando alguém?"
480944,3,1,"posição de força política"
27950,3,2,"diferente, esquisito, estranho, ímpar"
28666,3,2,"lá fora,fora de,afora,de fora"
2245694,3,1,"Vamos combinar uma reunião."
13701,3,3,"ávido, sedento, ansioso, cobiçoso"
36819,3,1,"Escudo, proteção; Defender, proteger"
15713,3,2,"derrubar, cair, cruel, terrível"
474772,3,1,"notícia de primeira página"
2210,3,3,"medo, com medo, amendrontado"
44527,3,1,"maluco - estranho"
12457,3,2,"Descobrir, Aprender, Informar-se"
45787,3,1,"naufrágio, destruição; naufragar, destruir"
38128,3,2,"do sul, sulista, meridional"
14871,3,2,"em todo o lugar"
737212,3,1,"Prazer em conhecê-lo."
8250109,3,1,"Prazer em conhecê-lo."
1695774,3,3,"horrível, terrível, medonho, abominável"
3800,3,2,"atar, prender, fixar, anexar"
44917,3,2,"fraco, vulnerável, ineficiente, mole"
350002,3,1,"Quantos anos você tem?"
1313,3,2,"coçar - arranhão"
8719243,3,1,"Como isto te veste?"
11487227,3,1,"Posso encomendar isto online?"
21428,3,2,"infinito, imenso, inesgotável, infindável."
11639984,3,1,"Vamos para o cinema!"
37721,3,1,"romper, morder, abocanhar, arrebentar"
282813,3,1,"De onde você é?"
2630,3,4,"ao longo, junto, adiante"
36761,3,2,"Cabana, barraca; derramar, derrubar"
51792,3,1,"olhar fixamente, fitar, encarar"
11484081,3,1,"Estou viajando a negócios"
11488886,3,1,"Os provadores estão lá."
39331,3,2,"forte, firme, sólido, resistente..."
41020,3,2,"com sede / sedento(a)"
42976,3,1,"fundamental, base, oculto, subjacente"
11489192,3,1,"Onde é o caixa?"
37518,3,1,"Dormi, dormiu, dormiram, dormia"
45565,3,1,"resistir a , suportar"
27338,3,1,"afirmar com a cabeça"
36943,3,2,"baixo, breve , pequeno"
6619894,3,1,"Eu sou da Rússia."
19473,3,3,"significa oi ou olá"
480980,3,1,"Ministro dos Negócios Estrangeiros"
52608,3,2,"Fazendo força / lutando"
939,3,3,"ter o direito de"
54875,3,1,"logo depois, sendo assim"
29540,3,2,"festa, grupo, partido, parte"
68779,3,1,"molhado, desarrumado e sujo."
28947,3,2,"dever, estar em dívida"
476150,3,1,"comédia de humor negro"
4545,3,2,"bed specifique for baby"
45181,3,4,"no tempo em que"
41752,3,2,"sinal, vestígio, indício, traço"
42511,3,2,"duas vezes, o dobro"
15940,3,3,"lutar, brigar, luta, briga"
63011,3,1,"ao meio do caminho"
58539,3,2,"fitar os olhos, encarar"
25699,3,3,"ter o direito de"
39181,3,2,"fogão, forno, estufa, fornalha"
52751,3,2,"amplamente, largamente, bastante, bem"
30551,3,2,"apanhou ( de pegar)"
45774,3,2,"embrulhar, dobrar, envolver, terminar"
27712,3,1,"estimular, nutrir, alimentar, cultivar."
11635350,3,1,"Eu uso tamanho P."
5085,3,2,"bicicleta; andar de bicicleta"
480985,3,1,"A Câmara dos Lordes"
37443,3,2,"bater, fechar com força"
434683,3,1,"Pessoas da Geração Y"
24283,3,3,"mais tempo, mais longo"
27328,3,2,"ninguém, nenhum, homem humilde"
3944935,3,1,"Qual o seu tamanho?"
52026,3,1,"convém, convir, é apropriado"
11489174,3,1,"Isso é muito caro."
42093,3,2,"truque, artifício, artimanha, artimanha"
28036,3,1,"fruto, descendência, rebento, prole"
480984,3,1,"A Câmara dos Comuns"
11488901,3,1,"Eu não gosto disso."
5839,3,3,"pegar emprestado; contrair empréstimos"
480981,3,1,"Ministério das Relações Exteriores"
54249,3,2,"fixando, encararando, olhando, ..."
19723,3,2,"si, ele mesmo, próprio"
45191,3,1,"por meio de que"
32292,3,1,"inclinado, propenso, de bruços"
6163,3,2,"breve - instruir"
1330518,3,1,"aparece com letra minúscula"
25431,3,2,"reparar , consertar, restaurar"
23204,3,2,"colocar, colocado, transar, lançado"
41307,3,1,"eterno, sem fim, inoportuno"
50879,3,1,"mais antigo, mais velho"
6540,3,5,"não ... mais que"
4354,3,1,"falido, quebrado, desprovido, destituído."
45580,3,1,"gênio, mágico, bruxo, mago"
26910,3,3,"Aproximadamente, quase, por pouco"
38810,3,3,"declaração afirmação demonstrações "
45158,3,2,"seja o que for"
29911,3,1,"bacia - pélvis"
45757,3,4,"valor, valer a pena"
3143,3,4,"algo, alguma coisa, nada"
23563,3,4,"aprendizado - aprender"
1079957,3,1,"rosto castigado pelo tempo"
4968,3,3,"ao lado, junto de"
24372,3,2,"alto, em voz alta"
54089,3,1,"ousou, ter a coragem"
37662,3,4,"Sorrir, rir; riso, sorriso"
1805,3,1,"sendo assim, portanto, adequadamente"
19895,3,1,"com saudades de casa"
40361,3,1,"domesticado, amansar, domar, adestrar"
2787,3,3,"entre, no meio de"
34898,3,3,"raiz, fundamentais, de apoio"
8944,3,1,"DEVOTAR-SE, COMPROMETER-SE"
8400,3,1,"Atentamente, perto de, cautelosamente"
38512,3,2,"holofote, centro das atenções"
20736,3,1,"impacto - impactar"
46846,3,1,"a favor do vento"
67832,3,2,"mais difícil, árduo "
5031,3,3,"entre um e outro"
17601,3,1,"aferir, avaliar, medidor "
3697,3,1,"seleção, sortimento, conjunto selecionado"
46079,3,2,"aflição, dor, sentindo dor"
55627,3,2,"cumprimento, satisfação, execução, desempenho"
2158,3,2,"Assunto, coisa; caso (amoroso)."
442221,3,1,"carne de porco cozida"
41054,3,2,"o, a, os, tu"
210754,3,1,"Apressar-se; Anda logo!"
36706,3,2,"formato, em forma de"
53715,3,2,"descobriu, descoberto , descobri"
43236,3,2,"único - exclusivo"
7574,3,3,"desafiar, contestar, disputar, ousar"
10612,3,1,"pesado, difícil de lidar"
40267,3,2,"tentar resolver, manejar, lidar"
20192,3,1,"uivo, lamentar-se, gemido"
128394,3,1,"à prova de bala"
122157,3,2,"Corresponde a 29 ml"
16423,3,2,"inundar, enchente, alagar, encharcar"
2694,3,4,"em todo o tempo"
59535,3,2,"Soltar um riso abafado"
4017,3,2,"legal, show de bola"
13017,3,1,"domínio, compartimento, terras, posse"
20237,3,2,"humilde, simples, humilhar, rebaixar"
18220,3,3,"pouco a pouco, gradualmente"
49299,3,1,"pisar, bater os pés"
4148,3,2,"para trás, retrógrado, atrasado"
38767,3,1,"a parte mais importante"
16396,3,2,"ligar, virar, alternar, sacudir"
26781,3,1,"a saber, ou seja"
6349522,3,1,"relacionamento com a comunidade"
46100,3,2,"acessivel, a preço acessível"
19442,3,1,"herdeiro (an heir), sucessor"
33900,3,2,"recusar , negar-se"
37984,3,2,"UM TANTO, UM POUCO"
38082,3,3,"legal, leal, honrado, idôneo."
53190,3,3,"menor,mais pequeno, mais curto"
23662,3,2,"lazer, ócio, tempo livre"
28576158,3,1,"este arquivo já existe"
41375,3,1,"na ponta dos pés"
36213,3,2,"eu, a si mesmo"
24414,3,3,"baixo, inferior, pequeno, deprimido"
45000,3,2,"chorar; lacrimejar; derramar lágrimas"
40844,3,1,"corrente, amarrar ou prender"
46124,3,2,"entre, no meio de"
7732,3,2,"alegre e bem disposto"
34524,3,4,"resenha - avaliação"
31349,3,2,"excremento, cocô (de animal)"
59676,3,1,"ter o gosto de"
52156,3,3,"mais difícil, mais forte"
10363,3,1,"encolher-se de medo"
104134,3,1,"empolgante, tirar o fôlego"
41448,3,1,"criança (até dois anos)"
2612,3,1,"aliado aliar, aliar-se"
60260,3,1,"permite-lhe contemplar vistas"
52157,3,3,"grande qtidade, muito, along"
36745,3,3,"you she it is"
1106198,3,1,"o ceu esta caindo"
1704209,3,1,"pasta, maleta de trabalho"
24743,3,2,"conservar, guardar, manter, assegurar"
2521,3,2,"parecido, semelhante, igualmente, idem"
19754,3,5,"a ele, dele, seu"
23522,3,4,"liderar - levar"
174743,3,1,"farto, de saco cheio"
58610,3,2,"atrair, tentado, seduzir, engodar"
46096,3,2,"publicidade - propaganda"
53153,3,2,"antes de, mais cedo"
6290,3,2,"Escova, escovar; bosque, arvoredo."
52766,3,1,"gabar-se, vangloriar-se"
28816,3,3,"cheio de alegria, radiante"
13416,3,1,"garoa, chuvisco, chuva fina"
34195,3,2,"substituir, pôr no lugar"
174774,3,1,"contanto, enquanto, desde que"
36803,3,3,"60;utensílio para proteger contra&62;"
18308,3,2,"compreender, agarrar, entender, segurar"
24738,3,2,"PRINCIPALMENTE, SOBRETUDO, EM ESPECIAL"
51345,3,2,"entrar em, introduzir-se"
16806,3,2,"abandonar, renunciar, abrir mão"
26495,3,5,"um grande número de"
6150,3,2,"noiva, mulher recém-casada"
36658,3,1,"Suspeito, duvidoso, escuso, sombrio"
135517,3,1,"para todo o sempre"
42245,3,1,"aluno que mata aula"
44572,3,5,"estar à espera de"
8990,3,2,"comutar, trocar, viajar diariamente"
177927,3,2,"continuar, seguir em frente"
34905,3,2,"corda (forte e grossa)"
5052,3,2,"viés, tendência, inclinação "
36955,3,2,"escassez, defit, carência, deficiência"
107258,3,1,"em todo o país"
134646,3,1,"o que a gente"
43742,3,1,"para cima, mais além"
26296,3,2,"luz da lua/ luar"
126209,3,1,"vida após a morte"
53072,3,1,"afirmar com a cabeça"
39199,3,2,"tensão; esforço; esticar; deformar"
31399,3,2,"varanda, alpendre, póstico, sacada"
3145,3,3,"qualquer lugar,em qualquer lugar"
53035,3,2,"salto de sapato, calcanhar"
30126,3,2,"perecer , destruir-se"
52040,3,2,"emitir, emitida, editar, profeir"
18137,3,2,"minha nossa, meu Deus"
173389,3,1,"encontrar - criar"
48598,3,1,"felizmente, ainda bem; agradecidamente"
135952,3,2,"caminhadas, excursoes a pe"
23540,3,2,"folha , folhagem, folear"
67039,3,1,"com os olhos vendados"
33462,3,4,"alcançar, atingir, chegar a"
43641,3,3,"teimoso, relutante, não disposto"
182932,3,1,"acabar , esgotar ."
1079946,3,1,"maçãs do rosto proeminentes"
126465,3,1,"otimista, bem humorado, alegre"
43594,3,2,"até , até que"
22725,3,5,"não ... mais que"
14317,3,2,"por toda a vida"
173548,3,2,"continue; siga em frente"
7385,3,1,"aviso, advertência, notificação; embargo"
30076,3,2,"realizar, executar , fazer"
25148,3,1,"material,ingrediente / importante, corporal"
236288,3,2,"Interlocutor, amigo por correspondência"
33478,3,1,"directamente, imediatamente, sem delonga"
51076,3,2,"convidados, fregues, hospede, visita"
63880,3,1,"patrocinar, freqüentar, apadrinhar, condescender,"
9672,3,1,"Por outro lado, reciprocamente"
15382,3,2,"murchando, sumindo, desaparecendo, desvanecendo"
4749,3,2,"dormitório, quarto de dormir"
123635,3,1,"narrador, contador de história"
43028,3,2,"voz baixa, tom baixo"
108345,3,1,"sinceramente; de todo coração"
18501,3,2,"mercearia, mercadinho de bairro"
51666,3,3,"acontecer, suceder, ter lugar"
44206,3,3,"vício, perversão, depravação, imoralidade"
2768,3,2,"entre, no meio de"
10669,3,1,"anelar, ondular, encaracolar; onda"
21307,3,1,"indulgente, que perdoa facilmente"
52620,3,2,"alterar, modificar, ligar, afastado"
19748,3,3,"Contratar, alugar, arrendar, locar"
18935,3,2,"pôr fim, fazer parar"
31673,3,3,"orar, rezar, fazer prece"
53738,3,3,"cumprir, realizar, executar, completar"
39019,3,2,"feder, cheirar, exalar cheiro"
4218,3,3,"the person make bread"
31351,3,2,"piscina, reunião, associar-se"
185257,3,1,"assim que, logo que"
40468,3,2,"saboroso, gostoso (comida, bebida)"
39128,3,2,"inclinar-se, abaixar-se"
45315,3,2,"seja lá quem for"
6156,3,2,"abrir caminho, construir ponte"
10200,3,2,"embarcação - ofício"
43225,3,2,"sem convite, não convidado"
182469,3,4,"agridoce, amarga, emoçoes misturadas"
173853,3,1,"de longe, sem dúvida"
5592,3,2,"gabar-se, vangloriar-se"
50360,3,2,"logo, dentro em pouco"
52612,3,2,"pegar, apanhar, capturar "
45415,3,2,"contrair o rosto, estremecer"
29271,3,2,"papel - jornal"
5031,3,4,"entre, no meio de"
31175,3,2,"veneno, tóxico; envenenar; venenoso"
32070,3,2,"prisioneiro, preso, presa, prisioneira"
53751,3,2,"você (é you informal)"
12804,3,2,"fosso, vala, rejeitar, abandonar"
38601,3,1,"companhia, turma, bando, grupo"
41825,3,2,"Trilha, rastro; arrastar, seguir"
32278,3,1,"promover, impelir e incitar"
8754,3,2,"reunir, acumular, cobrar, recolher"
42962,3,2,"subterrâneo; oculto, secreto; metrô"
20835,3,2,"implicar; sugerir; significar; indicar"
174618,3,2,"mesmo que, apesar de"
38021,3,2,"calmante, suavizante, que alivia"
38960,3,2,"severo, rigoroso, duro, áspero"
23363,3,1,"roubo de coisas miúdas"
131619,3,1,"de meios de subsistência"
5979,3,2,"vangloriar-se, gabar-se"
41152,3,2,"Empurrar, impulso, estocada, impelir"
210182,3,1,"presente para casa nova"
7926,3,4,"cortar em pedaços pequenos"
121963,3,2,"exercitar-se, malhar, treinar"
39392,3,1,"atordoar, chocar, surpreender, espantar"
12154,3,3,"entende, percebe, cavar, desenterrar"
45154,3,4,"quem quer que seja"
30736,3,1,"Litro, porção, medida, quartilho"
18375,3,2,"o melhor, o maior"
53639,3,1,"o companheiro de equipe"
46310,3,2,"borrado, sem nitidez, embaçado"
17789,3,1,"Monstro (ser maléfico espiritual/lendário)"
38208,3,3,"cintilante, com gás, espumante"
27512,3,2,"do norte, setentrional, boreal"
200101,3,1,"de cabeça para baixo"
44691,3,2,"mandato, garantia, alvará, caução"
44439,3,2,"vazio, eliminar, afastar "
41219,3,2,"arrumado, ordenado, organizado, cuidadoso"
35016,3,3,"remar; bate-boca; contenda"
13337,3,2,"Melancólico, nebuloso, sombrio, triste"
7606,3,6,"mudança - alterar"
16380,3,2,"fuga, trajetória, linha, carreira"
33433,3,2,"barbeador, aparelho de barbear"
34463,3,2,"afastar-se, recuar, fuga"
45794,3,2,"lutar, esforçar-se (mentalmente)"
42531,3,3,"torcer, debater-se, reviravolta"
36682,3,3,"raso, superficial, pouco profunda"
5639,3,2,"pântano, brejo, atoleiro, atolar"
42447,3,1,"rotatividade, volume de negócios"
2922,3,2,"angústia, tormento, martírio, suplício"
174365,3,1,"de fato, na verdade"
52664,3,1,"anuncia a chegada de"
184666,3,1,"entrar rapidamente, precipitar-se"
7001,3,2,"cativeiro, escravidão, servidão, prisão"
57140,3,2,"simultaneamente, ao mesmo tempo"
13746,3,2,"terremoto, tremor de terra"
39116,3,1,"apedrejado; chapado; bêbado; louco"
45349,3,3,"sórdido, malvado, maldoso. perverso"
19138,3,3,"v.colher, ceifar, s.colheita, safra"
18956,3,1,"Rede de dormir, maca"
3460,3,2,"surgir, vir à luz"
42414,3,1,"campo de atividade, território"
19777,3,1,"until now; até agora"
474305,3,1,"queijo de pasta mole"
111696,3,3,"em andamento, avanço, progressivo"
19422,3,3,"calcanhar, salto de sapato."
30682,3,1,"decorar, enfeitar, alcoviteiro, ""pompear"""
50429,3,2,"mais fino, magreza, emagrecer"
6514,3,2,"bosque, selva, mato, mata"
24352,3,3,"perca, perder, derrotar-se"
38142,3,3,"plantar, plantou, semeou, semear"
33048,3,1,"desistente(aquele que desiste facilmente)"
58951,3,1,"soprando, bufando, fumando, ofegando"
201388,3,1,"o mais cedo possível"
122596,3,1,"efeito colateral / consequencia"
42303,3,2,"digno de confiança, fidedigno."
22167,3,2,"interior, parte de dentro"
9980,3,2,"chalé, casa de campo"
36734,3,2,"barbear, fazer a barba"
174676,3,2,"superar, recuperar-se de"
27914,3,3,"OCORRER, ACONTECER, TORNAR-SE"
6031,3,2,"latão, feito de latão"
5866,3,2,"garrafa, frasco, mamadeira, engarrafar"
10650,3,3,"controlar, refrear, reduzir, abafar"
27713,3,2,"noz, castanha, porca, ""maluca"""
104829,3,1,"a expectativa de vida"
1709133,3,3,"guarda - chuva"
23415,3,2,"último, mais recente, atual"
14336,3,1,"permanente , estavel ,permaneceram"
202044,3,1,"ao longo do tempo"
2614,3,3,"onipotente, todo poderoso "
19517,3,2,"de agora em diante"
75628,3,2,"elogio, parabéns, muito bom"
182787,3,1,"apontar, indicar, ressaltar, destacar"
54322,3,2,"does not, não faz"
119454,3,1,"deslumbrande, linda, pessoa deslumbrante"
48742,3,2,"debaixo d'água, subaquático"
1934,3,2,"anúncio, propaganda, material publicitário"
15354,3,1,"fábrica - instalação"
1314,3,1,"Avarento, pão duro, miserável"
25484,3,2,"misturar, combinar, unir, fundir,"
29619,3,2,"Pastelaria, massa, doceria, pastel"
40836,3,1,"testemunhos - depoimentos"
54782,3,2,"capital , fundos( dinheiro)"
43238,3,2,"Em uma só voz"
38036,3,2,"estudante do segundo ano"
11884,3,1,"deter - prender"
19282,3,3,"sede (principal), quartel general"
56896,3,1,"com a participação de"
23014,3,2,"faca, esfaquear (to knife)"
38649,3,3,"olhadela, olhar de soslaio"
4126,3,3,"fundo, experiência, segundo plano"
23455,3,2,"lavadeira, roupa para lavar"
174479,3,2,"tomar cuidado, ser vigilante"
189445,3,1,"no momento em que"
40298,3,2,"Adaptar, alfaiate, medida, adequar"
37292,3,4,"sentar-se, estar sentado"
126289,3,2,"atalho (caminho mais curto)"
10866,3,2,"barragem represa, dique, açude"
23224,3,3,"cordeiro, carne de carneiro"
173630,3,1,"que passam, passando por"
2285,3,1,"inflamado, brilhante, fervoroso, excitado,"
666,3,4,"eu já, eu tenho"
35697,3,2,"espalhar; dispersar; alastrar; disseminar"
16003,3,1,"dar um jeito, trapacear"
8228,3,4,"turma - aula"
9443,3,1,"constante, coerente / consistente"
38658,3,2,"sair em jato, esmagar"
22627,3,1,"feliz, alegre, jubiloso, jovial"
32477,3,1,"provisão - prestação"
20343,3,2,"apressar, encontrão, trapaça (US)"
88642,3,1,"caçando, atacando, aproveitando-se"
35824,3,1,"Guia, escoteiro, explorador, sentinela"
51488,3,1,"lançar brilho de súbito"
42038,3,2,"Muito grande, enorme, imenso"
30888,3,2,"avião, plano (x, y)"
2629,3,5,"não ... mais que"
52179,3,1,"lançavam com força, arremessavam"
39497,3,1,"citações - intimação"
7513,3,2,"certamente, com certeza "
34902,3,2,"sem raízes / desenraizados"
91235,3,2,"desgosto, mágoa, coração partido"
40479,3,4,"ensinou (pass of teach)"
13088,3,2,"Residencia universitária / dormitorio"
43741,3,2,"para cima, ascendente "
38365,3,2,"dar voltas em algo"
42055,3,1,"trespasse - invasão"
18510,3,2,"dançar(informal), divertir-se, ritmo"
182969,3,1,"eu sou, eu estou"
6343,3,1,"mexer, trocar de atitude."
23441,3,5,"risada - rir"
24205,3,1,"morar, habitar, estar hospedado"
21794,3,3,"seguro, apólice de seguro"
182934,3,2,"entrar (enter train, bus)"
8246,3,2,"parte de frase, oração"
666,3,5,"eu tenho,eu estive,eu já"
16869,3,2,"Fundamento, alicerce, base, fundação"
8770,3,2,"Colidir , chocar-se"
43531,3,1,"indizível, inefável, indescritível, terrível"
12211,3,3,"10 centavos de dólar"
55899,3,2,"mais cedo, mais novo"
14923,3,1,"análise - examinação"
12605,3,1,"essencialmente diferente, sem comparação"
43591,3,4,"até, até tal hora"
39429,3,2,"pôr no lugar de"
6509,3,2,"cheio; prestes a rebentar"
23358,3,3,"lapso,espaço de tempo, intervalo"
16387,3,1,"recuar, vacilar, encolher-se"
29967,3,2,"moeda de um centavo"
4116,3,2,"espinha dorsal, coluna vertebral"
37426,3,1,"em direção ao céu"
16754,3,1,"pagar multa, confiscar; perder"
59846,3,3,"defeituoso, equivocado, com falhas"
174408,3,1,"de vez em quando"
45110,3,2,"não eram, não foram"
30026,3,2,"por, a razão de"
45587,3,2,"vacilante, oscilante, hesitante, trêmulo"
9848,3,1,"sentimental, brega, cafona, antiquado"
52046,3,2,"Gritar, apitar, esganiçar, silvar"
38755,3,4,"em pé, permanecendo, posição"
39500,3,2,"concordar; aprovar; assinar (revistas)"
49602,3,2,"a qualquer hora, sempre"
26834,3,5,"sórdido, torpe, vil, indecente"
53609,3,1,"empolgado, entretido, concentrado, monopolizado"
38782,3,3,"forte, rígido, decidido, resoluto"
68962,3,2,"mais cruel, mais vil"
40088,3,2,"inchado, superfluo, futil, frivolo"
41218,3,2,"notícia, novas (boas novas)"
2635,3,2,"alto, em voz alta"
182915,3,1,"juntar-se, reunir-se"
2409,3,1,"decolar, transportado pelo ar"
7402,3,2,"deixar de, parar de"
39990,3,2,"balançar, sacudir, estremecer, abalar"
50749,3,4,"dar a impressão de"
24521,3,1,"dar um soco, investida"
22129,3,1,"investigação - inquérito"
13113,3,2,"ponto, pingo, mancha pequena"
19484,3,3,"prestativo, atencioso, útil "
53337,3,1,"olhou com raiva, fulminou"
11538,3,3,"demandar - demanda"
4150,3,3,"de trás para frente"
90085,3,1,"na ponta dos pés"
67603,3,1,"a água da chuva"
180300,3,1,"Fazer uma visita casual"
15731,3,1,"assalto a mão armada"
67287,3,2,"ecxitante, fascinante, interessante, emocionante"
6852,3,6,"ter a faculdade de"
31786,3,2,"gostar mais de; preferir."
33225,3,3,"ferrovia, estrada de ferro"
45154,3,5,"seja lá quem for"
12671,3,1,"causing confusion and interruption"
1821,3,1,"autorizado, credenciado, aprovado, acreditado"
28303,3,4,"Oposto a/ Frente a"
35034,3,2,"Camisinha (Us) Borracha (UK)"
51882,3,2,"tratado (receber tratamento, exemplo)"
7540,3,1,"esfolar; irritar; roçar; esfregar"
36683,3,4,"deves, deverás, hás de"
5849,3,3,"seio, peito, alma, coração"
19378,3,2,"adj. celeste, celestial, divino."
28213,3,2,"começo, inicio, assalto, ataque"
20142,3,1,"de hora em hora"
82547,3,1,"deslocamento para o trabalho"
216845,3,1,"Parecer, ter semelhança fisica"
14416,3,4,"um grande número de"
45371,3,2,"Empunhar, exercer, manejar, brandir"
3830,3,2,"traje, vestuário, roupa, vestes"
29262,3,2,"calça ou roupa intima"
36860,3,2,"remessa, embarque, transporte, expedição"
42506,3,1,"vinte e poucos anos"
28033,3,2,"compensar, equilibrar, deslocar, deslocado"
15391,3,3,"falha - fracasso"
55609,3,3,"verão, tempo de verão"
15066,3,1,"exílio, banimento, expatriação. retiro"
45130,3,2,"dividir, bater, golpear, matar"
44913,3,2,"we had nos tinhamos"
71852,3,2,"premiar, recompensar, conceder, conferir"
34063,3,4,"recorrer, depender, basear-se"
387258,3,1,"afastou-se, fui embora,"
70336,3,2,"pesa, avalia, pondera, considera"
1696278,3,2,"igreja, casa de oração"
15642,3,2,"destemido, impávido, intrépido, audaz"
22332,3,2,"marfim, tecla de piano"
4969,3,3,"além de, além disso"
45142,3,1,"a caça à baleia"
2764,3,3,"entre, em meio a"
174703,3,2,"Tolerar, aumentar, hospedar, levantar"
43643,3,2,"desenrolar, separar, soltar, relaxar"
31603,3,2,"pó, pó-de-arroz"
45595,3,2,"lobo, fera, animal selvagem"
33429,3,2,"raio, radiar, irradiar-se"
297378,3,1,"carrinhos de tração humana"
4015,3,3,"Temor, reverência, espanto, admiração"
33827,3,2,"molinete, carretel, bobina, rolo"
35242,3,4,"a salvo, seguro, cofre"
5911,3,3,"Sobre ( About )"
13561,3,3,"idiota, burro, estúpido, imbecil"
192560,3,1,"porcaria, comida pouco saudável"
37055,3,2,"a form of transport"
13094,3,2,"dormitório, repúplica de estudantes"
11084,3,2,"concessionário - negociante"
38162,3,3,"nave espacial, veículo espacial"
231925,3,1,"o que se passa"
17624,3,4,"marcha (em um carro)"
22961,3,2,"pipa, papagaio  "
123685,3,1,"piegas, mole e esponjoso"
185722,3,1,"cair no sono, adormecer"
200084,3,2,"assegure-se, certificar-se"
10349,3,2,"criminoso - criminal"
36675,3,2,"fraco, débil, instável, inseguro"
16008,3,2,"finalmente, em fim "
59651,3,1,"pré-determinado, pré-arranjado"
16117,3,1,"à prova de fogo"
12040,3,2,"discar, mostrador (relógio, rádio)"
6348,3,3,"amortecedor, parachoque, memória intermediária"
38387,3,1,"solteirona, ficar pra titia"
4645,3,2,"pôr sobre a terra"
52365,3,3,"firmemente, continuamente, constantemente "
33341,3,2,"decisão apressado ou intempestiva"
30688,3,3,"Alfinete (fixar com alfinete)"
10946,3,2,"Danado, retalho, amaldiçoado, porra"
49283,3,1,"encontrar algo desejado inesperadamente"
36299,3,1,"pena de si mesmo"
37018,3,2,"grito penetrante, som agudo"
19790,3,3,"brincadeira, trote, peça, engano"
9103,3,2,"conciliação, acordo entre partes"
18785,3,3,"cortar em pedaços pequenos"
38206,3,2,"brilhar, bater, fazer milinete"
15409,3,3,"Razoavelmente, (more or less)"
59564,3,1,"perseguir, ficar para trás"
20779,3,2,"iminente, prestes a acontecer"
10457,3,1,"estar agachado, se curvar"
34838,3,2,"Trapaceiro, enganador, golpista, charlatão"
35513,3,4,"sentei, passado de sit"
48717,3,2,"OBSCURO, NÃO ESTÁ CLARO"
45158,3,3,"seja lá quem for"
54485,3,3,"sem problemas, suavemente, facilmente."
33913,3,4,"sobre, em relação a"
7244,3,2,"baixa, vitíma de acidente"
55406,3,2,"singularmente, com exclusividade "
173428,3,2,"bem como, assim como..."
11149,3,2,"estreia de um ator"
19396,3,3,"pode, daqueles, baita (interjeição)"
22102,3,2,"inestimável, de grande valor"
126429,3,1,"o excesso de comida"
189074,3,2,"de modo algum, absolutamente"
44691,3,3,"garante - mandado"
177500,3,1,"Do nada, de repente"
45891,3,3,"o, os, vós, vos"
109995,3,3,"ensaio, dissertação, composição, esboço"
174339,3,1,"vai tomar no cu"
29844,3,1,"vender porta a porta"
1541,3,2,"puxão, empurrão, arrancar, empurrar"
627428,3,1,"abaixo do seu preço"
35808,3,2,"ardente, escaldante, abrasador, tórrido"
9140,3,3,"conceber, idealizar, imaginar, gerar"
202898,3,1,"Pra falar a verdade..."
23555,3,4,"salto, pulo, saltar, pular"
26144,3,2,"homem ou rapaz efeminado"
328907,3,1,"melodrama, filme para mulher"
12070878,3,2,"Vou te apresentar Pam."
211604,3,1,"estudar a noite inteira"
34692,3,1,"Aro, borda, orla, arco"
34805,3,5,"pedra, rocha, balançar, embalo"
131138,3,2,"malas, malas de viagem"
36641,3,3,"gasto, velho, muito usado"
18939,3,2,"metades, dividir ao meio"
7184,3,2,"esculpir, entalhar, esculpindo, entalhando"
42107,3,2,"Brincar, ninharia, perder tempo"
14637,3,4,"borracha de apagar, apagador"
12659,3,2,"negligência, desprezo, desdém, desconsideração"
15205,3,2,"extender, amplo, espaçoso "
1794,3,3,"acompanhamento; ao som da"
36821,3,4,"turno, expediente, alterar, substituir"
311364,3,1,"adivinho, adivinhador, cartomante, quiromante"
40222,3,2,"malhado, listrado, mulher mexeriqueira"
58500,3,2,"não sei, sei lá"
40006,3,2,"suado, cheio de suor"
35145,3,4,"Pressa, Apressar-se, Apressar"
174413,3,2,"tomar conta, assumir controle"
3272,3,3,"aplicado, candidato, requerido, solicitado"
35956,3,1,"escapar, fugir, correr, debandar"
42532,3,1,"situação difícil, ciclone, mentiroso"
154045,3,1,"má interpretação, interpretando mal"
53896,3,3,"menor, minimo, delicado, fútil"
63086,3,2,"observou procurando por algo"
24372,3,3,"en voz alta, ruindosamente"
5973,3,2,"suporte, parenteses, colchetes, chaves"
127418,3,1,"os formuladores de políticas"
12082,3,3,"cortar em pedaços pequenos"
6130,3,2,"preparar, bebida fermentada, amadurecer"
41061,3,2,"impensado; desatencioso; irrefletido; descuidado"
7939,3,2,"pequena tarefa (ou trabalho)"
55778,3,2,"Estados Unidos da América"
32657,3,2,"trocadilho, jogo de palavras"
476113,3,1,"sem colunas ou pilastras"
37190,3,2,"da mesma forma, igualmente"
9766,3,2,"copiar, cópia, imitar ,exemplar"
162837,3,2,"agitando-se, debatendo-se"
4758,3,4,"carne de boi, bife"
25975,3,2,"acidente, contratempo, peripécia, revés"
37023,3,2,"camarão, anão, zé-ninguém"
39324,3,4,"esforçar-se, empenhar-se"
121945,3,2,"Sem coleirar, solto (a)"
14288,3,2,"estimulante, incentivador, favorável, propício"
66226,3,2,"destruir, demolir, ruínas, desfazer"
64674,3,2,"repleto (a), cheio (a)"
127551,3,2,"sobra, sobra de comida"
28573,3,4,"surto, início, eclosão, afloramento"
25097,3,3,"um grande número de"
22057,3,3,"complex, complicated, sophisticated, knotted"
180300,3,2,"vir (fazer uma visita)"
111036,3,2,"PIB (Gross Domestic Product)"
57254,3,3,"mais louco, mais selvagem"
10840,3,2,"punhal; adaga; cruz; crucificar"
89418,3,2,"jogo de azar, jogatina"
104255,3,1,"de baixo para cima"
37287,3,2,"maricas / pessoa afeminada"
13926,3,2,"sem sentido, muito ruim"
43722,3,4,"chateado, triste, virado, perturbar"
45249,3,2,"girar, rodopiar, voltar, turbilhonar"
174463,3,2,"tipo, mais ou menos"
43615,3,3,"Incomum, estranho, esquisito, raro"
174798,3,3,"morgar, passar tempo relaxando"
13569,3,4,"abandonar, dar o fora"
26343428,3,1,"desenho do arranjo geral"
476131,3,1,"pórtico com 2 colunas"
25962,3,3,"Miséria, tristeza, magoa, infelicidade"
10259,3,4,"ânsia, desejo, ansiedade, desejando"
111696,3,4,"contínuo, em andamento "
142951,3,1,"não contaminada, não viciada"
35221,3,2,"Sela, selim, arreio, carregar"
45879,3,2,"Fio, história, narrativa, conto"
631947,3,1,"Eu não como carne."
52389,3,2,"com segurança, com firmeza"
25428,3,1,"coleçao de animais vivos"
5594,3,1,"presunçoso, orgulhoso, pretencioso, prepotente"
191011,3,2,"olhar sobre, examinar (superficialmente)"
26320,3,1,"desanimar-se deprimir-se"
20338,3,1,"casca, palha, descascar (huskiestcascudo,forte)"
243613,3,1,"se dar bem com"
1622,3,1,"abjeto, desprezível, ignóbil, absoluto"
28536,3,2,"Ai! (interjeição de dor)"
10089,3,2,"golpe (de estado), estratagema"
517204,3,1,"gorro islâmico"", neste caso"
33322,3,1,"arrebatado, capturado, envolvido, abduzido"
24534,3,2,"espiar, tocaiar, emboscar (verbo)"
28908,3,2,"passar a frente de,alcançar"
122612,3,1,"caseiro, feito em casa"
73128,3,1,"comécio, negocio, transação, ofício"
15274,3,1,"sair de uma situação"
37730,3,1,"rosnar,falar de modo ríspido"
18711,3,2,"rajada de vento "
25016,3,2,"iluminador, marcador de texto"
28671,3,1,"Passar a perna enganar"
45745,3,3,"gasto worn out desgastado"
11838,3,1,"abandonado, desconsolado, aflito, desamparado"
180263,3,1,"máquina de lavar roupa"
18590,3,2,"mal-humorado, ranzinza (adj)"
30183,3,2,"por toda a vida"
56036,3,1,"ela é; ela tem"
14426,3,1,"matricular, inscrever, registrar, anotar"
338152,3,1,"reprovar em um teste"
112697,3,3,"ligação, laço emocional, conexão"
12355,3,2,"desapontamento, aflição, amargura, dor"
105567,3,2,"Fodido, transar, coitar, copular"
190515,3,2,"mencionar algo, criar alguém"
27338,3,3,"acenar com a cabeça"
39091,3,3,"estômago, aceitar, suportar, tolerar"
47631,3,2,"divulgação, alcance, alcançar, ultrapassar"
185669,3,1,"se preparando, se formando"
126426,3,2,"maiô. calção de banho"
35071,3,1,"Arrepender-se/ Envergonhar-se"
52676,3,3,"acenou com a cabeça"
23035,3,2,"Botão, maçaneta, puxador, cabo"
132678,3,2,"Grupo do Terceiro setor"
26041,3,2,"substimar e mal entendido"
15386,3,1,"bicha, cigarro, fatigar (verbo)"
7047,3,2,"cartão, cardápio , menu"
38286,3,3,"mudo, calado, sem palavras"
32780,3,3,"Bichano, gato, marica, micio"
13731,3,1,"Ao alcance do ouvido"
141874,3,1,"andar como patinho desengonçado"
4866,3,1,"bonita, a mais bela"
48486,3,1,"mormacento, abafador, sufocante, abafado"
29965,3,1,"sem nenhum centavo, pobre"
51596,3,2,"testemunhas, estar presente, assistir"
174080,3,3,"até agora, por enquanto"
33756,3,2,"redenção, resgate, libertação, salvação"
14385,3,3,"to increase; raise; grow"
32019,3,2,"PRINCIPALMENTE, EM ESPECIAL, SOBRETUDO"
43033,3,2,"submeteu-se; sofreu "
55011,3,2,"sujeito a, passando por"
41243,3,2,"apertar, endurecer (ficar tenso)"
43766,3,4,"Estados Unidos da América"
244336,3,1,"I'm going to"""
132122,3,1,"o topo da montanha"
52601,3,3,"produzir ou emitir vapor"
3256,3,4,"o dia esta bonito"
54317,3,4,"eu sou/ eu estou"
19516,3,4,"for this reason; therefore"
31162,3,2,"mordaz, agudo, comovente,pungente, vivo"
32125,3,3,"continuar proceder começar a"
203879,3,3,"animar-se ,alegra-se"
2633,3,2,"Indiferente, afastado, a distância."
37011,3,2,"fragmento, retalhar, fragmentou, fragmentado"
17812,3,4,"dádiva, dom, presente, mimo"
5093,3,2,"licitação, dando lances, oferecendo"
5899,3,2,"Caridoso, beneficente , bondoso"
51399,3,4,"pôr-se em marcha"
23859,3,3,"ao longo da vida"
3607,3,2,"Feeling shame or guilt"
23771,3,3,"obrigação, responsabilidade, passivo "
95152,3,1,"canções líricas ou religiosas"
52778,3,3,"Dispositivo, instrumento, artifício, meio"
182056,3,3,"alcançar , esticar-se"
135982,3,1,"demolidor, desafiante, audacioso, atrevido"
10018,3,2,"conselho, assembleia, reunião, conferência"
6124,3,2,"Irmãos (de forma geral)"
1738094,3,1,"ainda assim, mesmo assim"
295866,3,1,"relaxamento - esfriar"
7933,3,2,"palito de comida japoneza"
89149,3,1,"coroando, atingindo o cume"
244070,3,1,"desembarcar, partir, começar viagem"
27060,3,3,"ninho - nest"
97336,3,2,"tolerante, fácil de lidar"
182974,3,2,"gravação baixada da internet"
32678,3,2,"castigo - punição"
25356,3,4,"reunião, encontro, conhecendo, encontrando"
949929,3,1,"A quem possa interessar"
6471,3,3,"ladrão, assaltante (de casa)"
12208,3,4,"not bright or clear"
38427,3,2,"espirrar, salpicar, esparramar (líquido)"
177576,3,3,"no fim, acabam, terminar"
24251,3,2,"solitário, por conta própria"
38524,3,2,"expansão, esparramar-se, espalhar"
39350,3,2,"ensoberbecer, ser altivo, escorar"
129394,3,1,"terrestre, preso à Terra"
55137,3,1,"Oh My God(Meu Deus)"
3792,3,2,"sobre, em cima de"
13064,3,2,"dia do juízo final"
6987,3,1,"capotar, virar o barco"
42485,3,2,"terno, smoking para festas"
34318,3,3,"demitir-se resignar-se"
37726,3,2,"mal humorado, super rápido"
189074,3,3,"absolutamente, de qualquer modo"
39647,3,1,"Estar de mau-humor"
16622,3,3,"futebol / futebol americano"
32739,3,3,"Proposital, intencional, decidido, resoluto."
79617,3,2,"ponta dos dedos, alcance"
14871,3,4,"em todos os lugares"
18035,3,3,"cabra, trouxa, tolo, capricórnio"
24004,3,1,"um tipo de tapete"
80838,3,1,"o sugador de sangue"
37487,3,1,"frágil, desprezível, delgado, sórdido"
34709,3,3,"ligando, chamando via telefone"
42625,3,1,"cheio de segundas intenções"
38343,3,2,"tempero, dar gosto a"
182895,3,3,"continuar, ir em frente"
68793,3,2,"ocupou um dos lados"
3266,3,2,"aparelho doméstico, ferramenta, utensílio"
38789,3,2,"estrelado, iluminado por estrelas"
529683,3,4,"Se conheço o tempo"
31935,3,2,"presumir, atrever-se, ousar"
40041,3,2,"desviar, mudar de direção"
48043,3,2,"declaradamente, supostamente, dizem que"
24049,3,7,"audição - ouvir"
29702,3,2,"pavimentar, abrir caminho "
32305,3,4,"por à prova, provar"
180664,3,1,"é por isso que"
46471,3,1,"à luz de velas"
55629,3,2,"Fundamenta; por baixo; sob"
199658,3,1,"o mais breve possível"
81236,3,2,"família, agregados familiares, domicílio"
45206,3,1,"soro de leite coalhado"
186783,3,1,"produtos de higiene pessoal"
58586,3,2,"aula, conferência, palestra, preleção"
174219,3,2,"contar com, confiar em"
14943,3,3,"sobressair-se, destarcar-se"
51436,3,2,"estar à espera de"
76408,3,2,"bandidos, fora-da-lei"
293338,3,1,"os emprestadores de dinheiro"
16556,3,2,"com neblina com nevoeiro"
18141,3,2,"doação, boa vontade "
217855,3,1,"embrulhar, enrolar, terminar, completar"
5431,3,3,"piscar os dois olhos"
7364,3,5,"Porque esta minha vida"
75190,3,4,"Olhar fixo, encarar, olhares"
45328,3,2,"quem quer que seja"
55154,3,2,"blogar - blog"
14082,3,2,"difícil de ser achado"
37521,3,2,"matou, enorme quantidade, serie"
88041,3,2,"mais vasto, mais largo"
35832,3,3,"subir, trepar, lutar por"
7741,3,3,"inferior, malfeito, cafona, brega"
189467,3,2,"neste exato momento, imediatamente"
40300,3,3,"adaptado, ajustado, sob medida"
34407,3,3,"retornar, recuperar, retornar, resumo"
54463,3,1,"de cima para baixo"
41448,3,2,"criança (começando a andar)"
32385,3,2,"promotor, advogado de acusação"
45797,3,2,"miserável, infeliz e desgraçado"
45995,3,1,"pico, ponto mais alto"
14336,3,3,"durável, paciente, estável, permanente"
112460,3,2,"homólogos, equivalentes, correspondentes, colegas"
52671,3,2,"surgir, ser eminente, pairar"
46399,3,1,"aquele-que-pega-emprestado"
201388,3,2,"as soon as possible"
8744,3,2,"colapso - desmoronar"
20185,3,4,"estar suspenso no ar"
2919,3,4,"iradamente, furiosamente, com raiva"
39354,3,1,"a barba por fazer"
186275,3,1,"""maquina de tocar música"""
4897,3,2,"hoje estou cansada "
54472,3,4,"comentários, resposta, opinião, retorno."
38536,3,5,"no contexto significa primavera"
127241,3,1,"universitário( estudante de graduação)"
51464,3,2,"Field - campo"
186831,3,1,"sistema de encriptação de"
1696744,3,2,"robe, manto, roupão, túnica"
431299,3,1,"maiô, roupa de banho"
61796,3,2,"atividade, ocupação, carreira, hobbies"
112250,3,1,"dilema (escolha dificil )"
19492,3,2,"bainha, orla, borda, margem"
177612,3,2,"experimentar, provar uma roupa"
5021,3,3,"trair, deletar, revelar, enganar"
70947,3,1,"fumegante, de combustão lenta"
32884,3,3,"singular, pitoresco, excêntrico, exótico"
25407,3,2,"filiação, fidelidade, participação. associação"
191007,3,2,"se afastar, ir embora"
17107,3,3,"Orvalho, geada, frio intenso"
3907,3,2,"autoridade,competência,estado de chefia "
39028,3,1,"ajuda de custo, bolsa"
30499,3,2,"físico / física (profissão)"
19896,3,2,"nostalgia, saudades da pátria"
25490,3,3,"Merecer, valer; Merecimento, virtude"
6426,3,4,"pão de cachorro quente"
126696,3,1,"plástico que envolve alimento"
34396,3,2,"restaurar, restabelecer, recuperar, reconstituir"
33048,3,2,"aquele que desiste facilmente"
173064,3,2,"resposta negativa ou desfavorável"
25794,3,2,"imitar, simular, mímico, imitador"
54777,3,2,"plano de saúde "
61138,3,2,"mais novo, mais recente"
34739,3,3,"ergueu-se, levantou-se"
32195,3,3,"Proficiente, competente, versado, perito."
21530,3,2,"inerente, inato, próprio, pertencente"
4593,3,2,"batter, agredir; massa, empanar"
1805,3,3,"Consequentemente, portanto, sendo assim"
62200,3,2,"limitar, aperta, restringe, estreita"
30241,3,1,"pertencer, diz respeito a"
58959,3,1,"comum, frequente, popular, habitual"
20286,3,3,"Pedaço, pão, galã, gostosão"
50562,3,2,"pessoa estupida e ridicula"
25481,3,5,"não ... mais que"
83501,3,2,"óculos de grau, óculos"
8940,3,2,"comissão; autorização, licença, procuração"
131217,3,1,"deu-se bem em"
1884,3,1,"aquiescer , concordar com"
42666,3,4,"incapaz, não é possível"
60852,3,1,"assistir, auxiliar, ajudar, socorrer"
17573,3,1,"gasoso, cheio de gás"
26355,3,3,"retardado mental, imbecil, idiota"
345426,3,3,"afastar-se, ir embora"
14760,3,2,"eternidade, perpetuidade, perenidade, imortalidade"
93767,3,3,"correu / apressar-se"
7282,3,4,"capturando, pegando, apanhando, atraente"
25847,3,1,"Favorito, Agente, Escravo, Criado"
173585,3,2,"Dar as Caras, Aparecer."
12520,3,2,"nojo, repugnância, abominação "
15758,3,4,"combater, defender-se, afastar"
28054,3,1,"comer com os olhos"
16378,3,2,"trêmulo, vacilante, oscilante, vibrante"
11405,3,1,"Sujar, macular, corromper, poluir"
66593,3,1,"ser) motivo de riso"
48169,3,3,"sofre enjoo no mar"
57972,3,4,"um tipo de carro"
52137,3,3,"agarrar, agarrou, fascinar, pegou"
37772,3,2,"tirar uma soneca, cochilar."
33185,3,2,"um grande número de"
39615,3,1,"sufrágio, direito de voto"
104272,3,3,"tempestade de idéias, debatendo"
22532,3,2,"pé-frio, mau agouro"
12587,3,2,"demissão - dispensa"
6311,3,2,"Borbulhante, efervescente, animado (pessoa)"
51796,3,2,"vigorosamente, de forma energética"
10500,3,2,"Migalha, miolo de pão"
42009,3,2,"tarefa monótona e árdua"
55863,3,3,"lances de escada. vôo"
194501,3,1,"de ida e volta"
186553,3,1,"""pescaria"" (crimes da internet)"
95559,3,1,"a formação de espuma"
51696,3,3,"madeiras, bosque(s), mata(s), florestas(s)"
49940,3,2,"mais fino, excelente, bom"
42536,3,2,"piar (cantar do passaro)"
11484854,3,2,"Você cheira tão bem!"
39566,3,5,"con éxito (tener éxito)"
41123,3,2,"económico, poupado, próspero, florescente"
17689,3,2,"gênio (da lâmpada mágica)"
58560,3,2,"Verdades, realidades, fatos, autenticidade"
203847,3,1,"topar, encontrar por acaso"
86995,3,1,"na ponta dos pés"
128231,3,2,"mais molhado, mais umido"
174080,3,4,"tão longe,por enquanto,até agora"
2449,3,1,"prontidão, entusiasmo, disposição, espontaneidade"
202670,3,1,"não é de admirar"
37818,3,2,"aconchegar-se, agasalhar-se"
12661,3,2,"ruína, abandono (ruin, downfall)"
105097,3,2,"chocada, de modo trêmulo"
23549,3,2,"Que vaza, mal vedado"
101893,3,1,"Distorcido, confuso, obscuro, truncado"
52922,3,3,"imprudente, negligente, descuidado, temerário"
81760,3,3,"objetivos, metas, propostas, apontamento"
17917,3,1,"esmalte, verniz, cobertura vitrificada"
56366,3,1,"destinatários, contemplados, recipientes, beneficiários"
1638,3,2,"anormal, irregular, incomum, anômalo"
1695975,3,4,"Carne, Polpa (de fruta)"
49180,3,3,"exagero, campanha publicitária, estilo"
12579,3,3,"ENTRISTECEDOR, DESANIMADOR, MELANCÓLICO, SOMBRIO"
203529,3,1,"levar/dar uma bronca, repreender"
16528,3,1,"panfleto, aviador, de milhagem"
40405,3,3,"petulância, acesso de raiva"
13897,3,2,"facil , sem esforço"
119454,3,2,"nocaute, linda, pessoa deslumbrante"
2054,3,2,"à deriva, sem rumo"
9683,3,4,"transportar, transmitir, levar, expressar"
11800,3,2,"origem, procedência, ascendência "
10848,3,2,"leiteria, fábrica de lacticínios"
187376,3,2,"roubou (mercadoria de loja)"
29679,3,2,"patrulha , ronda patrulhar"
46850,3,1,"ter dreads no cabelo"
51488,3,3,"piscar(ou),pestanejar(ou),lançar brilho de súbito"
132795,3,1,"indivíduo viciado em trabalho"
190492,3,1,"despedir-se de alguém"
33825,3,2,"Exalar, fumegar, cheirar mal"
53701,3,3,"banheiro, casa de banho"
53611,3,3,"alcançado, obtido, conseguido, atingido"
6156,3,3,"ponte, convés do navio"
37442,3,1,"movimento de zigue-zague"
54024,3,1,"presumir; deduzir; achar que"
13730,3,3,"proventos, ganhos, rendimentos, lucros"
55169,3,2,"Massachusetts Institute of Technology"
25344,3,3,"médio , ao ponto"
129801,3,2,"beija-flor (apelido carinhoso)"
44478,3,2,"vomitar - vômito"
21106,3,1,"sem consideração, desrespeitoso, egoista"
43269,3,4,"a não ser que"
255775,3,1,"something, algo, alguma coisa"
37556,3,3,"fenda, vão, fresta; abrir"
182369,3,1,"os caixotes de lixo"
48960,3,2,"que paralisa, destruidor, desmoralizador"
129546,3,2,"tomando banho de sol"
23314,3,3,"ponto de referência, marco"
3872,3,2,"irmã da sua mãe"
55217,3,2,"EXEMPLO, CASO ASSUNTO, OCASIÃO"
19554,3,3,"aqui, nisto, aqui em"
10293,3,2,"crédito / confiança "
11484865,3,1,"Você está com calor!"
226995,3,1,"barulho de ferro batendo"
17897,3,4,"brilho intenso, olhar fixamente"
35060,3,2,"leme, timão, guia, orientador"
9868,3,1,"corpo de exército, milícia"
60510,3,2,"Abrigo, refúgio, teto, alojamento"
44641,3,2,"arbitrário; lascivo; temerário; atrevido"
51217,3,3,"recados, compras, algumas tarefas"
35835,3,3,"sucatear, jogar fora, desfazer"
19156,3,3,"nao esta nao tem"
28867,3,1,"passou por cima de"
18067,3,1,"Boa sorte (em viagens)"
55513,3,2,"alternar, deitar por terra"
178113,3,4,"pegar, assimilar, presumir, aprender"
4659,3,2,"pequeno,redondo e lustroso,como contas"
27559,3,3,"entalhe, corte de carne"
22873,3,2,"causa de morte, assassino"
33805,3,2,"mandado embora (serviço), dispensado"
3611,3,2,"na praia,em terra firme"
25827,3,3,"misturar-se, conhecer pessoas"
10189,3,2,"biscoito água-e-sal"
29343,3,1,"modelo de perfeição, padrão"
127499,3,1,"de pavio curto, irritadiço"
23747,3,1,"barreira de contenção, dique"
40569,3,2,"provocação, provocadora, problema difícil"
80382,3,1,"com lágrimas nos olhos,"
3485,3,2,"armado, de braços de"
37505,3,3,"sem sono,sem poder dormir,agitado"
13569,3,5,"derramar, despejar, entornar, lixeira"
198865,3,3,"faz-tudo, quebra galho"
36958,3,1,"roubar alguem no troco"
66168,3,4,"Faltou - faltado"
185868,3,3,"vindo abaixo, veio abaixo"
14125,3,2,"desfalque, apropriação indébita, desvio"
115981,3,2,"que está de passagem"
11694,3,3,"Descrever, retratar, pintar, representar"
31172,3,3,"inútil,sem sentido,fora de propósito"
43335,3,2,"desempacotar, desfazer as malas"
38629,3,2,"gritar, grasnar (como pato)"
32572,3,2,"sobremesa UK, pudim USA"
386906,3,1,"hey there i am"
51830,3,2,"RESPEITADO, DE BOA REPUTAÇÃO"
52079,3,2,"tolamente, idiotamente, estupidamente, futilmente"
43971,3,1,"imposto de valor agregado"
34428,3,1,"fazer esforço para vomitar"
50454,3,1,"camisola de gola alta"
34661,3,2,"tanque, equipamento, plataforma "
199662,3,1,"viciado em assistir tv"
5382,3,3,"explosão, fogo, queimar, chamas"
28576043,3,1,"pivotar com zoom-in"
44910,3,1,"à beira do caminho"
52159,3,3,"dizer em voz baixa"
27898,3,2,"de vez em quando"
360991,3,1,"sair do sistema, deslogar"
23600,3,1,"lugar abrigado do vento"
112616,3,2,"crianças em idade escolar"
18833240,3,1,"Obrigado por seu pedido"
30108,3,4,"periodo, ponto final, menstruação"
3662,3,4,"realização, execução, montagem, cofecção"
55536,3,4,"dólares,paus (gíria para dinheiro)"
8891,3,2,"confortável (informal for comfortable)"
51161,3,3,"ser bem sucedido; conseguir"
37702,3,2,"sujar, borrar, manchar, macular"
178093,3,3,"cuidar de , vigiar"
131988,3,2,"máquina de lavar louça"
254173,3,1,"mandar uma SMS erótica"
174051,3,3,"Tornar-se conhecido; Sair."
2628,3,2,"em cima, no alto"
58206,3,1,"a formação de espuma"
29661,3,3,"Paciente (paciência), Paciente (doente)"
14283,3,2,"abrange envolve engloba include"
11757,3,2,"Deputado, vice, nterino, substituto"
13302,3,3,"Desenhista, gaveta, cueca, ceroula"
20935,3,1,"sogros, parents-in-law"
44540,3,4,"salário (semanal ou diário)"
30755,3,3,"dutos (gás ou óleo)"
28621,3,2,"bandido, fora-da-lei"
611929,3,1,"separado, dissociado, discriminado, desagregado"
20977,3,1,"inarticulado(desajeitada com as palavras))"
104134,3,2,"de tirar o fôlego"
18997,3,2,"feito à mâo, artesanal"
5990,3,4,"mente(estado do seu consciente),cérebro"
3980,3,2,"desviar, afastar, prevenir, impedir"
199684,3,3,"acalmar-se, acalmar alguém"
14122,3,2,"brasa, tição,borralho, cinzas quentes"
42112,3,1,"bem vestido, elegante, trigonometria"
64506,3,3,"composto, compreendido (a), abrange"
7167883,3,1,"número errado de argumentos"
198504,3,2,"aquecer, esquentar os motores"
210785,3,1,"ir para o sul"
5404,3,5,"misturar - mistura"
110506,3,2,"a incorporação de, incorporando"
22168,3,2,"interiormente, intimamente, no coração"
1037,3,2,"Beliscar, morder, trago, gole"
31762,3,1,"a introdução assistida de"
26841,3,2,"Nação, país, estado, reino"
18496,3,4,"pardo, grisalho, cinzento, maduro"
53950,3,3,"pensar maduramente, refletir muito"
209498,3,1,"a partir do zero"
59676,3,3,"ter o gosto de,gosto,prova,sabor,paladar,antegosto,atração,queda"
9519,3,2,"estar em contacto com"
61309,3,2,"salão de baile, salão"
177576,3,4,"acabar fazendo/terminar/ decidir algo"
182871,3,1,"usar (utilizar até acabar)"
23773,3,1,"colaborar, cooperar, estabelecer contatos"
57977,3,2,"hesitou, vacilou, gaguejou, falhou"
15025,3,2,"isentar (v), isento (adj)"
174681,3,3,"lidar com/resolver uma situação/problema"
37354,3,1,"barco leve a remos"
40464,3,5,"ter o gosto de"
1672,3,2,"frente,lado a lado "
34663,3,1,"aparelhamento, ajustagem, cordame, armação"
17594,3,3,"porta de entrada, acesso"
210484,3,3,"leave quickly, hurry away"
190887,3,2,"encontrar por acaso, colidir"
202392,3,2,"preencher (fichas, formulários, etc)"
173856,3,3,"até onde eu sei"
43717,3,3,"revolta, rebelião, insurreição, motim"
142918,3,2,"desagradável, repugnante, nojento, impermeável"
28011,3,2,"funcionário, funcionário público, servidor"
62622,3,2,"cercas vivas, cercas, limite"
49310,3,1,"wok (panela grande chinesa)"
173910,3,5,"firmar-se, agarrar-se"
118929,3,1,"montículos, monte de toupeira"
53636,3,2,"treinamento - coaching"
43176,3,3,"inédito, desconhecido, não ouvido"
42525,3,1,"entrelaçar, enroscar; barbante, corda"
48743,3,3,"a caminho, em curso"
2746,3,2,"receptivo, dócil , submisso"
44123,3,5,"verso - versículo"
108345,3,3,"de todo o coração"
188744,3,4,"já não, não mais"
10157,3,2,"esconder-se,agachar-se,encolher-se"
22965,3,3,"filhote de gato, gatinho"
10342,3,3,"grilo ou críquete (jogo)"
53483,3,1,"silvas, espinheiro, amora preta"
67422,3,2,"Peitoril da janela, vidraça"
44858,3,3,"cascada, caida de agua"
123786,3,1,"baixo teor de gordura"
24285,3,3,"mais longo, maior ..."
11494,3,1,"Lugar que vende guloseimas"
212173,3,1,"É justo, muito justo"
18510,3,3,"dançar (informal), divertir-se"
25118,3,1,"Organizador, gênio, ""o cabeça"""
26893,3,3,"marinha, armada, azul-marinho"
13757,3,4,"leste,o oriente,os países asiáticos."
18942,3,2,"presunto, pernil de porco"
16302,3,2,"aplainar, achatar, nivelar, alisar"
36837,3,2,"canela, canela da perna"
14860,3,3,"sempre-viva, eterna, imutável"
173583,3,4,"encontrar-se por acaso"
185513,3,1,"não posso deixar de"
39200,3,2,"desgastado, arrumado, esticado, tenso"
317900,3,1,"à venda, em liquidação"
72883,3,1,"contains small sparkling object"
27512,3,4,"que vem do Norte"
203534,3,1,"limpar , enxugar algo"
211604,3,2,"estudar/trabalhar a noite inteeira"
37195,3,3,"cozinhar-em-fogo-baixo"
9184,3,1,"maquinar, planejar, misturar, preparar"
209550,3,2,"Anotar algo; desmontar algo"
137219,3,1,"tagarelice, conversa, bate-papo"
2707,3,2,"amador, aficionado ou principiante"
35905,3,4,"pergaminho,rolo,rolar para baixo "
51634,3,4,"descreve, apresenta, delineia, expoe"
223541,3,1,"sozinho, por mim mesmo"
10899,3,5,"dança - dançar"
14963,3,1,"impostos especiais de consumo"
59849,3,3,"olhar de relance, olhar"
465128,3,1,"Tirar do chão, varrida"
190300,3,2,"Procurar, examinar algo cuidadosamente"
2347,3,2,"sem objetivo, sem rumo"
73835,3,2,"sapatos de salto alto"
128141,3,1,"os cumes das montanhas"
22560,3,4,"Correr lentamente, fazer cooper"
122596,3,2,"reflexo, efeito colateral, consequência"
32810,3,3,"quebra-cabeças, enigma, confundir"
10848,3,3,"alimentos derivados do leite"
35651,3,3,"vasculhar, explorar, mapear, digitalizar"
36844,3,2,"Herpes Zoster, telhas, seixos"
19149,3,2,"picar, picado de carne,"
20544,3,3,"term, expression, code, speech"
21641,3,2,"inquirir (ask), indagar, perguntar"
23429,3,3,"recente, pertencente ao final"
20280,3,3,"having very large genitals"
44156,3,3,"colete / camisa interior"
21269,3,3,"indivíduo - individual"
35840,3,3,"dificuldade, embaraço, arranhão, arranhar"
22330,3,5,"Se, a si mesmo"
41153,3,3,"baque, batida, estrondo, barulho"
15635,3,2,"party, celebration, festival, show"
104273,3,2,"Regresso à casa, baile"
537160,3,2,"very happy, very pleased"
15976,3,3,"registrar, arquivando, arquivar, apresentação"
211967,3,2,"prostrar-se, curvar-se"
15484,3,1,"admirador, pessoa que gosta"
43024,3,2,"empreiteiro, empresário, agente funerário"
105282,3,1,"de hoje à noite"
49001,3,1,"dar um tiro, apagar"
47908,3,1,"poderoso, enérgico, de efeito"
199763,3,2,"ansioso, olhando para frente"
439166,3,1,"fazer parceria, uniram-se"
384926,3,1,"tábua de cortar carne"
23046,3,1,"pequeno monte de terra"
106231,3,2,"monitoramento - acompanhamento"
28929,3,4,"esmagador, quandidade muito alta"
28576044,3,1,"pivotar com zoom-out"
25854,3,2,"Pele de marta, vison"
17205,3,2,"completo, mais completo, saciado"
13576,3,1,"atarracado, baixo e forte"
86734,3,2,"emperrado, atolado, congestionando, preso"
32843,3,2,"charlatão, voz de pato"
32910,3,2,"caça, pedreira, toca, extrair"
17922,3,2,"colher, coletar, respigar, catar"
162854,3,1,"fazer esforço para vomitar"
34960,3,3,"podre, estragado, em decomposição"
38051,3,2,"extramamente, intensamente ( very)"
45024,3,5,"dar as boas vindas"
19902,3,2,"de volta para casa"
30883,3,2,"autor - requerente"
6537,3,4,"l get to work"
53635,3,2,"forever young I belive"
52800,3,4,"estragou, estragado, danificou, danificado"
45202,3,2,"amolar, afiar, estimular, excitar"
360809,3,2,"empanturrar-se, comer muito"
37202,3,4,"simples singelo elementar fácil"
47024,3,1,"sangue-suga""( pessoa) folgado"
42979,3,3,"enfraquecer, debilitar, minar, prejudicar"
320245,3,1,"no café da manhã"
2245694,3,2,"Vamos determinar uma reunião."
199310,3,1,"tomar café da manhã"
41742,3,1,"as pessoas da cidade"
5380,3,1,"tagarelice, bla bla bla"
33089,3,2,"fanático, radical, furioso, enfurecido"
45410,3,2,"murchar, perder o vigor"
34292,3,3,"assemelhar-se,ser parecido com"
174545,3,3,"chatear ou irritar alguém"
26476,3,2,"intérprete, porta-voz, bocal"
16942,3,4,"moldura - armação"
661324,3,1,"Vá, Dirija-se, Vir"
32320,3,2,"propelir, impelir, impulsionar, acionar"
4202,3,4,"fiança, cair fora (slang)"
66767,3,2,"mapeando, mapa , grafico"
189509,3,2,"protetora, muro das lamentações"
9150,3,1,"conceito, ideia, descoberta "
125328,3,3,"saltar de pára-quedas"
189970,3,2,"invade, infringe (infringe, invade)"
50713,3,3,"oferecidos, propostos / ofereceu"
4791,3,2,"favorecer, proteger, fazer amizade"
1704150,3,3,"chorus, coral, band, squad"
108336,3,3,"ulceração produzido pelo frio"
4440,3,2,"cevada (grão e planta)"
67062,3,2,"abreviação de it was"
182067,3,3,"seguir em frente,seguir adiante,passar"
31669,3,2,"foolish or inconsequential talk"
411028,3,1,"presente de boas vindas"
58004,3,1,"cairam, baixaram, desistiram, inclinaram"
29491,3,1,"meio período / expediente"
16600,3,4,"Tolo , imbecil,idiota !"
16507,3,2,"flauta, copo de champagne"
1643,3,2,"abolir, anular, derrubar "
16280,3,3,"lançar brilho de súbito"
9508,3,2,"conversation, conference, congress, convention"
52211,3,4,"estar à espera de"
51669,3,4,"observar, olhar, mirar, assistir"
57575,3,1,"de modo mais claro"
174717,3,2,"ajustar (roupa), adotar (animal)"
53841,3,2,"se fecha, desliga, fecha"
9043,3,4,"reclamação - denúncia"
44551,3,1,"balançar, abanar, menear, sacudir"
69444,3,1,"Copa e ou cobertura"
8459,3,2,"pa/pp cling, agarrar, segurar"
53685,3,2,"Estados Unidos da América"
63879,3,2,"mais sensível, cordial, sincero"
5040,3,2,"confundir completamente, desnortear, desconcertar"
28617,3,2,"passeio; ride, tour, sidewalk"
40251,3,3,"comprimido,pastilha,pílula,bloco (de papel),placa "
122232,3,2,"deficiência; inabilidade; incapacidade; inaptidão"
209578,3,2,"permanecer, ficar por aqui..."
22509,3,1,"zombaria, sarcasmo, escárnio, brincadeira"
353074,3,1,"em todo o país"
53125,3,4,"redimentos, produzir, produção, render"
182881,3,1,"subestimar, dar por hecho"
334067,3,1,"o prazer é meu"
1751772,3,1,"repetir, fazer outra vez"
39320,3,3,"lista, tira, barra, divisa"
38343,3,3," especiaria, temperar, condimentar,"
48389,3,1,"em todo o estado"
20024,3,2,"hórrido, horrendo, repugnante, terrível"
29964,3,3,"moedas de um centavo"
54709,3,2,"estar de acordo, acordar"
13968,3,3,"o mais velho (familiares)"
298399,3,2,"imbecíl, idiota , burro"
39232,3,3,"plano, projeto, esquema, estatégia"
38791,3,5,"pôr-se em marcha"
51230,3,3,"ter o gosto de"
45123,3,4,"bomba, umidecer, umido, molhou"
248104,3,1,"uma pena, pena, ruim"
46101,3,1,"em conflito com a"
19310,3,5,"ouvir, ouvindo, audição, audiência."
75038,3,2,"se desculpando, pedindo desculpas"
4882474,3,2,"Eu não entendo você."
28172,3,3,"que se aproxima, próximo"
375556,3,2,"transar"", se sentir bem."
123442,3,2,"principal, tônica, mais importante"
122804,3,3,"contação de história, narrativa"
7889,3,2,"cavalheirismo, cortesia, bravura, honra"
12082,3,4,"Dado, cortar em cubos"
64656,3,2,"mais forte, mais apto"
74273,3,1,"os primeiros movimentos fetais"
53996,3,3,"quem é, que está"
11642,3,4,"amassar, dar pancada, golpear"
23828,3,2,"garantia - penhora"
43982,3,2,"carne de vitela, bezerra"
20291,3,3,"andar à caça de"
52607,3,2,"dar o bote, atacar"
21674,3,2,"inseguro, desconfortável, sem convicção"
65493,3,3,"fugir, escapar, esquivar, evitar"
27173,3,3,"Moeda de 5 Centavos"
45390,3,4,"deserto, desolado, lugar selvagem"
5713,3,4,"escravidão, cativeiro, sujeição, dependência"
41309,3,3,"feito no tempo certo"
62058,3,3,"sunga, calção de banho"
18935,3,4,"to stop or discontinue"
201290,3,1,"cair fora, sair, afastar"
2076,3,2,"vantajoso, proveitoso, favorável, lucrativo"
11706,3,4,"implantar, posicionar, dispor, organizar"
835959,3,1,"guerra nas estrelas "
44754,3,2,"dispendioso, que gera desperdício"
22425,3,1,"desenvolto, jovial, bem disposto"
38510,3,6,"observar - local"
6136,3,4,"suborno - subornar"
40322,3,2,"talento, dádiva, dom, "
210125,3,1,"maca, rede para dormir"
447267,3,3,"aconchegar-se a alguém"
39881,3,2,"de mal humor, grosseiro"
55315,3,4,"grande quantidade, abundância, várias"
174067,3,3,"ao final das contas"
16404,3,2,"voar rapidamente, adejar, esvoaçar"
109474,3,2,"cosmovisão, visão de mundo"
220197,3,1,"aumentar ou intensificar algo"
53566,3,5,"what's up man"
45720,3,3,"artesanato, mão-de-obra"
50026,3,2,"na medida em que"
68464,3,2,"mais nítida, mais clara"
201298,3,3,"desanimar, abater, derrubar, abaixar"
38857,3,5,"roubar, furtar (para coisas)"
27998,3,3,"contínuo de offer oferecer"
45959,3,4,"você iria, vc tinha"
172981,3,1,"de cortar o coração"
3065,3,3,"antever, prever, antercipar-se"
180748,3,2,"tenso, ferido, acabou, finalizou"
56228,3,3,"agradeceu (agradecer no passado)"
36636,3,1,"amigo com interesse sexual"
233989,3,1,"aviso, alerta ou recado"
14758,3,2,"por toda a vida"
16209,3,1,"nota de cinco libras"
206342,3,1,"apoio para os pés"
298228,3,1,"luz do dia de"
41889,3,2,"transferência, cessão, cópia, remoção"
42420,3,4,"turquia, peru, inútil, fracassado"
227518,3,1,"vale a pena, compensa"
174230,3,2,"pontual, na hora certa"
177562,3,2,"lot of, lots of"
27282,3,2,"mamilo, bico de mamadeira"
17968,3,2,"brilho - brilhante"
220530,3,2,"voce é /voce está?"
6207,3,2,"locutor de rádio, radiodifusor"
6438,3,1,"erro, falta, bagunça, desordem"
18333,3,2,"sem fundamento, sem base"
200621,3,2,"redigir, preparar um documento"
15510,3,2,"inacreditável, dificil de acreditar"
74037,3,1,"os batedores de carteira"
14228,3,1,"com as mãos vazias"
28576159,3,1,"salvar as alterações em..?"
106907,3,3,"small group of trees"
62291,3,2,"nadadeiras, pés de pato"
17784,3,2,"Maxixe, pepino em conserva"
23467,3,4,"de luxo, gastador, pródigo"
24140,3,4,"espréstimo (bancário), emprestar (v)"
7750,3,3,"1.químico (profissão) 2.produto qúimico"
124181,3,2,"teste, experiência, prova, eliminatórias"
65106,3,2,"vão, palmo, pequena distância."
96575,3,1,"pessoa com tique nervoso"
28636,3,2,"ultrapassar em números, superar"
26062,3,2,"mistura, mescla, amálgama, composição"
182934,3,4,"entrar em um veículo"
321067,3,1,"estudantes de nível médio"
295936,3,1,"a partir de agora"
36058,3,4,"estaçao, temporada, temperar alimento."
140953,3,2,"desordenar, pôr em desordem"
14420,3,2,"investigar, inquirir (fazer perguntas),"
34195,3,3,"pôr no lugar de"
14806,3,2,"elogio funebre, elogio, louvor"
11517,3,3,"libertação, resgate, o salvamento"
38642,3,1,"esmagar, acabar com, silenciar"
191029,3,3,"pôr de lado, descartar"
12770,3,3,"Distrair, desviar a atenção"
45188,3,2,"localização, paredeiro, lugar específico"
127002,3,1,"passo.lateral, desviar-se de"
171281,3,1,"em forma de tubo"
29451,3,2,"salão, sala de visitas"
10317,3,1,"óleo para tratar madeira"
22835,3,3,"fechadura, buraco da fechadura"
50513,3,3,"testítulos, saco; coragem, peito"
89903,3,2,"nevasca, tempestade de neve"
16627,3,1,"passo, som de passo"
393211,3,1,"apressar-se, sair correndo"
39022,3,1,"osso duro de roer"
38995,3,2,"estigma, característica de doença"
39083,3,1,"comer; alimentar uma fornalha"
200696,3,3,"aproximar-se ( interjeição)"
36144,3,3,"semente, plantar, semear, sêmen"
85627,3,2,"abruptamente, de modo íngreme"
15844,3,3,"febril, exaltado, agitado, desassossegado"
56434,3,1,"beber num só gole"
210785,3,2,"de cabeça para baixo"
182932,3,2,"Esgotar, Corre para fora."
34053,3,3,"abandonar, renunciar, abrir mão,"
33517,3,4,"colher (fazer a colheita)"
450371,3,1,"prestou atenção, mostrou interesse"
58961,3,2,"ressoar,repercutir,retumbar,entoar em voz alta"
2698,3,1,"combinação de diferentes elementos"
62698,3,2,"indisposição, indisponibilidade, relutância, renit"
64050,3,3,"curvado, relaxado, largado, desengonçado"
13179,3,2,"rosquinha de massa frita"
4820,3,2,"cortar a cabeça, decapitar"
25259,3,3,"Adj.(sem sentido, sem, inexpressivo)"
211560,3,2,"dominando, assumindo o controle"
23467,3,5,"gastador generoso (mão aberta)"
50226,3,2,"mais silencioso, mais calmo"
21607,3,2,"Hospedeiro (de hospedar alguem)"
4803,3,5,"pôr-se em marcha"
62633,3,3,"mais inteligente, mais esperto"
8074,3,3,"Canela(tempero), cor de canela"
52060,3,4,"estado, nação, reino, países"
209507,3,3,"assumir, adotar uma ação"
38461,3,4,"danificar, mimar (criança), saque"
44044,3,2,"Caça, carne de veado"
50975,3,5,"acenar com a mão"
38374,3,2,"alto, delgado, magro, espigado"
33276,3,1,"comprometida, periclitante, em ruinas"
48779,3,2,"não impressionado, não afetado"
5890,3,4,"pular, saltar, reanimar-se"
8313,3,2,"Sub. (inteligência, habilidade, perícia)"
24135,3,4,"pão, fatia, vadiar, vagabundar"
210754,3,5,"Apresse-se!, Ande Logo!"
16909,3,3,"Raposa, atrapalhar, confundir "
19726,3,5,"hamper (levantar obstáculos a)"
79503,3,2,"a execução de má"
125356,3,1,"trabalho e vida pessoal"
38236,3,5,"falante - orador"
316550,3,1,"tropeçar em cima de"
36583,3,2,"sofa, couch, seat, chair"
28616,3,2,"dependência, anexo; casinha, banheiro"
174680,3,3,"leave on a trip"
174766,3,3,"passar por cima de"
3523,3,4,"arranjo, arrumação,organização, harmonia, sist"
86860,3,3,"fogueira, fogueira de acampamento"
132887,3,2,"rabo de cavalo (cabelo)"
182882,3,3,"Ir embora ou viajar"
202888,3,2,"Por aqui, desse modo/jeito"
40929,3,4,"disso, daí, dali, daquilo"
14688,3,2,"entrar em ERUPÇÃO (explodir)"
172203,3,2,"bloqueios, barreiras, obstáculos, dificuldades"
10218,3,2,"apertado, estreito, constrangido, limitado"
29742,3,2,"ervilha,do tamanho da ervilha"
185570,3,1,"correr riscos, se aventurar"
122912,3,4,"orientador - aconselhamento"
39253,3,4,"Listra, raia, traço, caráter"
27898,3,3,"de quando em quando"
1704209,3,3,"pasta, mala, maleta (executivo)"
2555,3,1,"para todos os fins"
43827,3,5,"vácuo, aspirador de pó"
1695672,3,4,"pecar (v), pecado (n)"
47726,3,1,"otário, trouxa, bode expiatório"
38533,3,2,"farra, bebedeira, diversão, bagunça"
339037,3,1,"vamos encarar a realidade"
42490,3,4,"beliscão, puxão; ajuste, ajustar"
59042,3,2,"emanações , fumaças, detetizar"
20880,3,3,"impressionar,causar boa impressão,causar impressão"
5911,3,5,"sobre (about) , ataque"
10728,3,4,"costume,personalizado, feito sob encomenda"
160855,3,2,"Força de vontade, determinação"
190614,3,2,"há muito tempo atrás"
38555,3,2,"elástico, com molejo, flexível"
10731,3,1,"sob medida , personalizado"
73029,3,4,"sacudir, balanço, estremecer, cabalar"
47651,3,3,"reagir de forma exagerada"
19734,3,4,"da moda, popular, legal"
32206,3,1,"pródigo, esbanjador, devasso, libertino"
33307,3,3,"trocar pontos de vista"
201388,3,3,"o mais rápido possível"
209677,3,1,"relaxar-se, acalmar-se"
246518,3,1,"material perigoso (hazardous material)"
13764,3,1,"leste, para o oriente"
3315,3,2,"aproximadamente, mais ou menos"
55933,3,3,"preço, preços, custo, custos"
42001,3,1,"traineira, navio de pesca"
136590,3,2,"trança estilo ""Maria Chiquinha"""
16489,3,3,"macio, fofo, leve peludo"
44876,3,1,"à prova de água"
762324,3,1,"Churracaria, casa de carne"
231662,3,1,"bem vindo de volta"
60001,3,2,"destruído, arruinado por total"
56887,3,3,"agitar, tremer, sacudir, balançar"
5434,3,1,"temporary, no special meaning"
23684,3,2,"Adj. (longo, prolongado, comprido)"
45075,3,2,"abastado, bem de vida"
251368,3,2,"refrigerante, bebida não alcoólica"
116512,3,2,"desencaminhar, corromper. enganar, iludir"
16556,3,3,"com neblina, com nevoeiro"
281915,3,2,"convocar, chamar a gritos."
21605,3,1,"entrada (período de tempo))"
201701,3,3,"bem aqui, por aqui"
14926,3,3,"estudar, preparar, ensaiar, examinar"
201981,3,1,"não exatamente, nem tanto"
51792,3,4,"contemplar, olhar com admiração"
29849,3,2,"comum, usual, trivial, vulgar"
60317,3,2,"a aplicação de patches"
68337,3,2,"que não muda,sem mudança"
53817,3,1,"a língua de inglês"
3586,3,2," ascensão, subida "
80896,3,2,"tesoura de poda, tosquiadeira"
3690,3,3,"associado, colega de trabalho"
202898,3,2,"na realidade, na verdade"
27827,3,2,"apagar,anular, deletar,fazer desaparecer, destruir"
52928,3,3,"choramingar, se queixar, lamentar"
13176,3,4,"massa de pão "
110224,3,4,"salientado, preocupado, estressado, salientou"
13206,3,2,"ladeira abaixo; ladeira, declive"
57477,3,1,"quarenta e cinco anos"
34194,3,1,"lamentar-se, queixar-se"
23593,3,6,"palestra - aula"
76192,3,2,"corredor, vestíbulo, passadiço, galeria"
27818,3,2,"obrigação, dever, compromisso, imposição"
54577,3,4,"Saltar, resaltar, contar vantagem"
126293,3,1,"a capacidade de manobra"
296329,3,2,"keep calm and smile"
14202,3,2,"imperador, from Latin imperiatorem"
39414,3,2,"de estilo, na moda"
80833,3,1,"afundar em, nadar em"
45673,3,3,"lã (de carneiro, cordeiro)"
187364,3,1,"café com leite, pingado"
50915,3,3,"enviar, enviado, transmissao, envio"
37110,3,4,"para o lado, enviesado"
92311,3,2,"sorrindo de forma depreciativa"
4852,3,2,"to make small, unimportant"
2731,3,1,"andar a passo lento"
662039,3,1,"ajeitar(-se); enfeitar(-se)"
46737,3,3,"concessionária, empresa de distribuição"
5738,3,2,"ereção, tesão, fiasco, erro"
16920,3,2,"Slang Sensually attractive; sexy"
220972,3,2,"Exigir, demandar, pedir, chamar"
274534,3,2,"frases de efeito, jargões"
249878,3,2,"como consequência, por isso"
37550,3,3,"escorregadio, escorregadiço, traiçoeiro, astutuo"
18987,3,3,"impedimento, desvantagem , deficiente"
19518,3,1,"de agora em diante"
21588,3,2,"interior (fora da costa)"
202975,3,2,"vomitar, levantar ou abandonar"
7888,3,2,"cavalheiroso, cavalheiresco, nobre, cortês"
21025,3,4,"polegadas, mover-se lentamente"
27518,3,1,"em direção ao norte"
8289,3,2,"Fender, rachar, abrir caminho"
228806,3,1,"passagem só de ida"
60230,3,2,"producente, produtivo, procedmento, rolamento"
35708,3,2,"situação provável, previsão "
43222,3,2,"indiferente, não se importa"
54157,3,3,"é aqui,aqui é "
12112,3,1,"mentir ou enganar alguém"
209550,3,3,"Derrubar, anotar algo, retirar"
30046,3,2,"passar através; infiltrar-se"
28922,3,2,"abertura, promessa, proposta, insinuação"
52110,3,3," bandos,rebanhos,muitos animais "
370915,3,1,"extremamente feliz, nas nuvens"
7662,3,3,"caridade, instituição de caridade"
36165,3,3,"o que procura, investigador"
30038,3,2,"understanding, comprehension, intelligence, notice"
30902,3,3,"prancha, tábua de madeira"
16247,3,2,"navio almirante, carro-chefe"
192005,3,1,"meados dos anos oitenta"
38835,3,1,"mesmo estado que antes"
180746,3,3,"descorticar, enganar, trapacear, arrancar"
178207,3,1,"Maquete em tamanho real"
37013,3,2,"megera, mulher briguenta, bruxa"
155928,3,1,"mal-humorado, ranzinza (n)"
6426458,3,1,"amigo secreto; amigo oculto"
124225,3,1,"de ponta a ponta"
128588,3,4,"privilégios, vantagens, regalias, benefícios"
112908,3,1,"o canto dos pássaros"
420067,3,1,"bala de goma, jujuba"
72883,3,2,"reluzente, que chama atenção"
54478,3,5,"pôr-se em marcha"
46428,3,2,"ninhada, chocando, meditar, planejando"
52046,3,4,"gritar, apitar, esganiçar, silvar"
52578,3,2,"rebanhos, manadas, grupos, coleções"
172013,3,1,"leve, fraco, desrespeito, desfeita"
346500,3,1,"véspera de ano novo"
296053,3,2,"primeiramente, em primeiro lugar"
25659,3,3,"forno de micro-ondas"
3313,3,2,"em tom de aprovação"
49729,3,2,"cantalupo (espécie de melão)"
764511,3,1,"apuros, maus lençóis, enrascada"
19617,3,1,"o modo de hibernação"
14971,3,2,"entusiasmar, sentir-se alegre"
41067,3,2,"debater (bater com violência)"
54799,3,2,"ler, olhar detalhadamente, verifiquei"
199662,3,2,"sedentário, viciado em tv"
170339,3,2,"a bufar de raiva"
36659,3,4,"cabo poste poço raio"
58911,3,4,"preso, presa, prendeu, prenderam"
29880,3,2,"pirraça, algo que incomoda"
29240,3,2,"amor-perfeito, marica, boiola"
28658,3,4,"correr mais que outrem"
20980,3,1,"na medida em que"
17571,3,1,"ficar sem energia (gíria)"
20273,3,4,"Palpite, curvar-se, pressentimento"
43942,3,2,"que oferece várias aspectos"
18596,3,4,"MAKE SURE SOMETHING HAPPENS"
16769,3,2,"renunciar a, desistir de"
75777,3,2,"caminhar a passos largos"
15545,3,3,"mais longe, mais distante"
15101,3,5,"estar à espera de"
55328,3,3,"mais novo, mais recente"
14242,3,2,"and where you are?"
93869,3,2,"banca de jornal, quiosque"
13601,3,3,"enganar, fraudar, trouxa, mané"
395465,3,1,"mão-de-obra direta"
34376,3,6,"descanso - resto"
9726,3,3,"caixa de isopor (térmica)"
7949,3,6,"quantidade grande de cantores"
6556,3,3,"Ranúnculo, botão-de-ouro"
6459,3,3,"divisão de repartição pública,departamento"
34341,3,3,"resolver - intenção"
123667,3,2,"cesto de papéis, lixeira"
2502,3,2,"nome alternativo, nome falso"
199306,3,2,"dia de folga, feriado"
212106,3,3,"estourou, ter começado, começou"
32225,3,2,"programa, curso, esquema, programar"
230776,3,2,"algo muito fácio, moleza"
321750,3,2,"website para alugar acomodações"
385713,3,1,"até lá,lá em cima"
16435,3,1,"mulherzinha, rameira, uma qualquer"
204055,3,1,"pessoas do mesmo sexo"
20503,3,1,"sincelo pingente de gelo"
17022,3,3,"calouro a) estudante novato"
40930,3,1,"após isso,sobre isso,nisso,depois disso"
5009,3,1,"recorrer; valer-se de"
49299,3,4,"Pisotear, bater os pés"
47604,3,2,"em cena, no palco"
178165,3,2,"mais que de repente"
35451,3,1,"optimistic, hopeful, encouraging, bloody"
558233,3,1,"limpador do pára-brisa"
54184,3,3,"parar, interromper (algo, alguém)"
225145,3,1,"molhar-se/ ficar molhado"
31784,3,1,"monitor em escola particular."
220579,3,2,"star presente, ficar, esperar"
30719,3,2,"pode ser dedo midinho."
217855,3,3,"embrulhar, enrolar, sumarizar, resumir"
67911,3,3,"fazer uma vaquinha, lascado"
39155,3,4,"tempestade ,temporal , invadir"
71584,3,1,"de modo rabugento, impertinentemente."
32294,3,1,"vertente, frente de atuação"
209507,3,4,"Assumir, aceitar o desafio."
8410,3,4,"i feel so clothes"
129741,3,1,"carne de animais silvestres"
31858,3,4,"absurdo, irracional, sem noção"
36702,3,2,"Canela, perna tíbia, pedúnculo"
230422,3,1,"um tipo de desinfetante"
182882,3,4,"ir embora, sumir, partir"
231205,3,1,"Eu vou estar, estarei"
37496,3,6,"dormir - sono"
33257,3,5,"Comício, reunião, assembléia, rali"
56999,3,2,"em movimento, balançando levemente."
16698,3,4,"frente, vanguarda, primeiro plano"
28624,3,4,"saída - outlet"
60169,3,1,"sem a menor cerimônia"
46698,3,3,"papo furado, enganação "
429133,3,1,"Gênios, mestres da mente"
34183,3,4,"arrepender-se, desculpar-se"
48656,3,4,"moderno, na última moda"
296250,3,1,"no meio da semana"
347854,3,1,"ir para o trabalho"
23568,3,3,"guia, coleira de cachorro"
53459,3,4,"mesclar, misturar, amassar, mexer"
30803,3,7,"pitch - proposta"
370293,3,3,"olhando para cima, melhorando"
33376,3,4,"taxa, relação, índice, indicador"
9497409,3,2,"Você tem uma namorada?"
44686,3,3,"Deformar, distorcer, urdir(urdidura), entortar"
34783,3,1,"carro de dois lugares"
8070496,3,1,"período de aviso prévio"
15447,3,2,"Pousio(não cultivar a terra)"
14107,3,2,"Dique, aterro, terraplenagem, barragem."
4511,3,2,"voce quer jogar baseball"
24845,3,3,"large like a mammoth"
4148,3,4,"de trás para frente"
27477,3,2,"tolo, bobo, macarrão, talharim"
43916,3,2,"vantagem, ponto de vista"
17147,3,3,"fruição, gozo, posse, realização"
14246,3,3,"decretar - implementar"
13515,3,4,"pato, esquivar, lona, toldo"
1699810,3,5,"concha, bola de sorvete"
37332,3,2,"esqueleto; esquelético; armação; projeto"
42225,3,5,"incômodo, importuno, enfadonho, desagradável"
106289,3,2,"derrubar, levar ao chão"
190320,3,2,"Antes de mas nada"
38725,3,2,"robusto, baluarte, pilar, valente"
2729,3,2,"Ambicioso no bom sentido"
441993,3,2,"arranjos típicos de palavras"
61623,3,2,"chovendo pedras, granizar, saudando"
20523,3,3,"idealmente, de maneira ideal"
16389,3,4,"Atirar, lançar, coice, ficar"
9543,3,2,"contender, argumentar, lidar, lutar"
64662,3,2,"gorros - bonetes"
9269,3,5,"a quem se confia"
16963,3,4,"cheio de coisas ruins"
10727,3,3,"guarda - custódia"
14874,3,3,"evidência - prova"
17811,3,3,"vertiginoso, tonto, nervos, nervoso"
7166,3,3,"caixa de papelão, cartão"
19337,3,2,"de todo o coração"
23851,3,1,"para salvar a vida"
20736,3,5,"influenciar, impacto, choque, imprensar."
5523,3,4,"assopro, rajada de vento"
25259,3,4,"sem sentido, inútil, insignificantes"
28511,3,1,"excluir de um grupo"
27247,3,3,"noturno, todas as noites"
28833,3,4,"negligenciar, ignorar, desconsiderar "
28036,3,4,"animal de estimação "
16182,3,2,"Inspiring doubt or suspicion"
12410,3,3,"reveal, detection, revelation, exposure"
29039,3,2,"cercado para cavalos, cocheira"
29905,3,3,"pele de animal, couro"
69855,3,2,"executa (executar, realizar, cumprir)"
87684,3,1,"a construção de barragens"
71234,3,2,"descoberto, à vista, nua"
36641,3,4,"gasto, roto, surrado, esfarrapado"
57870,3,2,"imposto, impor, ordenar, obrigar"
8180,3,6,"alegar - pedir"
135511,3,2,"isn't; não é"
162745,3,1,"entrar sem pedir licença"
33433,3,4,"aparelho barbear barbeador navalha"
34567,3,2,"fascination, passion, trance, crush"
190293,3,2,"chegar, aparecer, rodear, persuadir"
36696,3,2,"trevo de tres pontas"
243589,3,1,"do zero, do início"
38720,3,4,"perseguir, caçar de tocaia"
192290,3,1,"tomar conta, apossar, segurar"
46617,3,3,"desinformada, sem noção, ignorante"
55706,3,5,"soar / ""que vão"""
28982,3,2,"duas palavras opostas, paradoxo"
54530,3,3,"não tem, não possui"
66501,3,3,"em menor número, desvantagem"
48447,3,2,"tomar banhos de sol"
48484,3,2,"i am thirsty "
43715,3,1,"rebelião, ascensão,subir , elevação"
297659,3,1,"sofrer por faltar algo"
1209038,3,2,"Estarei no momento exato."
212707,3,1,"aconteça o que acontecer"
1731,3,2,"abundante, farto, rico, copioso"
42414,3,4,"relva, grama, campo, território"
125275,3,2,"concha do mar,concha marinha"
193713,3,3,"barco a vapor, gaiola"
200164,3,1,"fadiga por viagem aérea"
173851,3,2,"além de, agora, exceto"
408247,3,2,"Planilhas, folhas de cálculo"
2168,3,2,"atestação ou declaração jurada"
174743,3,2,"farto, cansado, irritado, aborrecido."
26141,3,1,"relaxar, facilitar, acalmar "
28672,3,1,"superou, vendeu mais que"
6253,3,3,"chocar (v), ninhada (s)"
25077,3,4,"maravilhar-se, admirar-se"
370317,3,1,"ficar ""fora de si"""
37821,3,2,"fulano, assim-e-assim"
45154,3,8,"qualquer que seja a"
185288,3,1,"Sem chances, nada feito"
202689,3,2,"O que você acha"
45158,3,4,"quem quer que seja"
13369,3,2,"drible - finta"
10863,3,2,"Flertar, galantear, divertir-se"
223278,3,2,"criaçao definindo-se configuraçao"
14310,3,2,"carícia, estima, carinho,agrado, apreço"
757440,3,1,"a roupa de cama"
246543,3,1,"a fim de que"
13638,3,2,"espanhar, tirar o pó"
231252,3,1,"liberar grana sem querer"
63315,3,2,"as maçãs do rosto"
223570,3,1,"encontrar, ""trombar"" com alguém"
16545,3,1,"corrente/pulseira de relógio, enganar"
350001,3,3,"I am fine thanks"
29630,3,3,"Remendado; malhado, desigual, irregular"
394293,3,1,"o câncer de mama"
52179,3,3,"lançado,impelido,empurrado,lançado com força "
29773,3,2,"ressoar, aturdir, barulho, repique"
3276,3,3,"determinado, nomeado, indicado, marcado"
66001,3,1,"a casa da vovó"
36909,3,5,"sacudiu, passado de shake"
28590,3,3,"realizado ao ar livre"
28040,3,1,"tirou da manga, improvisado"
13234,3,2,"lacking color; uninteresting, boring"
180462,3,1,"andar pela, passar por"
627330,3,1,"inconsciente, em sono profundo"
36707,3,2,"informe, disforme, sem forma"
104940,3,2,"alavanca, pé de cabra"
308883,3,1,"Latin, literally ""it follows."""
17992,3,2,"abundância, fartura, excesso, saturar"
28229,3,2,"vazar, vaza / lodo,lama"
13428,3,2,"cair, baixar, inclinar, abater"
15346,3,2,"faceta, aspecto, elemento, componente"
29600,3,3,"pasta cola massa esmurrar"
10951,3,4,"Arremeter, dardo, flecha, disparar"
44179,3,2,"perturbar, irritar, envergonhar, vexar"
16604,3,5,".my foot is small"
25378,3,2,"briga, corpo a corpo"
7382,3,2,"horsemen, knights, horse, knighthood"
187295,3,2,"algo fora do comum"
24982,3,4,"mármore, bola de gude"
185669,3,2,"moldar-se, adquirir forma"
16635,3,1,"criado de libré, lacaio"
16316,3,3,"se exibir, ostentar,"" aparecer"""
24957,3,3,"fabricar, inventar, manufaturar, produzir"
42903,3,3,"sem cortes, não lapidado"
189156,3,3,"apresentar, fomentar, promover, impulsionar"
17006,3,3,"frete, custo do transporte"
123170,3,2,"penteado, estilo de cabelo"
126316,3,2,"roughly put something together"
5444,3,2,"ataque repentino, brilhar, relâmpago"
10229,3,4,"doente, pôr em marcha"
5592,3,4,"vanglória, motivo de orgulho"
4413,3,1,"com os pés descalços"
14929,3,4,"exemplo, modelo, caso, disso"
45783,3,3,"desafogar, causar, saciar, vingar"
230829,3,2,"neura, implicância, que irrita"
303250,3,1,"Improvisar, sem planejamento nenhum."
106334,3,2,"atolar, afundar no lodo"
33368,3,7,"preferir, ao invés de"
109514,3,3,"auto-estima, valor-próprio"
542916,3,1,"em idade de trabalhar"
41084,3,3,"60;que mostra aspecto sofredor&62;"
59783,3,4,"encharcado, todo molhado, ensopado"
8753,3,2,"o colega a colega"
42170,3,4,"triunfo, sucesso, êxito, vitória"
21523,3,3,"breathe, inspire, fume, smoke"
137394,3,3,"pequenos pedaços, petiscos, aperitivos"
14050,3,1,"omitir; ignorar; passar adiante"
14358,3,5,"to occupy the attention"
36986,3,3,"pá, remover com pá"
20239,3,2,"engano, fraude, artifício, tapeação"
37559,3,4,"uma pequena porção, lasca"
16198,3,4,"aptidão, boa condição física"
235994,3,1,"Driving Under the Influence"
50711,3,5,"60;derramar em alguma coisa&62;"
38808,3,4,"afirmar, declarar, dizer, alegar"
16436,3,3,"deixar-se cair pesadamente"
3745,3,1,"very intelligent, smart, clever"
46494,3,4,"esteira, carrossel,tapete malas,tapete rolante"
604349,3,1,"torcer por time, alguém"
50044,3,1,"mais próxima, afiada, aguçada"
209549,3,3,"passar, ir embora, escoar"
136134,3,1,"perambular, andar sem destino"
37870,3,4,"presa elettrica, orbita oculare"
286120,3,2,"ir para o norte"
39080,3,3,"impassível, indiferente ao sentimentos"
30998,3,2,"agradável, gentil, amável, aprazível"
455005,3,2,"passar em torno de"
1191,3,4,"socar, picar (cartão, senha)"
53016,3,2,"olhar com desconfiança, carrancudo"
283709,3,2,"Vírus ou software malicioso"
3551848,3,1,"no calor do momento"
173474,3,2,"conforme, de acordo com"
345156,3,1,"surpresa, choque, ficar chocado"
174084,3,2,"ponto de vista, argumento"
288068,3,1,"estou de saída "
51235,3,5,"estar à espera de"
45489,3,6,"vencendo, gsnhsndo, vitoris, vitorioso"
45182,3,3,"de onde; por isso"
