,trigram,freq
45494,"('party_NOUN', 'uu_PRON', 'oooh_ADJ')",6
45491,"('ah_ADJ', 'yeah_NOUN', 'come_NOUN')",6
35328,"('health_NOUN', 'care_NOUN', 'debate_NOUN')",5
45406,"('barbie_ADJ', 'world_NOUN', 'Life_NOUN')",5
18019,"('health_NOUN', 'care_NOUN', 'plan_NOUN')",4
20543,"('health_NOUN', 'care_NOUN', 'reform_NOUN')",4
1443,"('civil_ADJ', 'right_NOUN', 'movement_NOUN')",4
37106,"('price_NOUN', 'mister_NOUN', 'president_NOUN')",4
50611,"('green_ADJ', 'light_ADJ', 'turn_NOUN')",4
52173,"('feel_ADJ', 'brand_CCONJ', 'new_ADJ')",4
34121,"('line_NOUN', 'item_NOUN', 'veto_NOUN')",3
59209,"('man_NOUN', ""'s_PART"", 'desire_NOUN')",3
10517,"('world_NOUN', 'war_NOUN', 'second_ADJ')",3
19212,"('clean_ADJ', 'coal_ADJ', 'technology_NOUN')",3
34220,"('year_NOUN', ""'s_PART"", 'budget_NOUN')",3
45495,"('oooh_ADJ', 'u_NOUN', 'come_NOUN')",3
18140,"('clean_ADJ', 'energy_NOUN', 'future_NOUN')",3
26990,"('women_NOUN', ""'s_PART"", 'equality_NOUN')",2
36161,"('option_NOUN', 'health_NOUN', 'care_NOUN')",2
36160,"('public_ADJ', 'option_NOUN', 'health_NOUN')",2
19786,"('domestic_ADJ', 'policy_NOUN', 'Council_NOUN')",2
42498,"('family_NOUN', 'without_ADP', 'health_NOUN')",2
42494,"('man_NOUN', 'without_ADP', 'shelter_NOUN')",2
42490,"('child_NOUN', 'without_ADP', 'food_NOUN')",2
5146,"('budget_NOUN', 'mister_NOUN', 'president_NOUN')",2
51326,"('trailer_NOUN', 'park_NOUN', 'girl_NOUN')",2
40002,"('health_NOUN', 'care_NOUN', 'costs_NOUN')",2
24271,"('innocent_ADJ', 'man_NOUN', 'women_NOUN')",2
39039,"('right_NOUN', 'CONGRESSMAN_DET', 'HENSARLING:_NOUN')",2
22916,"('Muslim_ADJ', 'majority_NOUN', 'country_NOUN')",2
26190,"('nation_NOUN', 'hold_VERB', 'nuclear_ADJ')",2
7086,"('next_ADJ', '10_NUM', 'year_NOUN')",2
6550,"('next_ADJ', 'five_NUM', 'year_NOUN')",2
53799,"('world_NOUN', ""'s_PART"", 'email_NOUN')",2
37571,"('health_NOUN', 'care_NOUN', 'cost_NOUN')",2
37546,"('health_NOUN', 'care_NOUN', 'expert_NOUN')",2
37545,"('independent_ADJ', 'health_NOUN', 'care_NOUN')",2
54135,"('electrical_ADJ', 'engineering_NOUN', 'student_NOUN')",2
58478,"('simple_ADJ', 'mathematical_ADJ', 'function_NOUN')",2
44681,"('common_ADJ', 'crisis_NOUN', 'everything_NOUN')",2
802,"('civil_ADJ', 'right_NOUN', 'struggle_NOUN')",2
17865,"('middle_ADJ', '-class_ADJ', 'tax_NOUN')",2
30597,"('second_ADJ', 'great_NOUN', 'Depression_NOUN')",2
1833,"('black_ADJ', 'history_NOUN', 'month_NOUN')",2
58491,"('model_ADJ', 'periodic_ADJ', 'phenomenon_NOUN')",2
43936,"('good_ADJ', 'enough_ADJ', 'shape_NOUN')",2
33825,"('board_ADJ', 'tax_NOUN', 'cut_NOUN')",2
44498,"('perfection_NOUN', 'nothing_PRON', 'else_ADJ')",2
2454,"('mister_NOUN', 'president_NOUN', 'first_ADJ')",2
31544,"('bipartisan_ADJ', 'fiscal_ADJ', 'commission_NOUN')",2
57826,"('distance_NOUN', 'equal_VERB', 'rate_ADJ')",2
57828,"('rate_ADJ', 'time_NOUN', 'time_NOUN')",2
17618,"('next_ADJ', 'hundred_NUM', 'year_NOUN')",2
45138,"('cry_NOUN', ""'_PART"", 'cause_NOUN')",2
45351,"('tear_NOUN', 'Oh_PROPN', 'mamma_NOUN')",2
40945,"('world_NOUN', '-class_ADJ', 'education_NOUN')",1
44532,"('ocean_NOUN', 'Doubt_VERB', 'intention_NOUN')",1
40928,"('many_ADJ', 'young_ADJ', 'people_NOUN')",1
40940,"('better_ADJ', 'poverty_NOUN', 'program_NOUN')",1
40826,"('child_NOUN', ""'s_PART"", 'future_NOUN')",1
40911,"('achievement_NOUN', 'inspire_ADJ', 'student_NOUN')",1
40910,"('student_ADJ', 'achievement_NOUN', 'inspire_ADJ')",1
39805,"('current_ADJ', 'Medicare_PROPN', 'recipient_NOUN')",1
41102,"('department_NOUN', ""'s_PART"", 'spending_NOUN')",1
39811,"('level_NOUN', 'CONGRESSMAN_DET', 'RYAN_NOUN')",1
41124,"('discretionary_ADJ', 'spending_NOUN', 'last_ADJ')",1
41125,"('spending_NOUN', 'last_ADJ', 'year_NOUN')",1
41206,"('energy_NOUN', 'science_NOUN', 'center_ADJ')",1
41176,"('forest_NOUN', 'service_ADP', 'economic_ADJ')",1
41178,"('economic_ADJ', 'development_NOUN', 'program_NOUN')",1
39870,"('cost_NOUN', 'per_ADP', 'recipient_NOUN')",1
44384,"('serious_ADJ', 'financial_ADJ', 'reform_NOUN')",1
41083,"('budget_NOUN', 'freeze_VERB', 'spend_NOUN')",1
41075,"('discretionary_ADJ', 'government_NOUN', 'program_NOUN')",1
44383,"('fight_NOUN', 'serious_ADJ', 'financial_ADJ')",1
41063,"('security_NOUN', 'include_VERB', 'benefit_NOUN')",1
39841,"('future_ADJ', 'beneficiary_NOUN', 'right_ADJ')",1
41055,"('social_ADJ', 'Security_NOUN', 'Medicay_NOUN')",1
40052,"('care_NOUN', 'reform_NOUN', 'package_NOUN')",1
40051,"('package_NOUN', 'us_DET', 'health_NOUN')",1
40291,"('time_NOUN', 'somebody_ADJ', 'speak_NOUN')",1
40274,"('politics_NOUN', 'work_VERB', 'right_ADJ')",1
44640,"('love_NOUN', 'without_ADP', 'pain_NOUN')",1
39963,"('understand_NOUN', 'right_ADV', 'right_ADJ')",1
40772,"('budget_NOUN', 'include_VERB', 'new_ADJ')",1
40774,"('new_ADJ', 'tax_NOUN', 'cut_NOUN')",1
40785,"('new_ADJ', 'worker_NOUN', 'investment_NOUN')",1
40790,"('job_NOUN', 'repair_VERB', 'road_NOUN')",1
40779,"('small_ADJ', 'business_NOUN', 'tax_NOUN')",1
40780,"('business_NOUN', 'tax_NOUN', 'credit_NOUN')",1
40529,"('past_ADJ', '10_NUM', 'year_NOUN')",1
40540,"('expensive_ADJ', 'new_ADJ', 'drug_NOUN')",1
40541,"('new_ADJ', 'drug_NOUN', 'program_NOUN')",1
40543,"('program_NOUN', 'pass_VERB', 'massive_ADJ')",1
40545,"('massive_ADJ', 'tax_NOUN', 'cut_NOUN')",1
40487,"('last_ADJ', 'two_NUM', 'year_NOUN')",1
40478,"('war_NOUN', 'us_DET', 'economy_NOUN')",1
42567,"('equality_NOUN', 'us_DET', 'obligation_NOUN')",1
43635,"('world_NOUN', ""'s_PART"", 'largest_ADJ')",1
43637,"('largest_ADJ', 'financail_ADJ', 'institution_NOUN')",1
42778,"('broken_ADJ', 'immigration_NOUN', 'system_NOUN')",1
42766,"('many_ADJ', 'conservative_ADJ', 'pastor_NOUN')",1
43597,"('firms_NOUN', 'take_VERB', 'reckless_NOUN')",1
43595,"('financial_ADJ', 'institution_NOUN', 'firms_NOUN')",1
42675,"('square_NOUN', 'sow_VERB', 'division_NOUN')",1
43603,"('short_ADJ', '-term_ADJ', 'profit_NOUN')",1
42717,"('reality_NOUN', 'neither_DET', 'side_NOUN')",1
43783,"('much_ADJ', 'tax_NOUN', 'money_NOUN')",1
42358,"('African_ADJ', 'American_ADJ', 'churche_NOUN')",1
42346,"('jewish_ADJ', 'world_NOUN', 'service_NOUN')",1
42345,"('American_ADJ', 'jewish_ADJ', 'world_NOUN')",1
42336,"('faith_NOUN', 'based_VERB', 'effort_NOUN')",1
42418,"('world_NOUN', ""'s_PART"", 'great_ADJ')",1
42508,"('argument_NOUN', 'us_DET', 'ideological_ADJ')",1
42511,"('dispute_NOUN', 'us_DET', 'contest_NOUN')",1
42486,"('slow_NOUN', 'move_VERB', 'tragedy_NOUN')",1
43677,"('large_ADJ', 'financial_ADJ', 'firm_NOUN')",1
43676,"('many_ADJ', 'large_ADJ', 'financial_ADJ')",1
42482,"('day_NOUN', 'to-day_NOUN', 'crisis_NOUN')",1
43721,"('agency_NOUN', 'take_VERB', 'emergency_NOUN')",1
43392,"('nation_NOUN', 'divid_VERB', 'half_ADJ')",1
43180,"('built_NOUN', 'effective_ADJ', 'partnership_NOUN')",1
43051,"('possible_ADJ', 'part_VERB', 'way_NOUN')",1
43410,"('friend_NOUN', 'though_PROPN', 'passion_NOUN')",1
43263,"('pundits_NOUN', 'start_VERB', 'shouting_NOUN')",1
43204,"('faith_NOUN', 'based_VERB', 'initiative_ADJ')",1
43209,"('ground_NOUN', 'among_ADP', 'people_NOUN')",1
42813,"('recognition_NOUN', 'among_ADP', 'progressive_NOUN')",1
42828,"('value_NOUN', 'like_ADP', 'responsible_ADJ')",1
43515,"('righteous_ADJ', 'spite_NOUN', 'progress_NOUN')",1
42844,"('dogma_NOUN', 'us_DET', 'prescribed_ADJ')",1
43530,"('common_ADJ', 'humanity_NOUN', 'progress_NOUN')",1
43440,"('slavery_NOUN', ""'s_PART"", 'abolition_NOUN')",1
43473,"('nation_NOUN', ""'s_PART"", 'conscience_NOUN')",1
42964,"('health_NOUN', 'care_NOUN', 'system_NOUN')",1
41611,"('concrete_ADJ', 'deficit_NOUN', 'reduction_NOUN')",1
44089,"('student_NOUN', 'attend_VERB', 'college_NOUN')",1
41612,"('deficit_NOUN', 'reduction_NOUN', 'proposal_NOUN')",1
41639,"('strong_ADJ', 'bipartisan_ADJ', 'support_NOUN')",1
44086,"('familie_NOUN', 'purchasing_VERB', 'home_NOUN')",1
41572,"('investment_NOUN', 'fund_NOUN', 'manager_NOUN')",1
41571,"('company_NOUN', 'investment_NOUN', 'fund_NOUN')",1
41570,"('oil_ADJ', 'company_NOUN', 'investment_NOUN')",1
41558,"('-class_ADJ', 'tax_NOUN', 'cut_NOUN')",1
41567,"('costly_ADJ', 'tax_NOUN', 'cut_NOUN')",1
41728,"('rule_NOUN', 'help_VERB', 'lead_NOUN')",1
42294,"('God_NOUN', ""'s_PART"", 'grace_NOUN')",1
44204,"('campaign_NOUN', 'locke_VERB', 'arm_NOUN')",1
44202,"('massive_ADJ', 'lobbying_ADJ', 'campaign_NOUN')",1
41376,"('separate_ADJ', 'education_NOUN', 'program_NOUN')",1
41306,"('program_NOUN', ""'s_PART"", 'requirement_NOUN')",1
41478,"('aircraft_NOUN', 'four_NUM', 'year_NOUN')",1
41464,"('safe_ADJ', 'one_NUM', 'example_NOUN')",1
41498,"('year_NOUN', 'since_NOUN', 'congress_NOUN')",1
41456,"('unnecessary_ADJ', 'defense_NOUN', 'program_NOUN')",1
41414,"('social_ADJ', 'Security_NOUN', 'appointment_NOUN')",1
41442,"('budget_NOUN', 'common_ADJ', 'sense_NOUN')",1
43881,"('American_ADJ', 'people_NOUN', 'folk_NOUN')",1
43915,"('major_ADJ', 'financial_ADJ', 'firm_NOUN')",1
43907,"('Financail_ADJ', 'crisis_PROPN', 'responsibility_NOUN')",1
42237,"('Haitian_ADJ', 'descent_NOUN', 'representative_ADJ')",1
42187,"('earthquake_NOUN', ""'s_PART"", 'wake_NOUN')",1
42219,"('medics_NOUN', 'translator_NOUN', 'serviceman_NOUN')",1
42222,"('women_NOUN', 'bringe_VERB', 'water_NOUN')",1
42203,"('congregation_NOUN', 'hold_VERB', 'bible_NOUN')",1
41880,"('state_NOUN', 'cabinet_PROPN', 'member_NOUN')",1
41888,"('congress_NOUN', 'religious_ADJ', 'leader_NOUN')",1
41885,"('vice_NOUN', 'president_NOUN', 'member_NOUN')",1
41890,"('leader_NOUN', 'distinguish_VERB', 'guest_NOUN')",1
41787,"('hard_ADJ', 'earn_ADJ', 'tax_NOUN')",1
41788,"('earn_ADJ', 'tax_NOUN', 'dollar_NOUN')",1
44019,"('small_ADJ', 'financial_ADJ', 'firm_NOUN')",1
44003,"('full_ADJ', 'amount_NOUN', 'necessary_NOUN')",1
41935,"('faith_NOUN', 'based_VERB', 'office_NOUN')",1
41983,"('dear_NOUN', 'friend_NOUN', 'prime_ADJ')",1
41973,"('good_ADJ', 'every_DET', 'day_NOUN')",1
34608,"('putt_NOUN', 'earmark_NOUN', 'online_ADJ')",1
34594,"('restraint_NOUN', 'within_ADP', 'congress_NOUN')",1
34625,"('item_NOUN', 'veto_ADP', 'issue_NOUN')",1
34627,"('issue_NOUN', 'CONGRESSMAN_DET', 'RYAN_NOUN')",1
34653,"('automatic_ADJ', 'stabilizer_NOUN', 'spending_NOUN')",1
34688,"('right_NOUN', 'CONGRESSMAN_DET', 'PENCE_NOUN')",1
34872,"('comprehensive_ADJ', 'energy_NOUN', 'policy_NOUN')",1
34108,"('home_ADJ', 'state_NOUN', 'senator_NOUN')",1
34110,"('senator_NOUN', 'Russ_PROPN', 'Feingold_NOUN')",1
34112,"('Feingold_NOUN', 'bipartisan_ADJ', 'proposal_NOUN')",1
33976,"('way_NOUN', 'CONGRESSMAN_DET', 'RYAN_NOUN')",1
34033,"('domestic_ADJ', 'discretionary_ADJ', 'spending_NOUN')",1
34050,"('elevated_ADJ', 'begin_VERB', 'next_ADJ')",1
34000,"('RYAN_NOUN', 'say_PROPN', 'hi_ADJ')",1
34321,"('discretionary_ADJ', 'freeze_ADJ', 'take_NOUN')",1
34345,"('consensus_NOUN', 'among_ADP', 'people_NOUN')",1
34410,"('next_ADJ', 'fiscal_ADJ', 'year_NOUN')",1
34386,"('folk_NOUN', 'lose_VERB', 'business_NOUN')",1
34294,"('hand_NOUN', 'huge_ADJ', 'drop_NOUN')",1
34933,"('last_ADJ', 'three_NUM', 'decade_NOUN')",1
35576,"('meeting_NOUN', 'tak_VERB', 'place_NOUN')",1
35638,"('cetera_NOUN', 'different_ADJ', 'legislator_NOUN')",1
35636,"('office_NOUN', 'et_CCONJ', 'cetera_NOUN')",1
35634,"('Senate_NOUN', 'different_ADJ', 'office_NOUN')",1
35532,"('bill_NOUN', 'Countless_SCONJ', 'hearing_NOUN')",1
35534,"('hearing_NOUN', 'take_VERB', 'place_NOUN')",1
35495,"('health_NOUN', 'care_NOUN', 'process_NOUN')",1
35807,"('regular_ADJ', 'appropriation_NOUN', 'process_NOUN')",1
35906,"('new_ADJ', 'slot_NOUN', 'open_NOUN')",1
35795,"('defensible_ADJ', 'good_ADJ', 'project_NOUN')",1
35701,"('big_ADJ', 'budget_NOUN', 'fight_NOUN')",1
35093,"('natural_ADJ', 'gas_NOUN', 'resource_NOUN')",1
35035,"('clean_ADJ', 'energy_NOUN', 'cleaner_NOUN')",1
35036,"('energy_NOUN', 'cleaner_NOUN', 'form_NOUN')",1
35319,"('American_ADJ', 'people_NOUN', 'multiple_ADJ')",1
35320,"('people_NOUN', 'multiple_ADJ', 'time_NOUN')",1
35380,"('health_NOUN', 'care_NOUN', 'bill_NOUN')",1
33938,"('right_NOUN', 'CONGRESSMAN_DET', 'RYAN_NOUN')",1
32607,"('dad_NOUN', 'say_VERB', 'word_NOUN')",1
32468,"('next_ADJ', 'four_NUM', 'year_NOUN')",1
32435,"('year_NOUN', 'ago_ADV', 'house_NOUN')",1
32528,"('salvation_NOUN', 'Army_DET', 'homeless_ADJ')",1
32539,"('African_ADJ', 'American_ADJ', 'boy_NOUN')",1
32545,"('th_ADJ', 'grade_NOUN', 'name_ADJ')",1
32511,"('inaudible_ADJ', 'mister_NOUN', 'president_NOUN')",1
32512,"('mister_NOUN', 'president_NOUN', 'several_ADJ')",1
32856,"('broad_ADJ', 'base_VERB', 'economic_ADJ')",1
32682,"('so-called_ADJ', 'stimulus_ADJ', 'bill_NOUN')",1
32773,"('relief_NOUN', 'mister_NOUN', 'president_NOUN')",1
32771,"('board_ADJ', 'tax_NOUN', 'relief_NOUN')",1
32772,"('tax_NOUN', 'relief_NOUN', 'mister_NOUN')",1
32753,"('economic_ADJ', 'analyst_NOUN', 'model_NOUN')",1
32125,"('American_ADJ', 'people_NOUN', 'need_NOUN')",1
32069,"('catastrophic_ADJ', 'insurance_NOUN', 'option_NOUN')",1
32068,"('affordable_ADJ', 'catastrophic_ADJ', 'insurance_NOUN')",1
31948,"('coverage_NOUN', 'across_ADP', 'state_NOUN')",1
32040,"('parent_NOUN', ""'_PART"", 'insurance_NOUN')",1
32035,"('kid_NOUN', 'remain_VERB', 'cover_ADJ')",1
32408,"('first_ADJ', 'remark_NOUN', 'mister_NOUN')",1
32409,"('remark_NOUN', 'mister_NOUN', 'president_NOUN')",1
32411,"('president_NOUN', 'welcome_DET', 'back_NOUN')",1
32416,"('house_NOUN', 'republican_ADJ', 'conference_NOUN')",1
32376,"('question_NOUN', 'CONGRESSMAN_DET', 'PENCE_NOUN')",1
32207,"('fastest_NOUN', 'growing_VERB', 'group_NOUN')",1
32302,"('politic_ADJ', 'climate_NOUN', 'right_ADJ')",1
32253,"('resistance_NOUN', 'supplant_VERB', 'constructive_ADJ')",1
33423,"('potential_ADJ', 'tax_NOUN', 'hike_NOUN')",1
33501,"('infrastructure_NOUN', 'tax_NOUN', 'cut_NOUN')",1
33862,"('banking_NOUN', 'industry_NOUN', 'right_ADJ')",1
33831,"('example_NOUN', 'greater_ADJ', 'tax_NOUN')",1
33832,"('greater_ADJ', 'tax_NOUN', 'cut_NOUN')",1
33775,"('right_NOUN', 'member_ADV', 'mister_NOUN')",1
33085,"('loss_NOUN', 'take_VERB', 'place_NOUN')",1
32988,"('administration_NOUN', ""'s_PART"", 'policy_NOUN')",1
33352,"('way_NOUN', 'make_ADJ', 'sure_NOUN')",1
33400,"('alternative_ADJ', 'minimum_ADJ', 'tax_NOUN')",1
33229,"('common_ADJ', 'sense_ADJ', 'thing_NOUN')",1
33269,"('business_NOUN', 'get_PART', 'tax_NOUN')",1
33271,"('tax_NOUN', 'cut_NOUN', 'large_ADJ')",1
33272,"('cut_NOUN', 'large_ADJ', 'business_NOUN')",1
33274,"('business_NOUN', 'get_PART', 'help_NOUN')",1
33266,"('tax_NOUN', 'cut_NOUN', 'small_ADJ')",1
33267,"('cut_NOUN', 'small_ADJ', 'business_NOUN')",1
33265,"('get_NOUN', 'tax_NOUN', 'cut_NOUN')",1
33263,"('working_NOUN', 'American_ADP', 'get_NOUN')",1
38496,"('PRESIDENT:_NOUN', 'well_ADV', 'first_ADJ')",1
38457,"('no-cost_ADJ', 'job_NOUN', 'creation_NOUN')",1
38364,"('substantive_ADJ', 'job_NOUN', 'creation_NOUN')",1
38366,"('creation_NOUN', 'us_DET', 'stimulus_ADJ')",1
38429,"('job_NOUN', 'creation_NOUN', 'piece_NOUN')",1
38796,"('new_ADJ', 'trade_NOUN', 'agreement_NOUN')",1
38656,"('newspaper_NOUN', 'Question_NOUN', 'Inaudible_ADJ')",1
38627,"('burn_ADJ', 'style_NOUN', 'politics_NOUN')",1
38078,"('different_ADJ', 'policy_NOUN', 'issue_NOUN')",1
37928,"('nothing_NOUN', 'one_NUM', 'way_NOUN')",1
38234,"('controversial_ADJ', 'subject_NOUN', 'death_NOUN')",1
38235,"('subject_NOUN', 'death_NOUN', 'penalty_NOUN')",1
38236,"('death_NOUN', 'penalty_NOUN', 'reform_NOUN')",1
38319,"('conversation_NOUN', 'toward_ADP', 'solution_NOUN')",1
38122,"('overall_ADJ', 'job_NOUN', 'package_NOUN')",1
38133,"('small_ADJ', 'business_NOUN', 'right_ADJ')",1
38182,"('mine_NOUN', 'CONGRESSMAN_DET', 'ROSKAM:_NOUN')",1
38184,"('ROSKAM:_NOUN', 'Hey_PROPN', 'mister_NOUN')",1
38192,"('debate_NOUN', 'CONGRESSMAN_DET', 'ROSKAM:_NOUN')",1
38161,"('point_NOUN', 'CONGRESSMAN_DET', 'PENCE_NOUN')",1
39296,"('new_ADJ', 'entitlement_NOUN', 'spend_NOUN')",1
39395,"('question_NOUN', 'mister_NOUN', 'president_NOUN')",1
39368,"('new_ADJ', 'budget_NOUN', 'mister_NOUN')",1
39648,"('presentation_NOUN', 'versus_CCONJ', 'mine_NOUN')",1
39754,"('Medicay_NOUN', 'massive_ADJ', 'problem_NOUN')",1
39719,"('health_NOUN', 'care_NOUN', 'spending_NOUN')",1
39710,"('long-term_ADJ', 'liability_NOUN', 'everybody_NOUN')",1
39724,"('close_ADJ', 'social_ADJ', 'Security_NOUN')",1
39578,"('prescription_NOUN', 'drug_NOUN', 'plan_NOUN')",1
39582,"('biggest_ADJ', 'entitlement_NOUN', 'plan_NOUN')",1
39641,"('independent_ADJ', 'fact_NOUN', 'checker_NOUN')",1
39025,"('PRESIDENT:_NOUN', 'Je_PRON', 'sic_ADJ')",1
39008,"('next_ADJ', 'several_ADJ', 'year_NOUN')",1
38874,"('particular_ADJ', 'constituency_NOUN', 'group_NOUN')",1
39034,"('PENCE_NOUN', 'yes_INTJ', 'sir_NOUN')",1
39206,"('old_ADJ', 'annual_ADJ', 'deficit_NOUN')",1
39175,"('defense_NOUN', 'discretionary_NOUN', 'spending_NOUN')",1
39267,"('understand_NOUN', 'mister_NOUN', 'president_NOUN')",1
39095,"('nation_NOUN', ""'s_PART"", 'child_NOUN')",1
39041,"('HENSARLING:_NOUN', 'Jebruary_PROPN', 'mister_NOUN')",1
39094,"('child_NOUN', 'us_DET', 'nation_NOUN')",1
39139,"('first_ADJ', 'job_NOUN', 'mister_NOUN')",1
39140,"('job_NOUN', 'mister_NOUN', 'president_NOUN')",1
39130,"('time_NOUN', 'us_DET', 'child_NOUN')",1
36547,"('young_ADJ', 'people_NOUN', 'right_ADJ')",1
36432,"('everybody_NOUN', ""'s_PART"", 'premium_NOUN')",1
36490,"('health_NOUN', 'care_NOUN', 'experts_NOUN')",1
36491,"('care_NOUN', 'experts_NOUN', 'people_NOUN')",1
36506,"('people_NOUN', ""'s_PART"", 'premium_NOUN')",1
36773,"('debate_NOUN', 'last_ADJ', 'year_NOUN')",1
36733,"('way_NOUN', 'big_NOUN', 'company_NOUN')",1
36067,"('condition_NOUN', 'insurance_NOUN', 'portability_NOUN')",1
36069,"('portability_NOUN', 'expande_VERB', 'access_NOUN')",1
36033,"('health_NOUN', 'care_NOUN', 'idea_NOUN')",1
36049,"('model_NOUN', 'address_VERB', 'medical_ADJ')",1
36051,"('medical_ADJ', 'liability_NOUN', 'insurance_NOUN')",1
36052,"('liability_NOUN', 'insurance_NOUN', 'accountability_NOUN')",1
36053,"('insurance_NOUN', 'accountability_NOUN', 'chronic_ADJ')",1
36141,"('house_NOUN', 'Democrat_ADJ', 'leadership_NOUN')",1
36110,"('affordable_ADJ', 'cost-effective_ADJ', 'way_NOUN')",1
35994,"('front_NOUN', 'CONGRESSMAN_DET', 'PENCE_NOUN')",1
36280,"('interference_NOUN', 'reduce_NOUN', 'cost_NOUN')",1
36279,"('government_NOUN', 'interference_NOUN', 'reduce_NOUN')",1
37491,"('care_NOUN', 'reform_NOUN', 'bill_NOUN')",1
37499,"('health_NOUN', 'care_NOUN', 'premium_NOUN')",1
37510,"('number_NOUN', 'one_NUM', 'priority_NOUN')",1
37515,"('reform_NOUN', 'I_PRON', 'mean_NOUN')",1
37830,"('bill_NOUN', 'CONGRESSMAN_DET', 'price_NOUN')",1
37835,"('PRESIDENT:_NOUN', 'I_PRON', 'understand_NOUN')",1
37837,"('understand_NOUN', 'CONGRESSMAN_DET', 'price_NOUN')",1
37656,"('care_NOUN', 'expert_NOUN', 'republican_ADJ')",1
37623,"('cost_NOUN', 'curve_VERB', 'long_ADJ')",1
37099,"('great_ADJ', 'CONGRESSMAN_DET', 'PENCE_NOUN')",1
37082,"('permit_NOUN', 'mister_NOUN', 'president_NOUN')",1
37081,"('time_NOUN', 'permit_NOUN', 'mister_NOUN')",1
36944,"('wild_ADJ', 'ey_ADJ', 'plot_NOUN')",1
37257,"('significant_ADJ', 'insurance_NOUN', 'challenge_NOUN')",1
37267,"('lawsuit_NOUN', 'abuse_SCONJ', 'issue_NOUN')",1
37190,"('provide_NOUN', 'CONGRESSMAN_DET', 'price_NOUN')",1
37191,"('mister_NOUN', 'president_NOUN', 'multiple_ADJ')",1
37192,"('president_NOUN', 'multiple_ADJ', 'time_NOUN')",1
55545,"('Fourier_ADJ', 'sery_NOUN', 'technique_NOUN')",1
55889,"('simpler_NOUN', 'constituent_ADJ', 'part_NOUN')",1
55783,"('synthesis_NOUN', 'two_NUM', 'word_NOUN')",1
55168,"('different_ADJ', 'starting_NOUN', 'point_NOUN')",1
55074,"('Fourier_ADJ', 'analysis_ADJ', 'technique_NOUN')",1
55448,"('controversial_ADJ', 'choice_NOUN', 'Fourier_ADJ')",1
55449,"('choice_NOUN', 'Fourier_ADJ', 'sery_NOUN')",1
55359,"('purpose_NOUN', 'I_PRON', 'wannon_NOUN')",1
56636,"('physical_ADJ', 'quantity_NOUN', 'physical_ADJ')",1
56554,"('example_NOUN', 'harmonic_ADJ', 'motion_NOUN')",1
56495,"('helpful_ADJ', 'occasionally_ADV', 'helpful_ADJ')",1
56601,"('space_NOUN', 'one_NUM', 'dimension_NOUN')",1
56603,"('dimension_NOUN', 'two_NUM', 'dimension_NOUN')",1
56568,"('string_NOUN', 'inaudible_ADJ', 'harmonic_ADJ')",1
56558,"('e.g_ADJ', 'harmonic_ADJ', 'motion_NOUN')",1
56569,"('inaudible_ADJ', 'harmonic_ADJ', 'motion_NOUN')",1
56129,"('e.g_NOUN', 'i.e_NOUN', 'integral_NOUN')",1
56128,"('right_ADJ', 'e.g_NOUN', 'i.e_NOUN')",1
56052,"('linear_ADJ', 'operation_NOUN', 'sery_NOUN')",1
56063,"('synthesis_NOUN', 'Fourier_PROPN', 'analysis_NOUN')",1
56092,"('linear_ADJ', 'operation_NOUN', 'linearity_NOUN')",1
56394,"('mention_NOUN', 'science_NOUN', 'mathematics_NOUN')",1
56295,"('particular_ADJ', 'special_ADJ', 'thing_NOUN')",1
53749,"('everything_NOUN', ""'s_PART"", 'gonnon_NOUN')",1
53580,"('little_ADJ', 'bit_NOUN', 'funny_NOUN')",1
53932,"('engineering_NOUN', 'either_CCONJ', 'undergraduate_ADJ')",1
53235,"('regular_ADJ', 'problem_NOUN', 'set_NOUN')",1
53196,"('registrar_NOUN', ""'s_PART"", 'office_NOUN')",1
53250,"('drill_NOUN', 'many_ADJ', 'time_NOUN')",1
53261,"('startling_ADJ', 'innovation_NOUN', 'last_ADJ')",1
53262,"('innovation_NOUN', 'last_ADJ', 'time_NOUN')",1
53090,"('midterm_ADJ', 'exam_NOUN', 'Midterm_ADJ')",1
53091,"('exam_NOUN', 'Midterm_ADJ', 'exam_NOUN')",1
53136,"('minute_NOUN', 'fifty_NUM', 'minute_NOUN')",1
53538,"('little_ADJ', 'bit_NOUN', 'od_NOUN')",1
53405,"('time_NOUN', 'without_ADP', 'fail_NOUN')",1
54963,"('liking_NOUN', 'well_ADV', 'chance_NOUN')",1
54274,"('student_NOUN', 'many_ADJ', 'time_NOUN')",1
54273,"('engineering_NOUN', 'student_NOUN', 'many_ADJ')",1
54084,"('different_ADJ', 'reason_NOUN', 'okay_NOUN')",1
54083,"('many_ADJ', 'different_ADJ', 'reason_NOUN')",1
54121,"('many_ADJ', 'different_ADJ', 'class_NOUN')",1
54137,"('student_NOUN', 'either_CCONJ', 'undergraduate_ADJ')",1
54436,"('electrical_ADJ', 'engineering_NOUN', 'electrical_ADJ')",1
54437,"('engineering_NOUN', 'electrical_ADJ', 'engineering_NOUN')",1
54451,"('laboratory_NOUN', 'along_ADP', 'research_NOUN')",1
54512,"('linear_ADJ', 'dynamic_ADJ', 'system_NOUN')",1
54340,"('electrical_ADJ', 'engineer_NOUN', 'student_NOUN')",1
54360,"('heard_ADJ', 'secret_NOUN', 'tale_NOUN')",1
59587,"('great_ADJ', 'nation_NOUN', 'prove_NOUN')",1
59598,"('illegal_ADJ', 'alien_NOUN', 'i.e_NOUN')",1
59599,"('alien_NOUN', 'i.e_NOUN', 'Minuteman_NOUN')",1
59448,"('multinational_ADJ', 'corporation_NOUN', 'bank_NOUN')",1
59464,"('dance_NOUN', 'every_DET', 'day_NOUN')",1
59431,"('versus_ADJ', 'Conservative_ADJ', 'paradigm_NOUN')",1
59430,"('Liberal_ADJ', 'versus_ADJ', 'Conservative_ADJ')",1
59488,"('little_ADJ', 'Hannity_NOUN', 'Olberman_ADJ')",1
59489,"('Hannity_NOUN', 'Olberman_ADJ', 'drum_NOUN')",1
59494,"('self_ADJ', 'righteous_ADJ', 'indignation_NOUN')",1
59495,"('righteous_ADJ', 'indignation_NOUN', 'PATHETIC_NOUN')",1
59793,"('health_NOUN', 'insurance_NOUN', 'industry_NOUN')",1
59804,"('dat_ADJ', 'mean_NOUN', 'ol_NOUN')",1
59806,"('ol_NOUN', ""'_PART"", 'gubmint_NOUN')",1
59817,"('family_NOUN', 'health_NOUN', 'care_NOUN')",1
59822,"('profit_NOUN', 'based_VERB', 'MEDICARE_NOUN')",1
59833,"('highest_ADJ', 'risk_NOUN', 'group_NOUN')",1
59701,"('daughter_NOUN', ""'s_PART"", 'BLOOD_NOUN')",1
59067,"('rollin_NOUN', ""'_ADP"", 'stone_NOUN')",1
58993,"('complex_ADJ', 'periodic_ADJ', 'behavior_NOUN')",1
59033,"('complex_ADJ', 'periodic_ADJ', 'phenomenon_NOUN')",1
59004,"('acorn_NOUN', 'mighty_NUM', 'oak_NOUN')",1
59318,"('creme_NOUN', 'sandwich_DET', 'chocolate_NOUN')",1
59320,"('chocolate_NOUN', 'cover_VERB', 'creme_NOUN')",1
59322,"('creme_NOUN', 'fill_VERB', 'cookie_ADJ')",1
59415,"('liberal_ADJ', 'base_VERB', 'rant.._NOUN')",1
59366,"('positive_ADJ', 'approval_ADJ', 'rating_NOUN')",1
59204,"('woman_NOUN', ""'s_PART"", 'saint_NOUN')",1
59211,"('desire_NOUN', 'bold_ADJ', 'little_ADJ')",1
59212,"('bold_ADJ', 'little_ADJ', 'bird_NOUN')",1
59291,"('lip_NOUN', 'Sugar_ADJ', 'diabete_NOUN')",1
59302,"('night_ADJ', 'light_ADJ', 'burn_NOUN')",1
59279,"('white_ADJ', 'candle_NOUN', 'burn_NOUN')",1
60529,"('cancer_NOUN', 'genetically_ADV', 'altered_ADJ')",1
60536,"('thing_NOUN', 'like_ADP', 'insect_ADJ')",1
60538,"('insect_ADJ', 'Dna_NOUN', 'free_ADJ')",1
60493,"('traffic_ADJ', 'light_ADJ', 'trap_NOUN')",1
60349,"('basic_ADJ', 'human_ADJ', 'decency_NOUN')",1
60344,"('high_ADJ', 'concrete_NOUN', 'wall_NOUN')",1
60417,"('paper_NOUN', 'trail_NOUN', 'free_NOUN')",1
60781,"('great_ADJ', 'alibi_NOUN', 'try_NOUN')",1
60555,"('company_NOUN', ""'s_PART"", 'guinea_NOUN')",1
60564,"('catastrophic_ADJ', 'side_NOUN', 'effect_NOUN')",1
60565,"('side_NOUN', 'effect_NOUN', 'free_ADJ')",1
59986,"('rear_ADJ', 'view_NOUN', 'mirror_NOUN')",1
60230,"('Delusional_ADJ', 'one_NUM', 'nation_NOUN')",1
60315,"('world_NOUN', ""'s_PART"", 'nuclear_NOUN')",1
60273,"('nation_NOUN', 'question_NOUN', 'human_ADJ')",1
60274,"('question_NOUN', 'human_ADJ', 'right_NOUN')",1
60275,"('human_ADJ', 'right_NOUN', 'abuse_NOUN')",1
57623,"('certain_ADJ', 'characteristic_ADJ', 'frequency_NOUN')",1
57530,"('time_NOUN', 'frequency_NOUN', 'nu_NOUN')",1
57808,"('regularly_ADJ', 'repeating_NOUN', 'pattern_NOUN')",1
57219,"('common_ADJ', 'mathematical_ADJ', 'descriptor_NOUN')",1
57416,"('example_NOUN', 'wave_CCONJ', 'motion_NOUN')",1
57424,"('traveling_ADJ', 'periodic_ADJ', 'disturbance_NOUN')",1
57441,"('e.g_NOUN', 'wave_NOUN', 'motion_NOUN')",1
57340,"('behavior_NOUN', 'whereas_SCONJ', 'engineer_NOUN')",1
58596,"('plus_NOUN', '2_NUM', 'pi_NOUN')",1
58588,"('period_NOUN', '2_NUM', 'pi._NOUN')",1
58903,"('minus_ADJ', '1_NUM', 'plus_ADJ')",1
58104,"('way_NOUN', 'Lamba_ADP', 'time_NOUN')",1
58155,"('signal_NOUN', 'use_VERB', 'method_NOUN')",1
57987,"('equal_NOUN', 'rate_VERB', 'time_NOUN')",1
58206,"('simple_ADJ', 'enough_ADJ', 'formulum_NOUN')",1
58341,"('good_ADJ', 'starting_NOUN', 'place_NOUN')",1
58236,"('simple_ADJ', 'ideas_NOUN', 'sort_NOUN')",1
45105,"('tall_NOUN', 'white_ADP', 'horse_NOUN')",1
47851,"('gun_NOUN', '13_NUM', 'Nelson_NOUN')",1
47932,"('“son_NOUN', '16_NUM', 'comic_ADJ')",1
47901,"('bowl_NOUN', '15_NUM', 'Lionel_ADJ')",1
47767,"('stuff_NOUN', '9_NUM', 'comic_ADJ')",1
47809,"('white_ADJ', 'house_NOUN', 'forever_NOUN')",1
48070,"('thing_NOUN', 'like_ADP', 'love_NOUN')",1
47956,"('internet_NOUN', 'within_ADP', 'minute_NOUN')",1
47995,"('slur_NOUN', '20_NUM', 'comic_ADJ')",1
47222,"('good_ADJ', 'news_NOUN', 'story_NOUN')",1
47232,"('human_ADJ', 'right_NOUN', 'commission_NOUN')",1
47203,"('people_NOUN', ""'s_PART"", 'right_NOUN')",1
47278,"('father_NOUN', ""'_PART"", 'right_NOUN')",1
47251,"('law_NOUN', 'fundamental_ADJ', 'free_ADJ')",1
47252,"('fundamental_ADJ', 'free_ADJ', 'exercise_NOUN')",1
47275,"('smoker_NOUN', ""'_PART"", 'right_NOUN')",1
47272,"('child_NOUN', ""'s_PART"", 'right_NOUN')",1
47650,"('order_NOUN', '1_NUM', 'Homer_NOUN')",1
47635,"('silver_NOUN', 'screen_ADP', 'next_ADJ')",1
47593,"('many_ADJ', 'great_ADJ', 'Simpsons_NOUN')",1
47566,"('king_NOUN', 'nothing_NOUN', 'else_ADJ')",1
47567,"('nothing_NOUN', 'else_ADJ', 'mean_NOUN')",1
47568,"('else_ADJ', 'mean_NOUN', 'anyth_NOUN')",1
48789,"('Frink_NOUN', 'Brace_ADP', 'yourselve_NOUN')",1
48846,"('tragedy_NOUN', '65_NUM', 'mister_NOUN')",1
48862,"('healthy_ADJ', 'green_ADJ', 'glow_NOUN')",1
48686,"('woman_NOUN', 'without_ADP', 'gill_NOUN')",1
48652,"('day_NOUN', '53_NUM', 'mister_NOUN')",1
48727,"('test_ADJ', 'score_NOUN', 'class_NOUN')",1
48735,"('child_NOUN', '58_NUM', 'mister_NOUN')",1
48994,"('king_NOUN', '73_NUM', 'Barney_NOUN')",1
48986,"('tax_NOUN', 'brutalize_ADJ', 'criminal_NOUN')",1
49003,"('grave_NOUN', '74_NUM', 'Superintendent_ADJ')",1
49038,"('religion_NOUN', '75_NUM', 'mister_NOUN')",1
49044,"('phone_NOUN', 'Ahoy_ADJ', 'hoy_NOUN')",1
49046,"('hoy_NOUN', '76_NUM', 'comic_ADJ')",1
48921,"('minute_NOUN', '69_NUM', 'Smither_NOUN')",1
48958,"('child_NOUN', 'believe_VERB', 'anything_NOUN')",1
48937,"('Barney_NOUN', 'Aaah_ADV', 'natural_ADJ')",1
48311,"('kid_NOUN', 'never_ADV', 'learn_ADJ')",1
48389,"('’t_NOUN', 'need_VERB', 'companionship_NOUN')",1
48411,"('use_NOUN', '41_NUM', 'Troy_ADJ')",1
48386,"('Homer_NOUN', 'old_ADJ', 'people_NOUN')",1
48384,"('crackpot_NOUN', '40_NUM', 'Homer_NOUN')",1
48360,"('Duffman_NOUN', 'Duffman_DET', 'can’t_NOUN')",1
48413,"('Troy_ADJ', 'McClure_NOUN', 'Hi_ADJ')",1
48235,"('urn_NOUN', 'Boo_PROPN', 'urn_NOUN')",1
48272,"('life_NOUN', '’s_ADP', 'problem_NOUN')",1
48570,"('closet_NOUN', 'make_VERB', 'baby_NOUN')",1
48529,"('business_NOUN', '46_NUM', 'Kent_ADJ')",1
48616,"('many_ADJ', 'fat_ADJ', 'child_NOUN')",1
48597,"('’t_ADJ', 'win_VERB', 'friend_NOUN')",1
48601,"('salad_NOUN', '50_NUM', 'mister_NOUN')",1
48444,"('refrigerator_NOUN', 'six_NUM', 'foot_NOUN')",1
48447,"('tall_NOUN', '300_NUM', 'pound_NOUN')",1
48425,"('self_NOUN', 'help_NOUN', 'tape_NOUN')",1
48512,"('sweet_ADJ', 'family_NOUN', 'religion_NOUN')",1
48513,"('family_NOUN', 'religion_NOUN', 'friendship_NOUN')",1
45890,"('-right_NOUN', 'lise_VERB', 'uh_ADJ')",1
45969,"('virgin_NOUN', 'Achm_VERB', 'Holy_ADJ')",1
45800,"('air_NOUN', 'wait_NOUN', 'wait_NOUN')",1
45864,"('gas_NOUN', 'Achm_NOUN', 'Sudan_NOUN')",1
45866,"('Sudan_NOUN', ""'s_PART"", 'Mustard_NOUN')",1
46228,"('suicide_ADJ', 'bomber_NOUN', 'training_NOUN')",1
46229,"('bomber_NOUN', 'training_NOUN', 'camp_NOUN')",1
46035,"('Lindsey_ADJ', 'Lohan_PROPN', 'hahum_NOUN')",1
45438,"('blond_ADJ', 'bimbo_NOUN', 'girl_NOUN')",1
45442,"('fantasy_ADJ', 'world_NOUN', 'Dress_NOUN')",1
45385,"('mamma_NOUN', 'say_VERB', 'Hi_ADJ')",1
45379,"('multiverse_NOUN', 'Circl_VERB', 'electron_NOUN')",1
45381,"('electron_NOUN', 'soul_PROPN', 'vibration_NOUN')",1
45520,"('knee_NOUN', 'come_DET', 'jump_NOUN')",1
45455,"('doll_NOUN', 'rock_VERB', ""'n_ADJ"")",1
45172,"('night_NOUN', 'I_PRON', 'wannon_NOUN')",1
45326,"('multiverse_NOUN', 'Circl_VERB', 'proton_NOUN')",1
45328,"('proton_NOUN', 'soul_PROPN', 'vibration_NOUN')",1
45566,"('Terrorist_NOUN', 'Jeff_ADV', 'good_NOUN')",1
45568,"('good_NOUN', 'even_VERB', 'achmed_ADJ')",1
45533,"('town_NOUN', 'fool_ADJ', 'around_NOUN')",1
45534,"('fool_ADJ', 'around_NOUN', 'let_NOUN')",1
45591,"('terrifying_NOUN', 'Terrorist_ADJ', 'Achm_NOUN')",1
46890,"('fair_ADJ', 'news_NOUN', 'reporting_NOUN')",1
46892,"('reporting_NOUN', 'us_DET', 'father_NOUN')",1
46870,"('call_NOUN', ""'_PART"", 'belief_NOUN')",1
46953,"('glory_ADJ', 'forever_NOUN', 'Aman_NOUN')",1
46795,"('union_NOUN', 'militant_ADJ', 'stance_NOUN')",1
46756,"('news_NOUN', 'organization_NOUN', 'Coalition_NOUN')",1
46757,"('organization_NOUN', 'Coalition_NOUN', 'force_NOUN')",1
46759,"('force_NOUN', 'pursue_VERB', 'militant_NOUN')",1
46833,"('change_NOUN', 'Militant_ADJ', 'trade_NOUN')",1
46834,"('Militant_ADJ', 'trade_NOUN', 'unionist_NOUN')",1
46836,"('unionist_NOUN', 'fay_AUX', 'hard_ADJ')",1
46840,"('better_ADJ', 'wage_NOUN', 'Militant_ADJ')",1
46841,"('wage_NOUN', 'Militant_ADJ', 'feminist_NOUN')",1
47111,"('law_NOUN', 'human_ADJ', 'right_NOUN')",1
47181,"('news_NOUN', 'include_ADP', 'freedom_NOUN')",1
47008,"('soul_NOUN', 'rather_ADV', 'fear_ADJ')",1
47024,"('phrase_NOUN', 'human_ADJ', 'right_NOUN')",1
46374,"('cellphone_NOUN', 'Jeff_ADV', 'yeum_NOUN')",1
46263,"('location_NOUN', 'location_NOUN', 'location_NOUN')",1
46328,"('horrible_ADJ', 'suicide_NOUN', 'bomber_NOUN')",1
46710,"('action_NOUN', 'even_ADV', 'violence_NOUN')",1
46736,"('southern_ADJ', 'Thailand_PROPN', 'activist_NOUN')",1
51750,"('year_NOUN', 'old_ADJ', 'bald_NOUN')",1
51752,"('bald_NOUN', 'head_VERB', 'fag_ADJ')",1
51763,"('old_ADJ', 'let_PROPN', 'go_NOUN')",1
51784,"('whole_ADJ', 'list_NOUN', 'full_NOUN')",1
51675,"('nest_ADJ', 'Test_NOUN', 'attention_NOUN')",1
51676,"('Test_NOUN', 'attention_NOUN', 'please_NOUN')",1
51242,"('spot_NOUN', 'another_DET', 'day_NOUN')",1
51216,"('teeter_ADJ', 'totter_NOUN', 'catch_NOUN')",1
51282,"('trailer_NOUN', ""'s_PART"", 'got_NOUN')",1
51272,"('motherfuckin_ADJ', 'option_NOUN', 'failure_NOUN')",1
51214,"('seed_NOUN', 'plus_ADP', 'teeter_ADJ')",1
51176,"('family_NOUN', 'cause_NOUN', 'man_NOUN')",1
51181,"('damn_ADJ', 'food_NOUN', 'stamp_NOUN')",1
51324,"('man_NOUN', 'two_NUM', 'trailer_NOUN')",1
51334,"('outside_NOUN', 'two_NUM', 'trailer_NOUN')",1
51454,"('husband_NOUN', 'heart_NOUN', 'problem_NOUN')",1
51566,"('feel_NOUN', 'like_ADP', 'prison_NOUN')",1
51552,"('little_ADJ', 'hellion_NOUN', 'kid_NOUN')",1
51554,"('kid_NOUN', 'feel_VERB', 'rebellious_ADJ')",1
51449,"('job_NOUN', 'Ms_NOUN', 'Cheney_NOUN')",1
52067,"('kitchen_ADJ', 'Like_NOUN', 'simmon_NOUN')",1
52069,"('simmon_NOUN', 'whippe_VERB', 'pastry_NOUN')",1
52794,"('handout_NOUN', 'course_ADJ', 'information_NOUN')",1
52606,"('Osgood_NOUN', 'Circulating_VERB', 'around_NOUN')",1
52584,"('sure_ADJ', 'everybody_ADJ', 'know_NOUN')",1
52625,"('class_NOUN', 'course_ADJ', 'information_NOUN')",1
52633,"('basic_ADJ', 'bookkeepe_NOUN', 'item_NOUN')",1
52558,"('development_NOUN', 'Instructor_NOUN', 'Brad_ADJ')",1
53037,"('gonnon_NOUN', 'derive_ADJ', 'thing_NOUN')",1
53048,"('lecture_NOUN', 'us_DET', 'time_NOUN')",1
53013,"('schedule_NOUN', 'basically_ADV', 'outline_NOUN')",1
53022,"('gonnon_NOUN', 'wannon_ADP', 'skip_NOUN')",1
52855,"('e_ADJ', 'class_NOUN', 'http_NOUN')",1
52559,"('Instructor_NOUN', 'Brad_ADJ', 'Osgood_NOUN')",1
52557,"('professional_ADJ', 'development_NOUN', 'Instructor_NOUN')",1
52259,"('hop_NOUN', 'yellow_VERB', 'cab_NOUN')",1
52261,"('cab_NOUN', 'gypsy_ADJ', 'cab_NOUN')",1
52262,"('gypsy_ADJ', 'cab_NOUN', 'dollar_ADJ')",1
52263,"('cab_NOUN', 'dollar_ADJ', 'cab_NOUN')",1
52323,"('dice_NOUN', 'cee_NUM', 'lo_NOUN')",1
52117,"('Still_ADJ', 'sippe_NOUN', 'mai_NOUN')",1
52325,"('lo_NOUN', '3_NUM', 'card_NOUN')",1
52487,"('life_NOUN', 'Ball_PROPN', 'player_NOUN')",1
52489,"('player_NOUN', 'rap_ADP', 'star_NOUN')",1
52495,"('limelight_NOUN', 'MDMA_DET', 'get_NOUN')",1
52539,"('everybody_NOUN', 'say_VERB', 'yeaaahh_ADJ')",1
52521,"('city_NOUN', 'street_PROPN', 'light_NOUN')",1
52523,"('light_NOUN', 'big_ADJ', 'dream_NOUN')",1
52343,"('world_NOUN', 'trade_NOUN', 'long_ADJ')",1
52431,"('whim_NOUN', 'good_PROPN', 'girl_NOUN')",1
52416,"('cold_ADJ', 'en_VERB', 'vogue_NOUN')",1
52414,"('winter_ADJ', 'get_NOUN', 'cold_ADJ')",1
49911,"('many_ADJ', 'different_ADJ', 'world_NOUN')",1
49914,"('many_ADJ', 'different_ADJ', 'sun_NOUN')",1
49980,"('alley_NOUN', 'creeper_ADP', 'light_NOUN')",1
49830,"('mist_NOUN', 'covered_VERB', 'mountain_NOUN')",1
49887,"('battle_NOUN', 'rage_VERB', 'higher_ADJ')",1
49243,"('solution_NOUN', '90_NUM', 'comic_ADJ')",1
49250,"('left_ADJ', 'I_PRON', '’m_NOUN')",1
49230,"('Inflammable_ADJ', 'mean_NOUN', 'flammable_ADJ')",1
49261,"('condition_NOUN', '91_NUM', 'Nelson_NOUN')",1
49207,"('purpose_NOUN', 'sick_VERB', 'kid_NOUN')",1
49274,"('dark_NOUN', '92_NUM', 'Krusty_NOUN')",1
49111,"('check_NOUN', '81_NUM', 'Principal_ADJ')",1
49113,"('Principal_ADJ', 'Skinner_NOUN', 'fire_NOUN')",1
49179,"('damage_NOUN', '86_NUM', 'Krusty_NOUN')",1
49162,"('sucker_NOUN', '84_NUM', 'comic_ADJ')",1
49468,"('church_NOUN', 'Captain_VERB', 'Whatshisnome_NOUN')",1
49506,"('effect_NOUN', 'make_VERB', 'sound_ADJ')",1
50751,"('mom_NOUN', ""'s_PART"", 'spaghetti_NOUN')",1
50749,"('sweater_NOUN', 'already_ADV', 'mom_NOUN')",1
50738,"('sweaty_NOUN', 'knee_VERB', 'weak_ADJ')",1
50803,"('clock_NOUN', ""'s_PART"", 'run_NOUN')",1
50634,"('real_ADJ', 'close_ADJ', 'Doe_NOUN')",1
50888,"('whole_ADJ', 'rap_NOUN', 'shit_NOUN')",1
50967,"('new_ADJ', 'world_NOUN', 'order_NOUN')",1
50969,"('order_NOUN', 'à_ADP', 'norm_ADJ')",1
50976,"('superstardom_NOUN', ""'s_PART"", 'close_NOUN')",1
50229,"('heart_NOUN', 'attack_NOUN', 'Thursday_NOUN')",1
50199,"('heart_NOUN', 'Thursday_NOUN', 'doesnt_NOUN')",1
50291,"('shriek_NOUN', 'spinning_PROPN', 'round_NOUN')",1
50044,"('game_NOUN', 'plan_NOUN', 'gottum_NOUN')",1
50037,"('gather_NOUN', 'round_NOUN', 'I_ADJ')",1
50038,"('round_NOUN', 'I_ADJ', 'gottum_NOUN')",1
50102,"('life_NOUN', 'time_NOUN', 'people_NOUN')",1
50526,"('window_NOUN', ""'s_PART"", 'eye_NOUN')",1
50340,"('city_NOUN', ""'s_PART"", 'backside_NOUN')",1
31942,"('approach_NOUN', 'allow_VERB', 'insurance_NOUN')",1
10989,"('king_NOUN', ""'s_PART"", 'life_NOUN')",1
11008,"('nothing_NOUN', 'weak_ADJ', 'nothing_NOUN')",1
11009,"('weak_ADJ', 'nothing_NOUN', 'passive_NOUN')",1
10798,"('secessionist_ADJ', 'movement_NOUN', 'insurgency_NOUN')",1
10778,"('scale_NOUN', 'moreover_ADV', 'war_NOUN')",1
10785,"('war_NOUN', 'within_ADP', 'nation_NOUN')",1
10869,"('vision_NOUN', 'hard_ADJ', 'work_NOUN')",1
10839,"('refugee_NOUN', 'amass_VERB', 'child_NOUN')",1
11180,"('post_NOUN', 'world_NOUN', 'war_NOUN')",1
11181,"('war_NOUN', 'second_ADJ', 'world_NOUN')",1
11183,"('world_NOUN', 'whatever_DET', 'mistake_NOUN')",1
11154,"('world_NOUN', ""'s_PART"", 'sole_ADJ')",1
11156,"('sole_ADJ', 'military_ADJ', 'superpower_NOUN')",1
10458,"('different_ADJ', 'God_NOUN', 'war_NOUN')",1
10515,"('Axis_ADJ', 'power_NOUN', 'world_NOUN')",1
10516,"('power_NOUN', 'world_NOUN', 'war_NOUN')",1
10462,"('army_NOUN', 'give_VERB', 'way_NOUN')",1
10468,"('nation_NOUN', 'total_ADJ', 'war_NOUN')",1
10478,"('civilian_ADJ', 'became_VERB', 'blur_ADJ')",1
10319,"('fact_NOUN', 'like_ADP', 'druy_NOUN')",1
10331,"('civilization_NOUN', 'seek_VERB', 'power_NOUN')",1
10348,"('violence_NOUN', 'within_ADP', 'group_NOUN')",1
10679,"('self_ADJ', 'determination_NOUN', 'equality_NOUN')",1
10648,"('Third_ADJ', 'world_NOUN', 'war_NOUN')",1
10666,"('world_NOUN', 'together_ADV', 'Billion_NOUN')",1
10561,"('world_NOUN', 'neede_VERB', 'institution_NOUN')",1
10620,"('right_NOUN', 'prevent_VERB', 'genocide_NOUN')",1
11269,"('enlightened_ADJ', 'self_ADJ', 'interest_NOUN')",1
12257,"('last_ADJ', 'century_NOUN', 'nation_NOUN')",1
12215,"('real_ADJ', 'price_NOUN', 'Intransigence_NOUN')",1
11498,"('standard_NOUN', 'international_ADJ', 'standard_NOUN')",1
11330,"('war_NOUN', 'promize_VERB', 'human_ADJ')",1
11335,"('soldier_NOUN', ""'s_PART"", 'courage_NOUN')",1
11343,"('glory_NOUN', 'express_VERB', 'devotion_NOUN')",1
11689,"('war_NOUN', 'Inaction_NOUN', 'tear_NOUN')",1
11658,"('war_NOUN', 'whose_PRON', 'violence_NOUN')",1
11597,"('action_NOUN', 'appear_VERB', 'arbitrary_ADJ')",1
8949,"('unit_NOUN', 'create_VERB', 'diversion_NOUN')",1
9067,"('parent_NOUN', '’s_ADP', 'home_NOUN')",1
8318,"('whole_ADJ', 'truth_NOUN', 'versus_ADJ')",1
8319,"('truth_NOUN', 'versus_ADJ', 'hype_NOUN')",1
8693,"('rocket_NOUN', 'propel_VERB', 'grenake_NOUN')",1
8706,"('unit_NOUN', 'three_NUM', 'people_NOUN')",1
8536,"('5-ton_ADJ', 'water_NOUN', 'buffalo_NOUN')",1
8537,"('water_NOUN', 'buffalo_NOUN', 'truck_NOUN')",1
8539,"('truck_NOUN', 'us_DET', 'unit_NOUN')",1
10011,"('fate_NOUN', 'us_DET', 'action_NOUN')",1
9960,"('Majesties_NOUN', 'You_DET', 'royal_ADJ')",1
9963,"('Highness_NOUN', 'distinguish_VERB', 'member_NOUN')",1
9967,"('Norwegian_ADJ', 'Nobel_ADJ', 'committee_NOUN')",1
9968,"('Nobel_ADJ', 'committee_NOUN', 'citizen_NOUN')",1
9777,"('kept_ADJ', 'secret_NOUN', 'leave_NOUN')",1
9785,"('governor_NOUN', ""'s_PART"", 'office_NOUN')",1
9790,"('rumor_NOUN', 'false_VERB', 'allegation_NOUN')",1
9477,"('quote_NOUN', 'good_ADJ', 'thing_NOUN')",1
9482,"('quote_NOUN', 'right_ADJ', 'thing_NOUN')",1
9381,"('extraordinary_ADJ', 'daughter_NOUN', 'Kari_ADJ')",1
9290,"('truth_NOUN', 'many_DET', 'soldier_NOUN')",1
9292,"('soldier_NOUN', 'like_ADP', 'Pat_ADJ')",1
9380,"('wonderful_NOUN', 'extraordinary_ADJ', 'daughter_NOUN')",1
9717,"('adult_ADJ', 'consensual_ADJ', 'affair_NOUN')",1
9584,"('person_NOUN', ""'s_PART"", 'life_NOUN')",1
14804,"('church_NOUN', ""'s_PART"", 'belief_NOUN')",1
14758,"('convenience_NOUN', 'Americans_ADP', 'tire_NOUN')",1
14864,"('presidential_ADJ', 'candidate_NOUN', 'describe_NOUN')",1
14870,"('church_NOUN', ""'s_PART"", 'distinctive_ADJ')",1
14839,"('tolerance_NOUN', 'religious_ADJ', 'tolerance_NOUN')",1
15066,"('great_ADJ', 'moral_ADJ', 'principles_NOUN')",1
15020,"('life_NOUN', ""'s_PART"", 'blessing_NOUN')",1
14399,"('candidate_NOUN', ""'s_PART"", 'religion_NOUN')",1
14275,"('nation_NOUN', ""'s_PART"", 'founder_NOUN')",1
14349,"('religion_NOUN', 'require_VERB', 'freedo_NOUN')",1
14334,"('religion_NOUN', 'us_DET', 'Constitution_NOUN')",1
14747,"('American_ADJ', 'people_NOUN', 'Americans_NOUN')",1
15886,"('self_ADJ', 'evident_ADJ', 'truth_NOUN')",1
15777,"('path_NOUN', 'us_DET', 'nation_NOUN')",1
15778,"('nation_NOUN', ""'s_PART"", 'forbearer_NOUN')",1
15760,"('today_NOUN', ""'s_PART"", 'generation_NOUN')",1
16051,"('conquest_NOUN', 'violent_ADJ', 'jihad_NOUN')",1
16052,"('violent_ADJ', 'jihad_NOUN', 'murder_NOUN')",1
15429,"('revolutionary_ADJ', 'politic_ADJ', 'proposition_NOUN')",1
15390,"('different_ADJ', 'faith_NOUN', 'moot_NOUN')",1
15477,"('Americans_NOUN', 'every_DET', 'day_NOUN')",1
15484,"('globe_NOUN', 'without_ADP', 'regard_NOUN')",1
15492,"('nationality_NOUN', 'Americans_ADP', 'acknowledge_NOUN')",1
15461,"('fellow_NOUN', 'Americans_ADP', 'foremost_NOUN')",1
15374,"('great_ADJ', 'moral_ADJ', 'inheritance_NOUN')",1
15262,"('holiday_NOUN', 'season_NOUN', 'nativity_NOUN')",1
15263,"('season_NOUN', 'nativity_NOUN', 'scene_NOUN')",1
15274,"('place_NOUN', 'us_DET', 'greatness_NOUN')",1
15662,"('national_ADJ', 'volunteer_NOUN', 'movement_NOUN')",1
15669,"('Lord_NOUN', ""'s_PART"", 'word_NOUN')",1
15642,"('parent_NOUN', 'provide_VERB', 'compassionate_ADJ')",1
15735,"('aspiration_NOUN', 'us_DET', 'value_NOUN')",1
15551,"('century_NOUN', ""'s_PART"", 'terrible_ADJ')",1
15606,"('great_ADJ', 'moral_ADJ', 'heritage_NOUN')",1
12909,"('revolution_NOUN', ""'s_PART"", 'horror_NOUN')",1
12946,"('Poland_NOUN', 'created_VERB', 'space_NOUN')",1
12875,"('condemnation_NOUN', 'without_ADP', 'discussion_NOUN')",1
12872,"('sanction_NOUN', 'without_ADP', 'outreach_NOUN')",1
13205,"('agreement_NOUN', 'among_ADP', 'nation_NOUN')",1
13207,"('nation_NOUN', 'strong_ADP', 'institution_NOUN')",1
13212,"('human_ADJ', 'right_NOUN', 'investment_NOUN')",1
13054,"('root_NOUN', 'without_ADP', 'security_NOUN')",1
13034,"('true_NOUN', 'true_NOUN', 'peace_NOUN')",1
12520,"('second_ADJ', 'world_NOUN', 'war_NOUN')",1
12698,"('citizen_NOUN', 'No_DET', 'matter_NOUN')",1
12643,"('assemble_ADJ', 'without_ADP', 'fear_NOUN')",1
12566,"('western_ADJ', 'principles_NOUN', 'foreign_ADJ')",1
12575,"('nation_NOUN', ""'s_PART"", 'development_NOUN')",1
13900,"('child_NOUN', ""'s_PART"", 'dream_NOUN')",1
13793,"('eternal_NOUN', ""'_PART"", 'oughtness_NOUN')",1
14179,"('government_NOUN', 'overspending_NOUN', 'overuse_NOUN')",1
14156,"('challenge_NOUN', 'Radical_ADJ', 'violent_NOUN')",1
14222,"('greatness_NOUN', 'us_DET', 'religious_ADJ')",1
14053,"('peril_NOUN', 'Americans_ADJ', 'rise_NOUN')",1
14123,"('generation_NOUN', ""'s_PART"", 'turn_NOUN')",1
14076,"('debt_NOUN', 'mister_NOUN', 'president_NOUN')",1
13270,"('world_NOUN', 'grow_VERB', 'smaller_ADJ')",1
13735,"('compass_NOUN', 'like_ADP', 'generation_NOUN')",1
13505,"(""'s_NOUN"", 'sic_ADJ', 'faith_NOUN')",1
2652,"('mind_NOUN', 'mister_NOUN', 'president_NOUN')",1
2763,"('family_NOUN', 'us_DET', 'community_NOUN')",1
2765,"('community_NOUN', 'us_DET', 'nation_NOUN')",1
2767,"('nation_NOUN', 'us_DET', 'God_NOUN')",1
3072,"('world_NOUN', ""'s_PART"", 'poorest_NOUN')",1
3138,"('Lord_NOUN', ""'s_PART"", 'favor_NOUN')",1
3083,"('lord_NOUN', ""'s_PART"", 'call_NOUN')",1
3096,"('Irish_ADJ', 'half_ADJ', 'Catholic_NOUN')",1
3098,"('Catholic_NOUN', ""'s_PART"", 'point_NOUN')",1
2952,"('second_ADJ', 'hand_NOUN', 'car_NOUN')",1
2958,"('Tfifth_ADJ', 'cable_ADJ', 'channel_NOUN')",1
2916,"('religion_NOUN', 'often_ADV', 'get_NOUN')",1
2960,"('channel_NOUN', 'offer_VERB', 'indulgence_NOUN')",1
2343,"('one_NOUN', 'black_PROPN', 'history_NOUN')",1
2354,"('nation_NOUN', ""'s_PART"", 'people_NOUN')",1
2361,"('unique_NOUN', 'productive_ADJ', 'role_NOUN')",1
2126,"('black_ADJ', 'history_NOUN', 'recognition_NOUN')",1
2217,"('great_ADJ', 'American_ADJ', 'culture_NOUN')",1
2410,"('unique_ADJ', 'black_NOUN', 'past_NOUN')",1
2455,"('president_NOUN', 'first_ADJ', 'lady_NOUN')",1
3667,"('Judaism_NOUN', 'check_VERB', 'Islam_NOUN')",1
3637,"('global_ADJ', 'health_NOUN', 'government_NOUN')",1
3638,"('health_NOUN', 'government_NOUN', 'listened_ADJ')",1
3735,"('poor_ADJ', 'play_NOUN', 'house_NOUN')",1
4028,"('malaria_NOUN', 'Outstand_VERB', 'human_ADJ')",1
4030,"('human_ADJ', 'achievement_NOUN', 'Counterintuitive_NOUN')",1
4122,"('charity_NOUN', 'Americans_NOUN', 'Irish_ADJ')",1
4123,"('Americans_NOUN', 'Irish_ADJ', 'people_NOUN')",1
4080,"('higher_ADJ', 'level_NOUN', 'higher_ADJ')",1
4081,"('level_NOUN', 'higher_ADJ', 'calling_NOUN')",1
4014,"('life_NOUN', 'save_VERB', 'anti-retroviral_ADJ')",1
3938,"('world_NOUN', '’s_ADP', 'poor_NOUN')",1
4012,"('people_NOUN', 'onto_ADP', 'life_NOUN')",1
3281,"('Lord_NOUN', '’s_DET', 'favor_NOUN')",1
3162,"('brother_NOUN', 'become_VERB', 'poor_NOUN')",1
3240,"('much_ADJ', 'public_ADJ', 'speaking_NOUN')",1
3218,"('impress_ADJ', 'everybody_NOUN', 'people_NOUN')",1
3551,"('AIDS_NOUN', 'see_ADV', 'miracle_NOUN')",1
3532,"('conservative_ADJ', 'church_NOUN', 'group_NOUN')",1
3573,"('move_NOUN', 'crazy_ADV', 'crazy_ADJ')",1
3610,"('church_NOUN', 'start_VERB', 'demonstrat_NOUN')",1
3614,"('debt_NOUN', 'government_NOUN', 'listen_ADJ')",1
3576,"('stuff_NOUN', 'happen_VERB', 'Pope_NOUN')",1
3511,"('move_NOUN', 'move_VERB', 'people_NOUN')",1
3490,"('church_NOUN', 'get_PART', 'busy_NOUN')",1
878,"('character_NOUN', 'base_VERB', 'acceptance_NOUN')",1
103,"('star_ADJ', 'spangled_NOUN', 'Banner_NOUN')",1
88,"('great_NOUN', 'wonderful_ADJ', 'young_ADJ')",1
89,"('wonderful_ADJ', 'young_ADJ', 'singer_NOUN')",1
513,"('landmark_NOUN', 'Brown_ADP', 'fifth_ADJ')",1
340,"('coward_NOUN', 'though_SCONJ', 'race_NOUN')",1
342,"('race_NOUN', 'related_ADJ', 'issue_NOUN')",1
359,"('many_ADJ', 'unresolved_ADJ', 'racial_ADJ')",1
315,"('ethnic_ADJ', 'melting_NOUN', 'pot_NOUN')",1
360,"('unresolved_ADJ', 'racial_ADJ', 'issue_NOUN')",1
393,"('nation_NOUN', '’s_ADP', 'history_NOUN')",1
1771,"('past_NOUN', 'us_DET', 'present_NOUN')",1
1810,"('society_NOUN', 'black_PROPN', 'history_NOUN')",1
1790,"('unaddressed_ADJ', 'social_ADJ', 'problem_NOUN')",1
1625,"('African_ADJ', 'American_ADJ', 'equality_NOUN')",1
1644,"('black_NOUN', 'equality_NOUN', 'came_NOUN')",1
1595,"('twentieth_ADJ', 'century_NOUN', 'feminism_NOUN')",1
1599,"('nation_NOUN', ""'s_PART"", 'treatment_NOUN')",1
1645,"('equality_NOUN', 'came_NOUN', 'first_ADJ')",1
2027,"('Americans_NOUN', 'become_VERB', 'commonplace_NOUN')",1
2032,"('time_NOUN', 'black_ADJ', 'history_NOUN')",1
2038,"('important_ADJ', 'vital_ADJ', 'concept_NOUN')",1
2084,"('‘true_NOUN', 'American_ADJ', 'history_NOUN')",1
2076,"('novelty_NOUN', 'relatively_ADV', 'unimportant_ADJ')",1
1893,"('country_NOUN', 'black_PROPN', 'history_NOUN')",1
1916,"('former_ADJ', 'American_ADJ', 'history_NOUN')",1
1917,"('American_ADJ', 'history_NOUN', 'major_NOUN')",1
1940,"('law_NOUN', 'culture_NOUN', 'science_NOUN')",1
1941,"('culture_NOUN', 'science_NOUN', 'athletic_NOUN')",1
1942,"('science_NOUN', 'athletic_NOUN', 'industry_NOUN')",1
1588,"('major_ADJ', 'social_ADJ', 'movement_NOUN')",1
1218,"('powerful_NOUN', 'positive_ADJ', 'force_NOUN')",1
1098,"('interest_NOUN', 'us_DET', 'history_NOUN')",1
1140,"('easy_ADJ', 'quick_ADJ', 'solution_NOUN')",1
1188,"('significant_ADJ', 'demographic_ADJ', 'changes_NOUN')",1
1161,"('race_NOUN', 'protect_VERB', 'cocoon_NOUN')",1
1508,"('public_ADJ', 'facility_NOUN', 'separate_ADJ')",1
1509,"('facility_NOUN', 'separate_ADJ', 'entrance_NOUN')",1
1510,"('separate_ADJ', 'entrance_NOUN', 'poll_ADJ')",1
1511,"('entrance_NOUN', 'poll_ADJ', 'tax_NOUN')",1
1512,"('poll_ADJ', 'tax_NOUN', 'legal_ADJ')",1
1513,"('tax_NOUN', 'legal_ADJ', 'discrimination_NOUN')",1
1515,"('discrimination_NOUN', 'force_VERB', 'labor_NOUN')",1
1563,"('governor_NOUN', 'George_PROPN', 'Wallace_NOUN')",1
1561,"('state_NOUN', '’s_ADP', 'governor_NOUN')",1
1536,"('state_NOUN', '’s_DET', 'taxpayer_NOUN')",1
1538,"('taxpayer_NOUN', 'support_VERB', 'college_NOUN')",1
1377,"('nineteenth_ADJ', 'century_NOUN', 'revolve_NOUN')",1
1457,"('fundamental_ADJ', 'way_NOUN', 'American_NOUN')",1
1427,"('dominant_ADJ', 'domestic_ADJ', 'issue_NOUN')",1
6853,"('past_ADJ', '33_NUM', 'year_NOUN')",1
6861,"('mirror_NOUN', 'every_DET', 'morning_NOUN')",1
7065,"('doctor_NOUN', ""'s_PART"", 'code_NOUN')",1
6380,"('entire_ADJ', 'adult_ADJ', 'life_NOUN')",1
6240,"('parent_NOUN', ""'_PART"", 'garage_NOUN')",1
6595,"('successful_ADJ', 'animation_NOUN', 'studio_NOUN')",1
6656,"('awful_ADJ', 'tasting_ADJ', 'medicine_NOUN')",1
6667,"('life_NOUN', 'sometimes_PROPN', 'life_NOUN')",1
6581,"('world_NOUN', ""'s_PART"", 'first_ADJ')",1
6584,"('computer_NOUN', 'animate_VERB', 'feature_NOUN')",1
7921,"('love_NOUN', 'I_PRON', 'promize_NOUN')",1
8171,"('beautiful_ADJ', 'memorial_ADJ', 'service_NOUN')",1
8040,"('world_NOUN', 'us_DET', 'deepest_ADJ')",1
8101,"('restraint_NOUN', 'us_DET', 'country_NOUN')",1
7361,"('else_ADJ', ""'s_PART"", 'life_NOUN')",1
7296,"('single_ADJ', 'best_ADJ', 'invention_NOUN')",1
7303,"('life_NOUN', ""'s_PART"", 'change_NOUN')",1
7509,"('great_ADJ', 'notion_NOUN', 'Stewart_NOUN')",1
7494,"('form_NOUN', '35_NUM', 'year_NOUN')",1
7557,"('early_ADJ', 'morning_NOUN', 'country_NOUN')",1
7576,"('word_NOUN', 'stay_ADJ', 'hungry_NOUN')",1
7558,"('morning_NOUN', 'country_NOUN', 'road_NOUN')",1
5147,"('mister_NOUN', 'president_NOUN', 'congress_NOUN')",1
5145,"('federal_ADJ', 'budget_NOUN', 'mister_NOUN')",1
5148,"('president_NOUN', 'congress_NOUN', 'people_NOUN')",1
5124,"('entire_ADJ', 'American_ADJ', 'family_NOUN')",1
4966,"('countless_NOUN', 'way_NOUN', 'big_ADJ')",1
4976,"('lord_NOUN', '’s_DET', 'blessing_NOUN')",1
4284,"('misnomer_NOUN', '“mother_DET', 'nature_NOUN')",1
4293,"('lost_ADJ', 'every_DET', 'month_NOUN')",1
4297,"('tsunami_NOUN', 'every_DET', 'month_NOUN')",1
4342,"('jewish_ADJ', 'sheep_ADJ', 'herder_NOUN')",1
4358,"('goe_NOUN', '“Equal_PROPN', 'equal_ADJ')",1
4183,"('half_ADJ', 'thousand_NOUN', 'Africans_NOUN')",1
4192,"('preventable_ADJ', 'treatable_ADJ', 'disease_NOUN')",1
4566,"('issue_NOUN', 'Withhold_VERB', 'life_NOUN')",1
4568,"('life_NOUN', 'save_VERB', 'medicine_NOUN')",1
4552,"('issue_NOUN', 'Hold_VERB', 'child_NOUN')",1
4405,"('black_NOUN', 'I_PRON', 'mean_NOUN')",1
5851,"('friend_NOUN', ""'_PART"", 'room_NOUN')",1
5935,"('campus_NOUN', 'every_DET', 'poster_NOUN')",1
5937,"('poster_NOUN', 'every_DET', 'label_NOUN')",1
5918,"('example_NOUN', 'ree_VERB', 'college_NOUN')",1
5712,"('working_NOUN', '-class_NOUN', 'parent_NOUN')",1
5714,"('parent_NOUN', ""'_PART"", 'saving_NOUN')",1
6174,"('destiny_NOUN', 'life_NOUN', 'karma_NOUN')",1
6173,"('gut_NOUN', 'destiny_NOUN', 'life_NOUN')",1
5986,"('different_ADJ', 'letter_NOUN', 'combination_NOUN')",1
5998,"('historic_ADJ', 'artistically_ADV', 'subtle_ADJ')",1
5976,"('san_ADJ', 'serif_NOUN', 'typeface_NOUN')",1
6035,"('first_ADJ', 'Macintosh_ADJ', 'computer_NOUN')",1
5346,"('extra_NOUN', 'one_NUM', 'percent_NOUN')",1
5322,"('proven_NOUN', 'track_NOUN', 'record_NOUN')",1
5313,"('increased_ADJ', 'assistance_NOUN', 'flow_NOUN')",1
5393,"('time_NOUN', 'one_NUM', 'percent_NOUN')",1
5397,"('security_NOUN', 'one_NUM', 'percent_NOUN')",1
5401,"('economic_ADJ', 'self_ADJ', 'interest_NOUN')",1
5406,"('better_ADJ', 'safer_NOUN', 'world_NOUN')",1
5374,"('thousand_NOUN', 'indeed_ADV', 'million_NOUN')",1
5212,"('air_NOUN', 'one_NUM', 'percent_NOUN')",1
5167,"('effective_ADJ', 'foreign_ADJ', 'assistance_NOUN')",1
5180,"('additional_ADJ', 'one_NUM', 'percent_NOUN')",1
5247,"('family_NOUN', 'business_NOUN', 'thanks_NOUN')",1
5246,"('small_ADJ', 'family_NOUN', 'business_NOUN')",1
5254,"('palace_NOUN', 'one_NUM', 'percent_NOUN')",1
5663,"('final_ADJ', 'adoption_NOUN', 'paper_NOUN')",1
5626,"('unexpect_ADJ', 'baby_NOUN', 'boy_NOUN')",1
5422,"('compromise_NOUN', 'one_NUM', 'percent_NOUN')",1
5544,"('young_ADJ', 'unw_ADJ', 'graduate_NOUN')",1
5545,"('unw_ADJ', 'graduate_NOUN', 'student_NOUN')",1
5507,"('first_ADJ', 'six_NUM', 'month_NOUN')",1
26700,"('else_ADJ', ""'s_PART"", 'faith_NOUN')",1
26679,"('many_ADJ', 'different_ADJ', 'way_NOUN')",1
27010,"('Musle_ADJ', 'majority_NOUN', 'country_NOUN')",1
26917,"('woman_ADJ', ""'s_PART"", 'right_NOUN')",1
26210,"('peaceful_ADJ', 'nuclear_NOUN', 'power_NOUN')",1
26316,"('nation_NOUN', 'give_VERB', 'life_NOUN')",1
26152,"('nuclear_ADJ', 'arm_ADJ', 'race_NOUN')",1
26457,"('law_ADJ', 'abid_ADJ', 'voice_NOUN')",1
26439,"('secure_NOUN', 'Suppresse_VERB', 'idea_NOUN')",1
27676,"('God_NOUN', ""'s_PART"", 'child_NOUN')",1
27552,"('job_NOUN', 'digitize_NOUN', 'record_NOUN')",1
27553,"('digitize_NOUN', 'record_NOUN', 'clean_ADJ')",1
27554,"('record_NOUN', 'clean_ADJ', 'water_NOUN')",1
27556,"('water_NOUN', 'grow_VERB', 'new_ADJ')",1
27565,"('new_ADJ', 'global_ADJ', 'effort_NOUN')",1
27606,"('government_NOUN', 'community_NOUN', 'organization_NOUN')",1
27607,"('community_NOUN', 'organization_NOUN', 'religious_ADJ')",1
27608,"('organization_NOUN', 'religious_ADJ', 'leader_NOUN')",1
27903,"('truth_NOUN', 'transcend_VERB', 'nation_NOUN')",1
27978,"('tell_NOUN', 'us_PRON', 'O_ADJ')",1
27199,"('choice_NOUN', 'us_DET', 'politics_NOUN')",1
27212,"('community_NOUN', 'us_DET', 'familie_NOUN')",1
27213,"('familie_NOUN', 'us_DET', 'tradition_NOUN')",1
27267,"('time_NOUN', 'Musle_PROPN', 'community_NOUN')",1
27047,"('son_NOUN', 'us_DET', 'common_ADJ')",1
27114,"('young_ADJ', 'women_ADJ', 'pursue_NOUN')",1
27115,"('women_ADJ', 'pursue_NOUN', 'employment_NOUN')",1
27429,"('new_ADJ', 'online_ADJ', 'network_NOUN')",1
27410,"('promising_ADJ', 'Muslim_ADJ', 'student_NOUN')",1
27479,"('business_NOUN', 'leader_NOUN', 'foundation_NOUN')",1
27341,"('many_ADJ', 'Musle_ADJ', 'community_NOUN')",1
24836,"('Iraq_NOUN', ""'s_PART"", 'sovereignty_NOUN')",1
24755,"('build_NOUN', 'international_ADJ', 'consensus_NOUN')",1
24761,"('problem_NOUN', 'whenever_SCONJ', 'possible_ADJ')",1
25030,"('second_ADJ', 'major_ADJ', 'source_NOUN')",1
25125,"('third_ADJ', 'reich_NOUN', 'six_NOUN')",1
24307,"('broad_ADJ', 'international_ADJ', 'support_NOUN')",1
24377,"('people_NOUN', 'claime_VERB', 'credit_NOUN')",1
24370,"('al_ADJ', 'Qaeda_PROPN', 'chat_NOUN')",1
24167,"('partnership_NOUN', 'us_DET', 'progress_NOUN')",1
24584,"('Holy_ADJ', 'Qu_NOUN', '’an_NOUN')",1
25135,"('entire_ADJ', 'jewish_ADJ', 'population_NOUN')",1
25661,"('construction_NOUN', 'violate_VERB', 'previous_ADJ')",1
25624,"('violence_NOUN', 'recognize_VERB', 'past_ADJ')",1
25722,"('West_ADJ', 'bank_NOUN', 'progress_NOUN')",1
25291,"('stalemate_NOUN', 'two_NUM', 'people_NOUN')",1
25274,"('legitimate_NOUN', 'Palestinian_ADJ', 'aspiration_NOUN')",1
25248,"('daily_ADJ', 'humiliation_NOUN', 'large_ADJ')",1
25218,"('dislocation_NOUN', 'many_DET', 'wait_NOUN')",1
25525,"('simple_ADJ', 'truth_NOUN', 'violence_NOUN')",1
25397,"('world_NOUN', ""'s_PART"", 'interest_NOUN')",1
25462,"('century_NOUN', 'black_ADJ', 'people_NOUN')",1
30575,"('economy_NOUN', 'last_ADJ', 'winter_NOUN')",1
30520,"('kid_NOUN', 'expand_VERB', 'opportunity_NOUN')",1
30584,"('month_NOUN', 'us_DET', 'financial_ADJ')",1
30599,"('Depression_NOUN', 'loom_VERB', 'large_ADJ')",1
30434,"('defense_NOUN', 'contract_VERB', 'reform_NOUN')",1
30451,"('nation_NOUN', ""'s_PART"", 'veteran_NOUN')",1
30403,"('doubt_NOUN', 'whatever_DET', 'division_NOUN')",1
30502,"('extending_ADJ', 'unemployment_NOUN', 'compensation_NOUN')",1
30462,"('VA_NOUN', ""'s_PART"", 'budget_NOUN')",1
30473,"('veteran_NOUN', ""'_PART"", 'health_NOUN')",1
30833,"('time_NOUN', 'last_ADJ', 'year_NOUN')",1
30810,"('latest_ADJ', 'GDP_PROPN', 'number_NOUN')",1
30839,"('positive_ADJ', 'job_NOUN', 'growth_NOUN')",1
30705,"('part_NOUN', '80_NUM', 'percent_NOUN')",1
30712,"('cut_NOUN', '80_NUM', 'percent_NOUN')",1
30671,"('new_ADJ', 'construction_NOUN', 'project_NOUN')",1
30715,"('infrastructure_NOUN', '80_NUM', 'percent_NOUN')",1
30049,"('idea_NOUN', 'get_VERB', 'toss_ADJ')",1
30336,"('example_NOUN', 'broad_ADJ', 'support_NOUN')",1
30349,"('al_ADJ', 'Qaeda_PROPN', 'safe_NOUN')",1
30356,"('Taliban_NOUN', ""'s_PART"", 'momentum_NOUN')",1
30362,"('Afghan_ADJ', 'security_NOUN', 'force_NOUN')",1
30249,"('politic_ADJ', 'steel_ADJ', 'cage_NOUN')",1
30250,"('steel_ADJ', 'cage_NOUN', 'match_NOUN')",1
31653,"('congressional_ADJ', 'earmark_NOUN', 'public_ADJ')",1
31552,"('long_ADJ', 'term_NOUN', 'died_NOUN')",1
31915,"('high_ADJ', 'risk_NOUN', 'pool_NOUN')",1
31815,"('coverage_ADJ', 'every_DET', 'single_ADJ')",1
31728,"('health_NOUN', 'care_NOUN', 'front_NOUN')",1
31737,"('health_NOUN', 'insurance_NOUN', 'system_NOUN')",1
31693,"('people_NOUN', ""'s_PART"", 'business_NOUN')",1
31711,"('health_NOUN', 'insurance_NOUN', 'reform_NOUN')",1
31077,"('new_ADJ', 'economic_ADJ', 'growth_NOUN')",1
31092,"('predictable_ADJ', 'Every_DET', 'economist_NOUN')",1
31152,"('new_ADJ', 'job_NOUN', 'tax_NOUN')",1
31153,"('job_NOUN', 'tax_NOUN', 'credit_NOUN')",1
31021,"('election_NOUN', 'us_DET', 'future_NOUN')",1
31032,"('politics_NOUN', 'us_DET', 'politics_NOUN')",1
30981,"('good_ADJ', 'poll_NOUN', 'number_NOUN')",1
31317,"('nation_NOUN', ""'s_PART"", 'largest_ADJ')",1
31328,"('taxpayer_NOUN', ""'_PART"", 'money_NOUN')",1
31417,"('major_ADJ', 'fiscal_ADJ', 'challenge_NOUN')",1
31396,"('company_NOUN', 'greater_ADJ', 'incentive_ADJ')",1
31390,"('American_ADJ', 'job_NOUN', 'oversea_NOUN')",1
31249,"('capital_NOUN', 'gain_ADP', 'tax_NOUN')",1
31252,"('small_ADJ', 'business_NOUN', 'investment_NOUN')",1
28651,"('family_NOUN', 'private_ADJ', 'first_ADJ')",1
28628,"('service_NOUN', 'diffuse_SCONJ', 'bomb_NOUN')",1
28714,"('post_NOUN', 'Traumatic_ADJ', 'stress_NOUN')",1
28945,"('soldier_NOUN', 'make_VERB', 'makeshift_ADJ')",1
28752,"('Puerto_NOUN', 'Rican_AUX', 'mother_ADJ')",1
28824,"('love_ADJ', 'husband_NOUN', 'private_ADJ')",1
28825,"('husband_NOUN', 'private_ADJ', 'first_ADJ')",1
28138,"('great_ADJ', 'American_ADJ', 'community_NOUN')",1
28222,"('life_NOUN', ""'s_PART"", 'work_NOUN')",1
28020,"('tell_NOUN', 'us_PRON', 'blessed_NOUN')",1
28018,"('Holy_ADJ', 'Bible_ADJ', 'tell_NOUN')",1
28066,"('secretary_NOUN', 'Mchugh_PROPN', 'secretary_NOUN')",1
28389,"('step_ADJ', 'daughter_NOUN', 'staff_NOUN')",1
28404,"('high_ADJ', 'school_NOUN', 'sweetheart_NOUN')",1
28411,"('light_NOUN', 'wheeled_VERB', 'mechanic_ADJ')",1
28415,"('satellite_ADJ', 'communication_NOUN', 'operator_NOUN')",1
28247,"('town_NOUN', 'every_DET', 'dawn_NOUN')",1
28259,"('american_ADJ', 'enjoy_VERB', 'life_NOUN')",1
28254,"('unfurled_ADJ', 'every_DET', 'moment_NOUN')",1
28311,"('physician_NOUN', ""'s_PART"", 'assistant_NOUN')",1
29593,"('troop_NOUN', ""'_ADP"", 'success_NOUN')",1
29551,"('women_NOUN', 'white_ADJ', 'black_NOUN')",1
29502,"('finest_ADJ', 'fight_VERB', 'force_NOUN')",1
28973,"('truck_NOUN', 'one_NUM', 'young_ADJ')",1
29250,"('harm_NOUN', '’s_ADP', 'way_NOUN')",1
18901,"('last_ADJ', 'best_ADJ', 'hope_NOUN')",1
18750,"('time_NOUN', 'us_DET', 'time_NOUN')",1
18762,"('past_NOUN', 'us_DET', 'time_NOUN')",1
18975,"('clear_ADJ', 'sea_PROPN', 'level_NOUN')",1
19138,"('strong_ADJ', 'annual_ADJ', 'target_NOUN')",1
19177,"('private_ADJ', 'sector_NOUN', 'effort_NOUN')",1
19189,"('solar_ADJ', 'power_NOUN', 'wind_NOUN')",1
19190,"('power_NOUN', 'wind_NOUN', 'power_NOUN')",1
19194,"('next_ADJ', 'generation_NOUN', 'biofuel_NOUN')",1
18987,"('drotch_NOUN', 'spreading_VERB', 'famine_NOUN')",1
19000,"('season_NOUN', 'climate_NOUN', 'change_NOUN')",1
19077,"('clean_ADJ', 'energy_NOUN', 'technology_NOUN')",1
18705,"('freedom_NOUN', '’s_DET', 'cause_NOUN')",1
18413,"('opinion_NOUN', 'find_VERB', 'common_ADJ')",1
18415,"('common_ADJ', 'cause_NOUN', 'many_ADJ')",1
18416,"('cause_NOUN', 'many_ADJ', 'time_NOUN')",1
18593,"('decent_NOUN', 'generous_ADJ', 'compassionate_ADJ')",1
18594,"('generous_ADJ', 'compassionate_ADJ', 'people_NOUN')",1
18651,"('last_ADJ', 'full_ADJ', 'measure_NOUN')",1
18483,"('criminal_ADJ', 'justice_NOUN', 'system_NOUN')",1
18473,"('law_NOUN', 'enforcement_NOUN', 'officials_ADJ')",1
20020,"('community_NOUN', 'leader_NOUN', 'member_NOUN')",1
19911,"('extensive_ADJ', 'international_ADJ', 'experience_NOUN')",1
19825,"('current_ADJ', 'economic_ADJ', 'crisis_NOUN')",1
19809,"('experience_NOUN', 'shape_VERB', 'economic_ADJ')",1
20040,"('next_ADJ', 'treasury_NOUN', 'secretary_NOUN')",1
20200,"('great_ADJ', 'economic_ADJ', 'mind_NOUN')",1
20162,"('middle_ADJ', '-class_NOUN', 'squeeze_NOUN')",1
20177,"('vibrant_ADJ', 'grow_VERB', 'middle_ADJ')",1
20267,"('administration_NOUN', '’s_DET', 'economic_ADJ')",1
20251,"('debate_NOUN', 'I_PRON', '’m_NOUN')",1
20222,"('novel_ADJ', 'policy_NOUN', 'challenge_NOUN')",1
20230,"('current_ADJ', 'financial_ADJ', 'crisis_NOUN')",1
20075,"('undersecretary_ADJ', 'deputy_NOUN', 'secretary_NOUN')",1
20088,"('several_ADJ', 'major_ADJ', 'international_ADJ')",1
20089,"('major_ADJ', 'international_ADJ', 'financial_ADJ')",1
20090,"('international_ADJ', 'financial_ADJ', 'crise_NOUN')",1
20044,"('chief_NOUN', 'economic_ADJ', 'spokesman_NOUN')",1
20144,"('middle_ADJ', 'income_NOUN', 'familie_NOUN')",1
20105,"('longest_ADJ', 'economic_ADJ', 'expansion_NOUN')",1
20112,"('surplus_NOUN', 'rise_VERB', 'family_NOUN')",1
19451,"('serious_ADJ', 'Stopp_VERB', 'climate_NOUN')",1
19261,"('new_ADJ', 'green_ADJ', 'job_NOUN')",1
19693,"('bold_NOUN', 'new_ADJ', 'idea_NOUN')",1
19765,"('national_ADJ', 'economic_ADJ', 'Council_NOUN')",1
19728,"('people_NOUN', 'today_ADV', 'vice_NOUN')",1
19636,"('long-term_ADJ', 'economic_ADJ', 'growth_NOUN')",1
19545,"('stress_NOUN', 'new_VERB', 'home_ADJ')",1
19561,"('-um_NOUN', 'million_NUM', 'jobless_ADJ')",1
19520,"('morning_NOUN', '’s_ADP', 'news_NOUN')",1
19539,"('proportion_NOUN', 'us_DET', 'financial_ADJ')",1
19586,"('job_NOUN', 'next_ADJ', 'year_NOUN')",1
16884,"('last_ADJ', '16_NUM', 'month_NOUN')",1
16724,"('talent_ADJ', 'qualified_ADJ', 'field_NOUN')",1
17001,"('universal_ADJ', 'health_NOUN', 'care_NOUN')",1
16967,"('barrier_NOUN', 'breaking_VERB', 'campaign_NOUN')",1
16225,"('nation_NOUN', ""'s_PART"", 'symphony_NOUN')",1
16236,"('first_ADJ', 'Continental_ADJ', 'congress_NOUN')",1
16590,"('highest_ADJ', 'aspiration_NOUN', 'tonight_NOUN')",1
16500,"('hard_ADJ', 'fotch_NOUN', 'contest_NOUN')",1
16502,"('contest_NOUN', 'us_DET', 'primary_ADJ')",1
16530,"('Springfield_NOUN', 'Illinois_PROPN', 'Thousand_NOUN')",1
17866,"('-class_ADJ', 'tax_NOUN', 'break_NOUN')",1
17840,"('struggle_NOUN', 'facing_VERB', 'working_NOUN')",1
17940,"('time_NOUN', 'take_VERB', 'trip_NOUN')",1
17725,"('st_ADJ', 'century_NOUN', 'terrorism_NOUN')",1
17729,"('nuclear_ADJ', 'weapon_NOUN', 'climate_NOUN')",1
17730,"('weapon_NOUN', 'climate_NOUN', 'change_NOUN')",1
17812,"('American_ADJ', 'people_NOUN', 'demand_NOUN')",1
18208,"('early_ADJ', 'childhood_NOUN', 'education_NOUN')",1
18037,"('health_NOUN', 'care_NOUN', 'right_ADJ')",1
17408,"('Senate_ADJ', 'last_ADJ', 'year_NOUN')",1
17454,"('average_ADJ', 'American_ADJ', 'family_NOUN')",1
17599,"('many_ADJ', 'good_ADJ', 'option_NOUN')",1
22875,"('current_ADJ', 'policy_NOUN', 'debate_NOUN')",1
22883,"('West_NOUN', 'include_VERB', 'century_NOUN')",1
22847,"('country_NOUN', 'Assalaamu_ADJ', 'alaykum_NOUN')",1
22923,"('proxy_NOUN', 'without_ADP', 'regard_NOUN')",1
22936,"('globalization_NOUN', 'lead_VERB', 'many_ADJ')",1
22799,"('century_NOUN', 'Cairo_PROPN', 'university_NOUN')",1
23101,"('common_ADJ', 'principles_NOUN', 'principles_NOUN')",1
23046,"('people_NOUN', 'achieve_VERB', 'justice_NOUN')",1
22377,"('skilled_ADJ', 'national_PROPN', 'Security_NOUN')",1
22379,"('Security_NOUN', 'Advisor_NOUN', 'generation_NOUN')",1
22360,"('proliferation_NOUN', 'climate_NOUN', 'change_NOUN')",1
22403,"('Jim_NOUN', ""'s_PART"", 'Silver_NOUN')",1
22238,"('homeland_NOUN', 'Susan_DET', 'Rice_NOUN')",1
22620,"('front_ADJ', 'line_NOUN', 'diplomat_NOUN')",1
22636,"('fourth_ADJ', 'tour_NOUN', 'FBI_ADJ')",1
22637,"('tour_NOUN', 'FBI_ADJ', 'agent_NOUN')",1
22597,"('national_ADJ', 'security_NOUN', 'official_NOUN')",1
22698,"('bipartisan_ADJ', 'national_ADJ', 'security_NOUN')",1
22699,"('national_ADJ', 'security_NOUN', 'policy_NOUN')",1
22659,"('Americans_NOUN', 'whose_PRON', 'name_NOUN')",1
22522,"('American_ADJ', 'national_ADJ', 'security_NOUN')",1
23823,"('way_NOUN', 'enjoy_VERB', 'income_NOUN')",1
23679,"('self_NOUN', 'interested_ADJ', 'empire_NOUN')",1
23748,"('concept_NOUN', 'e_ADV', 'pluribus_ADJ')",1
23936,"('familie_NOUN', 'us_DET', 'community_NOUN')",1
24019,"('new_ADJ', 'flu_NOUN', 'infect_NOUN')",1
24021,"('infect_NOUN', 'one_NUM', 'human_ADJ')",1
24038,"('nuclear_ADJ', 'attack_ADJ', 'rise_NOUN')",1
24007,"('financial_ADJ', 'system_NOUN', 'weaken_NOUN')",1
23425,"('cherish_ADJ', 'music_NOUN', 'elegant_ADJ')",1
23339,"('civilization_NOUN', ""'s_PART"", 'debt_NOUN')",1
23324,"('many_ADJ', 'found_VERB', 'dignity_NOUN')",1
23399,"('printing_NOUN', 'us_DET', 'understanding_NOUN')",1
23420,"('soar_NOUN', 'spire_NOUN', 'timeless_NOUN')",1
23421,"('spire_NOUN', 'timeless_NOUN', 'poetry_NOUN')",1
23386,"('algebra_NOUN', 'us_DET', 'magnetic_ADJ')",1
23393,"('navigation_NOUN', 'us_DET', 'mastery_NOUN')",1
23215,"('Holy_ADJ', 'Qu_DET', '’an_ADJ')",1
23426,"('music_NOUN', 'elegant_ADJ', 'calligraphy_NOUN')",1
23574,"('Holy_ADJ', 'Qu_PROPN', '’an_NOUN')",1
23499,"('founding_NOUN', 'American_ADJ', 'Muslim_NOUN')",1
20897,"('immediate_NOUN', 'economic_ADJ', 'development_NOUN')",1
20902,"('next_ADJ', 'two_NUM', 'month_NOUN')",1
20952,"('aggressive_ADJ', 'economic_ADJ', 'recovery_NOUN')",1
20953,"('economic_ADJ', 'recovery_NOUN', 'plan_NOUN')",1
20809,"('growing_ADJ', 'foreclosure_NOUN', 'crisis_NOUN')",1
20814,"('struggling_NOUN', 'auto_ADP', 'industry_NOUN')",1
20858,"('middle_NOUN', '-class_ADJ', 'familie_NOUN')",1
20827,"('infrastructure_NOUN', 'us_DET', 'road_NOUN')",1
20829,"('road_NOUN', 'us_DET', 'bridge_NOUN')",1
20837,"('clean_ADJ', 'energy_NOUN', 'infrastructure_NOUN')",1
21196,"('wonderful_ADJ', 'Thanksgiving_NOUN', 'last_ADJ')",1
21230,"('national_ADJ', 'security_NOUN', 'challenge_NOUN')",1
21248,"('war_NOUN', 'us_DET', 'old_ADJ')",1
21226,"('national_ADJ', 'security_NOUN', 'team_NOUN')",1
21197,"('Thanksgiving_NOUN', 'last_ADJ', 'week_NOUN')",1
21213,"('Economic_ADJ', 'Recovery_PROPN', 'program_NOUN')",1
21223,"('economy_NOUN', 'today_ADV', 'vice_NOUN')",1
21130,"('hard_ADJ', 'work_NOUN', 'courage_NOUN')",1
21015,"('reach_NOUN', 'another_DET', 'month_NOUN')",1
21088,"('federal_ADJ', 'budget_NOUN', 'line_NOUN')",1
20431,"('clear_ADJ', 'ey_VERB', 'independent_ADJ')",1
20407,"('current_ADJ', 'economic_ADJ', 'challenge_NOUN')",1
20418,"('topics_NOUN', 'us_DET', 'administration_NOUN')",1
20476,"('security_NOUN', 'without_ADP', 'sound_ADJ')",1
20755,"('extraordinary_ADJ', 'policy_NOUN', 'response_NOUN')",1
20368,"('Research_NOUN', 'monetary_ADJ', 'Economics_NOUN')",1
20369,"('monetary_ADJ', 'Economics_NOUN', 'program_NOUN')",1
20377,"('bureau_NOUN', '’s_DET', 'business_NOUN')",1
20367,"('economic_ADJ', 'Research_NOUN', 'monetary_ADJ')",1
20351,"('robust_ADJ', 'economic_ADJ', 'expansion_NOUN')",1
20753,"('system_NOUN', 'require_VERB', 'extraordinary_ADJ')",1
20636,"('brilliant_ADJ', 'legal_ADJ', 'mind_NOUN')",1
20563,"('executive_ADJ', 'vice_NOUN', 'president_NOUN')",1
20526,"('economic_ADJ', 'policy_NOUN', 'team_NOUN')",1
20607,"('state_NOUN', 'Senate_VERB', 'judiciary_ADJ')",1
20591,"('middle_ADJ', '-class_ADJ', 'family_NOUN')",1
21909,"('sustainable_ADJ', 'national_ADJ', 'security_NOUN')",1
21910,"('national_ADJ', 'security_NOUN', 'strategy_NOUN')",1
21764,"('Hillary_ADJ', '’s_DET', 'appointment_NOUN')",1
21832,"('foreign_ADJ', 'policy_NOUN', 'agenda_NOUN')",1
21831,"('ambitious_ADJ', 'foreign_ADJ', 'policy_NOUN')",1
22135,"('career_NOUN', 'protect_VERB', 'people_NOUN')",1
22191,"('last_ADJ', 'several_ADJ', 'year_NOUN')",1
22012,"('st_ADJ', 'century_NOUN', 'Eric_ADJ')",1
22013,"('century_NOUN', 'Eric_ADJ', 'Holder_NOUN')",1
22005,"('increase_NOUN', 'us_DET', 'ground_NOUN')",1
22059,"('law_NOUN', 'enforcement_NOUN', 'challenge_NOUN')",1
21744,"('world_NOUN', ""'s_PART"", 'leader_NOUN')",1
21406,"('ocean_NOUN', 'alone_ADV', 'last_ADJ')",1
21271,"('world_NOUN', '’s_DET', 'deadliest_ADJ')",1
21283,"('empower_NOUN', 'authoritarian_ADJ', 'government_NOUN')",1
21279,"('hand_NOUN', 'us_DET', 'dependence_NOUN')",1
21281,"('foreign_ADJ', 'oil_ADJ', 'empower_NOUN')",1
21282,"('oil_ADJ', 'empower_NOUN', 'authoritarian_ADJ')",1
21347,"('century_NOUN', 'us_DET', 'destiny_NOUN')",1
21327,"('strength_NOUN', 'us_DET', 'diplomatic_ADJ')",1
21669,"('legislator_NOUN', 'law_NOUN', 'enforcement_NOUN')",1
21670,"('law_NOUN', 'enforcement_NOUN', 'official_ADJ')",1
21719,"('remarkable_ADJ', 'work_NOUN', 'ethic_NOUN')",1
21616,"('enforcement_NOUN', 'us_DET', 'economy_NOUN')",1
21607,"('power_NOUN', 'us_DET', 'military_NOUN')",1
21611,"('diplomacy_NOUN', 'us_DET', 'intelligence_NOUN')",1
