,fr,ru,en
0,tomber,упасть,fall
1,tomber,упасть,drop
2,tomber,упасть,fall down
3,tomber,попасть,fall into
4,tomber,попасть,
5,tomber,опускать,drop out
6,tomber,опадать,no_equality
7,tomber,положить,
8,tomber,снижаться,fall
9,tomber,снижаться,drop
10,tomber,снижаться,go down
11,tomber,снижаться,come down
12,tomber,приходиться,no_equality
13,pénétrer,проникать,enter
14,pénétrer,проникать,penetrate
15,pénétrer,проникать,permeate
16,pénétrer,проникать,infiltrate
17,pénétrer,пронизывать,penetrate
18,pénétrer,пронизывать,permeate
19,pénétrer,пронизывать,pervade
20,pénétrer,входить,enter
21,pénétrer,входить,get into
22,pénétrer,входить,
23,pénétrer,пробраться,no_equality
24,pénétrer,впитаться,no_equality
25,pénétrer,вникнуть,penetrate
26,pénétrer,внедриться,infiltrate
27,pénétrer,пробить,penetrate
28,pénétrer,пролезать,no_equality
29,pénétrer,пронять,no_equality
30,complet,полный,complete
31,complet,полный,full
32,complet,полный,comprehensive
33,complet,полный,entire
34,complet,полный,whole
35,complet,полный,fully
36,complet,полный,total
37,complet,полный,thorough
38,complet,полный,absolute
39,complet,полный,exhaustif
40,complet,полный,
41,complet,всеобъемлющий,full
42,complet,всеобъемлющий,comprehensive
43,complet,всеобъемлющий,exhaustif
44,complet,всеобъемлющий,
45,complet,комплектный,no_equality
46,complet,комплексный,comprehensive
47,complet,комплексный,integral
48,complet,комплексный,
49,complet,исчерпывающий,complete
50,complet,исчерпывающий,full
51,complet,исчерпывающий,comprehensive
52,complet,исчерпывающий,thorough
53,complet,исчерпывающий,extensif
54,complet,исчерпывающий,exhaustif
55,complet,завершенный,complete
56,complet,завершенный,completed
57,complet,укомплектованный,no_equality
58,complet,заполненный,completed
59,complet,полный комплект,no_equality
60,complet,костюм,suit
61,complet,пара,no_equality
62,complet,традиционный завтрак,no_equality
63,complet,тройка,no_equality
64,lettré,просвещенный человек,no_equality
65,lettré,ученый,scholar
66,lettré,начитанный,well-read
67,lettré,просвещенный,no_equality
68,tiré,вытянутый,no_equality
69,tiré,оттянутый,no_equality
70,tiré,притянутый,no_equality
71,tiré,произведенный,no_equality
72,tiré,обнаженный,no_equality
73,tiré,выписанный,no_equality
74,tiré,выстреленный,no_equality
75,tiré,отпечатанный,no_equality
76,tiré,разливной,no_equality
77,tiré,осунувшийся,no_equality
78,tiré,выстрел,shot
79,tiré,выстрел,fired
80,tiré,выстрел,shooting
81,tiré,выстрел,firing
82,tiré,выстрел,shoot
83,tiré,трассат,no_equality
84,tiré,трассант,no_equality
85,tiré,банк-плательщик,no_equality
86,tiré,подлесок,no_equality
87,figurant,статист,extra
88,figurant,фигурант,no_equality
89,équiper,оборудовать,equip
90,équiper,оборудовать,install
91,équiper,оборудовать,furnish
92,équiper,оснащать,equip
93,équiper,экипировать,equip
94,équiper,снарядить,equip
95,équiper,наделить,equip
96,équiper,собрать,
97,exhaustivement,исчерпывающе,exhaustively
98,ultérieurement,впоследствии,subsequently
99,ultérieurement,впоследствии,later
100,ultérieurement,впоследствии,further
101,ultérieurement,впоследствии,thereafter
102,ultérieurement,впоследствии,eventually
103,ultérieurement,впоследствии,afterwards
104,ultérieurement,впоследствии,ultimately
105,ultérieurement,впоследствии,future
106,ultérieurement,впоследствии,subsequent
107,ultérieurement,впоследствии,after
108,ultérieurement,впоследствии,afterward
109,ultérieurement,впоследствии,
110,ultérieurement,в дальнейшем,subsequently
111,ultérieurement,в дальнейшем,later
112,ultérieurement,в дальнейшем,further
113,ultérieurement,в дальнейшем,eventually
114,ultérieurement,в дальнейшем,subsequent
115,ultérieurement,в дальнейшем,later on
116,ultérieurement,в дальнейшем,
117,convenir,согласовать,agree on
118,convenir,согласовать,agree upon
119,convenir,согласовать,accommodate
120,convenir,согласовать,
121,convenir,подходить,suit
122,convenir,подходить,be suitable
123,convenir,подходить,fit
124,convenir,подходить,
125,convenir,соответствовать,fit
126,convenir,соответствовать,
127,convenir,признать,agree
128,convenir,признать,admit
129,convenir,признать,
130,convenir,устраивать,arrange
131,convenir,подобать,no_equality
132,convenir,приличествовать,no_equality
133,convenir,сговориться,no_equality
134,convenir,идти,become
135,convenir,идти,
136,convenir,прийтись,no_equality
137,convenir,допускать,admit
138,convenir,допускать,
139,convenir,пристать,no_equality
140,réellement,фактически,actually
141,réellement,фактически,effectively
142,réellement,фактически,indeed
143,réellement,фактически,
144,réellement,собственно,really
145,réellement,собственно,actually
146,réellement,собственно,indeed
147,réellement,собственно,
148,réellement,в самом деле,really
149,réellement,в самом деле,actually
150,réellement,в самом деле,truly
151,réellement,в самом деле,indeed
152,réellement,в самом деле,for real
153,réellement,впрямь,really
154,réellement,впрямь,actually
155,réellement,впрямь,truly
156,réellement,впрямь,indeed
157,devant,пред,in front of
158,devant,пред,before
159,devant,мимо,past
160,devant,мимо,over
161,devant,мимо,through
162,devant,к,no_equality
163,devant,при,under
164,devant,впереди,in front of
165,devant,впереди,ahead
166,devant,впереди,before
167,devant,впереди,ahead of
168,devant,в присутствии,in front of
169,devant,в присутствии,before
170,devant,передняя часть,no_equality
171,virer,лавировать,tack
172,virer,уволить,fire
173,virer,уволить,sack
174,virer,уволить,lay off
175,virer,делать поворот,no_equality
176,virer,переводить,transfer
177,virer,поворачивать,turn
178,virer,поворачиваться,turn
179,virer,тонировать,no_equality
180,virer,убрать,
181,virer,меняться,
182,virer,развернуться,no_equality
183,alcool,алкоголь,alcohol
184,alcool,алкоголь,liquor
185,alcool,алкоголь,booze
186,alcool,алкоголь,drinking
187,alcool,алкоголь,drink
188,alcool,алкоголь,spirit
189,alcool,алкоголь,alcoholic
190,alcool,спирт,alcohol
191,alcool,спирт,spirit
192,alcool,водка,no_equality
193,alcool,крепкий напиток,liquor
194,histoire,история,history
195,histoire,история,story
196,histoire,история,thing
197,histoire,история,tale
198,histoire,история,whole
199,histoire,история,narratif
200,histoire,история,background
201,histoire,история,historical
202,histoire,история,about
203,histoire,история,
204,histoire,вещь,thing
205,histoire,вещь,stuff
206,histoire,приключение,no_equality
207,histoire,предание,no_equality
208,histoire,случай,
209,histoire,сложность,no_equality
210,histoire,неприятность,no_equality
211,aéronef,воздушное судно,aircraft
212,aéronef,ЛА,aircraft
213,pile,батарейка,battery
214,pile,стопка,pile
215,pile,свая,pile
216,pile,свая,pier
217,pile,решка,no_equality
218,pile,элемент,no_equality
219,pile,фотоэлемент,no_equality
220,pile,гальванический элемент,no_equality
221,pile,поленница,no_equality
222,pile,опора,no_equality
223,pile,стопа,no_equality
224,pile,чан,no_equality
225,pile,решетка,no_equality
226,pile,столб,no_equality
227,pile,ровно,exactly
228,pile,ровно,flat
229,pile,резко,sharp
230,pilé,толченый,no_equality
231,unique,уникальный,unique
232,unique,уникальный,one-of-a-kind
233,unique,единый,single
234,unique,единый,unique
235,unique,единый,one
236,unique,единый,sole
237,unique,единый,unified
238,unique,единый,uniform
239,unique,единый,
240,unique,один,single
241,unique,единственный,single
242,unique,единственный,unique
243,unique,единственный,sole
244,unique,единственный,one and only
245,unique,единственный,
246,unique,одиночный,single
247,unique,единородный,no_equality
248,unique,единовременный,one-time
249,unique,несравненный,no_equality
250,unique,редкостный,no_equality
251,unique,чудной,no_equality
252,s'envoler,улететь,fly away
253,s'envoler,улететь,take off
254,s'envoler,улететь,go
255,s'envoler,улететь,flee
256,s'envoler,взлететь,take off
257,s'envoler,взлететь,soar
258,s'envoler,взлететь,take flight
259,s'envoler,слететь,no_equality
260,s'envoler,отлететь,no_equality
261,s'envoler,подниматься,soar
262,s'envoler,подниматься,
263,s'envoler,ускользать,no_equality
264,s'envoler,улетучиваться,no_equality
265,s'envoler,разлететься,no_equality
266,exposer,подвергать,exposer
267,exposer,подвергать,put
268,exposer,подвергать,endanger
269,exposer,выставить,exposer
270,exposer,выставить,exhibit
271,exposer,выставить,display
272,exposer,выставить,put
273,exposer,выставляться,no_equality
274,exposer,экспонировать,exposer
275,exposer,разоблачить,exposer
276,exposer,изложить,present
277,exposer,изложить,outline
278,exposer,изложить,explain
279,exposer,изложить,set out
280,exposer,изложить,state
281,exposer,изложить,describe
282,exposer,изложить,express
283,exposer,изложить,expound
284,exposer,изложить,set forth
285,exposer,изложить,
286,exposer,подвергать воздействию,exposer
287,exposer,подвергать воздействию,put
288,exposer,подвергать действию,exposer
289,exposer,подвергать действию,put
290,exposer,предоставлять,
291,exposer,облучать,irradiate
292,locomotive,локомотив,locomotive
293,locomotive,локомотив,engine
294,locomotive,паровозик,train
295,locomotive,движущая сила,driving force
296,locomotive,лидер,no_equality
297,doigt,палец,finger
298,doigt,палец,fingertip
299,doigt,палец,digit
300,doigt,палец,thumb
301,doigt,палец,toe
302,doigt,рычаг,no_equality
303,doigt,штифт,pin
304,doigt,упор,
305,doigt,дюйм,no_equality
306,doigt,отросток,no_equality
307,siècle,век,century
308,siècle,век,age
309,siècle,эпоха,age
310,siècle,мир,world
311,siècle,мир,
312,siècle,целый век,no_equality
313,siècle,очень долгое время,no_equality
314,bandeau,оголовье,no_equality
315,bandeau,повязка,headband
316,bandeau,повязка,blindfold
317,bandeau,повязка,bandage
318,bandeau,повязка,eyepatch
319,bandeau,повязка,
320,bandeau,заставка,no_equality
321,bandeau,полоска,band
322,bandeau,полоска,strip
323,bandeau,пояс,no_equality
324,bandeau,заголовок,no_equality
325,bandeau,завеса,no_equality
326,auparavant,ранее,before
327,auparavant,ранее,previously
328,auparavant,ранее,earlier
329,auparavant,ранее,formerly
330,auparavant,ранее,past
331,auparavant,ранее,prior
332,auparavant,ранее,once
333,auparavant,ранее,former
334,auparavant,ранее,hitherto
335,auparavant,ранее,heretofore
336,auparavant,ранее,
337,auparavant,до этого,before
338,auparavant,до этого,previously
339,auparavant,до этого,earlier
340,auparavant,до этого,formerly
341,auparavant,до этого,ago
342,auparavant,до этого,beforehand
343,auparavant,до этого,hitherto
344,auparavant,до этого,heretofore
345,auparavant,до этого,
346,repas,завтрак,meal
347,repas,завтрак,lunch
348,repas,завтрак,luncheon
349,repas,еда,meal
350,repas,еда,food
351,repas,еда,dinner
352,repas,еда,eating
353,repas,трапеза,meal
354,repas,трапеза,supper
355,repas,трапеза,repast
356,nettement,значительно,significantly
357,nettement,значительно,much
358,nettement,значительно,considerably
359,nettement,значительно,far
360,nettement,значительно,substantially
361,nettement,значительно,markedly
362,nettement,значительно,well
363,nettement,значительно,greatly
364,nettement,значительно,dramatically
365,nettement,значительно,
366,nettement,отчетливо,clearly
367,nettement,отчетливо,clear
368,nettement,резко,significantly
369,nettement,резко,markedly
370,nettement,резко,sharply
371,nettement,резко,greatly
372,nettement,резко,strongly
373,nettement,резко,dramatically
374,nettement,резко,
375,nettement,решительно,strongly
376,nettement,решительно,decidedly
377,nettement,решительно,
378,nettement,чисто,clear
379,nettement,дочиста,no_equality
380,nettement,четко,clearly
381,nettement,четко,well
382,nettement,четко,clear
383,nettement,четко,
384,nettement,прямо,clearly
385,nettement,прямо,
386,faculté,факультет,faculty
387,faculté,факультет,school
388,faculté,факультет,college
389,faculté,факультет,department
390,faculté,способность,faculty
391,faculté,способность,ability
392,faculté,способность,power
393,faculté,способность,capacity
394,faculté,способность,
395,faculté,право,option
396,faculté,право,power
397,faculté,право,right
398,faculté,право,empowered
399,faculté,право,
400,faculté,груз,
401,faculté,товары,
402,faculté,свойство,no_equality
403,décoller,взлетать,take off
404,décoller,отклеить,unstick
405,décoller,отклеиваться,no_equality
406,décoller,снимать,take off
407,décoller,снимать,
408,décoller,подняться в воздух,no_equality
409,décoller,оторваться от земли,no_equality
410,décoller,слезать,no_equality
411,décoller,отслаивать,delaminate
412,décoller,отрываться,no_equality
413,décoller,разлепить,no_equality
414,décoller,расклеить,no_equality
415,décoller,худеть,no_equality
416,décoller,отправляться,depart
417,décoller,отвлекаться,no_equality
418,zone,зона,area
419,zone,зона,zone
420,zone,зона,region
421,zone,зона,zona
422,zone,зона,spot
423,zone,поле,field
424,zone,поле,box
425,zone,поле,
426,zone,пояс,zone
427,zone,пояс,belt
428,zone,полоса,belt
429,zone,полоса,
430,zone,ареал,area
431,zone,ареал,range
432,zone,пустыри,no_equality
433,zoné,зональный,no_equality
434,coco,кокос,coconut
435,coco,кокос,coco
436,coco,кокос,cocoanut
437,coco,белая фасоль,no_equality
438,coco,яйцо,no_equality
439,coco,голова,
440,coco,тип,
441,coco,коммунист,commie
442,maîtrise,степень магистра,master's degree
443,maîtrise,степень магистра,masters
444,maîtrise,степень магистра,ma
445,maîtrise,освоение,mastery
446,maîtrise,освоение,management
447,maîtrise,освоение,mastering
448,maîtrise,освоение,
449,maîtrise,мастерство,mastery
450,maîtrise,мастерство,proficiency
451,maîtrise,мастерство,skill
452,maîtrise,мастерство,expertise
453,maîtrise,мастерство,workmanship
454,maîtrise,мастерство,
455,maîtrise,контроль,control
456,maîtrise,контроль,management
457,maîtrise,контроль,controlling
458,maîtrise,контроль,
459,maîtrise,господство,mastery
460,maîtrise,техническое совершенство,no_equality
461,maîtrise,звание,no_equality
462,maîtrise,звание мастера,no_equality
463,maîtrise,певчие,no_equality
464,maîtrise,капелла,no_equality
465,sécher,высушить,dry
466,sécher,высохнуть,dry
467,sécher,сушиться,dry
468,sécher,вытереть,dry
469,sécher,подсыхать,no_equality
470,sécher,подсушивать,no_equality
471,sécher,насушить,
472,endroit,место,place
473,endroit,место,location
474,endroit,место,spot
475,endroit,место,area
476,endroit,место,site
477,endroit,место,point
478,endroit,место,position
479,endroit,место,venue
480,endroit,место,
481,endroit,район,area
482,endroit,район,site
483,endroit,район,
484,endroit,пункт,location
485,endroit,пункт,site
486,endroit,пункт,point
487,endroit,пункт,
488,endroit,направление,area
489,endroit,направление,
490,endroit,лицо,
491,endroit,лицевая сторона,no_equality
492,endroit,видимая сторона,no_equality
493,endroit,небольшой населенный пункт,locality
494,forcé,принудительный,forced
495,forcé,принудительный,forcible
496,forcé,принудительный,compulsory
497,forcé,вынужденный,forced
498,forcé,принужденный,no_equality
499,forcé,форсированный,no_equality
500,forcé,подневольный,involuntary
501,forcé,деланный,no_equality
502,forcé,поврежденный,no_equality
503,forcé,усиленный,no_equality
504,forcé,очевидный,no_equality
505,forcé,неестественный,contrived
506,forcé,неизбежный,no_equality
507,forcé,надуманный,contrived
508,docilement,послушно,obediently
509,gain,выигрыш,gain
510,gain,выигрыш,win
511,gain,выигрыш,winning
512,gain,выигрыш,benefit
513,gain,выигрыш,payoff
514,gain,прирост,gain
515,gain,прирост,increase
516,gain,прибыль,gain
517,gain,прибыль,profit
518,gain,прибыль,earnings
519,gain,прибыль,benefit
520,gain,прибыль,increase
521,gain,прибыль,
522,gain,коэффициент усиления,increase
523,gain,экономия,saving
524,gain,нажива,profit
525,gain,добыча,
526,shampooing,шампунь,shampoo
527,shampooing,мытье,washing
528,correspondre,отвечать,reflect
529,correspondre,отвечать,respond
530,correspondre,отвечать,answer
531,correspondre,отвечать,
532,correspondre,отражать,reflect
533,correspondre,отражать,represent
534,correspondre,отражать,
535,correspondre,сопоставить,match
536,correspondre,переписываться,correspond
537,correspondre,подобрать,match
538,correspondre,сообщаться,communicate
539,correspondre,согласовывать,no_equality
540,correspondre,подогнать,fit
541,particulièrement,особенно,particularly
542,particulièrement,особенно,especially
543,particulièrement,особенно,specifically
544,particulièrement,особенно,extremely
545,particulièrement,особенно,specially
546,particulièrement,особенно,notably
547,particulièrement,особенно,mostly
548,particulièrement,особенно,special
549,particulièrement,особенно,in particular
550,particulièrement,особенно,
551,particulièrement,интимно,no_equality
552,particulièrement,близко,
553,introduire,ввести,introduce
554,introduire,ввести,bring
555,introduire,ввести,enter
556,introduire,ввести,input
557,introduire,ввести,implement
558,introduire,ввести,
559,introduire,представить,introduce
560,introduire,представить,submit
561,introduire,представить,
562,introduire,внедрять,introduce
563,introduire,внедрять,incorporate
564,introduire,внедрять,implement
565,introduire,принести,bring
566,introduire,принести,
567,introduire,ввозить,no_equality
568,introduire,предусматривать,include
569,introduire,предусматривать,incorporate
570,introduire,предусматривать,
571,gelée,желе,jelly
572,gelée,желе,jellied
573,gelée,желе,jell-o
574,gelée,желе,jello
575,gelée,желе,goo
576,gelée,маточное молочко,no_equality
577,gelée,заморозки,frost
578,gelée,заморозки,freezing
579,gelée,заморозки,freeze
580,gelée,заморозки,frozen
581,gelée,жель,no_equality
582,publicitaire,рекламный,advertising
583,publicitaire,рекламный,commercial
584,publicitaire,рекламный,promotional
585,publicitaire,рекламщик,advertiser
586,publicitaire,рекламщик,publicist
587,publicitaire,рекламщик,adman
588,lancer,запустить,launch
589,lancer,запустить,start
590,lancer,запустить,initiate
591,lancer,начало,no_equality
592,lancer,бросать,throw
593,lancer,бросать,pitch
594,lancer,бросать,toss
595,lancer,бросать,hurl
596,lancer,бросать,
597,lancer,выполнить,
598,lancer,открыть,start
599,lancer,открыть,
600,lancer,вызвать,
601,lancer,запуск,run
602,lancer,бросок,throw
603,lancer,бросок,throwing
604,lancer,метание,throwing
605,lancer,выпуск,no_equality
606,origine,происхождение,origin
607,origine,происхождение,background
608,origine,происхождение,descent
609,origine,происхождение,ancestry
610,origine,происхождение,derivation
611,origine,происхождение,parentage
612,origine,происхождение,source
613,origine,происхождение,root
614,origine,происхождение,lineage
615,origine,происхождение,
616,origine,место происхождения,no_equality
617,origine,исток,source
618,origine,исток,beginning
619,origine,начало координат,beginning
620,origine,начало координат,start
621,origine,истоки,origin
622,origine,истоки,source
623,origine,истоки,originated
624,origine,истоки,root
625,origine,исходный пункт,no_equality
626,impérieux,повелительный,peremptory
627,impérieux,убедительный,compelling
628,impérieux,крайний,no_equality
629,vol,рейс,flight
630,vol,рейс,plane
631,vol,кража,theft
632,vol,кража,robbery
633,vol,кража,stealing
634,vol,кража,steal
635,vol,кража,larceny
636,vol,кража,heist
637,vol,кража,stolen
638,vol,дальность полета,no_equality
639,vol,размах крыльев,no_equality
640,vol,краденое,stolen
641,vol,лет,
642,vol,стая,flock
643,vol,жульничество,no_equality
644,tout,весь,every
645,tout,весь,entire
646,tout,весь,
647,tout,вся,any
648,tout,вся,whole
649,tout,вся,every
650,tout,вся,entire
651,tout,вся,
652,tout,любой,any
653,tout,любой,
654,tout,совсем,just
655,tout,совсем,quite
656,tout,очень,quite
657,tout,очень,very
658,tout,насквозь,no_equality
659,tout,целый,whole
660,tout,целый,entire
661,tout,целый,
662,tout,целое,whole
663,tout,главное,no_equality
664,partout,везде,everywhere
665,partout,везде,around
666,partout,везде,all over
667,partout,везде,anywhere
668,partout,везде,wherever
669,partout,везде,elsewhere
670,partout,везде,universally
671,partout,везде,anyplace
672,partout,везде,everything
673,partout,везде,
674,dîner,ужин,dinner
675,dîner,ужин,lunch
676,dîner,ужин,supper
677,dîner,ужин,diner
678,dîner,ужин,evening meal
679,dîner,ужин,food
680,dîner,ужинать,dine
681,dîner,ужинать,haver dinner
682,dîner,ужинать,eat
683,dîner,есть,eat
684,entrevue,интервью,interview
685,entrevue,интервью,interviewing
686,entrevue,интервью,interviewed
687,entrevue,интервью,interviewer
688,entrevue,интервью,sit-down
689,entrevue,интервьюирование,interviewing
690,entrevue,опрос,interview
691,entrevue,опрос,interviewing
692,entrevue,опрос,interviewed
693,nouveau,новое,new
694,nouveau,новое,novel
695,nouveau,новое,further
696,nouveau,новое,another
697,nouveau,новое,fresh
698,nouveau,новое,renewed
699,nouveau,новое,newest
700,nouveau,новое,incoming
701,nouveau,другой,new
702,nouveau,другой,another
703,nouveau,другой,
704,nouveau,молодой,new
705,nouveau,неопытный,no_equality
706,nouveau,новичок,neophyte
707,nouveau,новинка,new
708,nouveau,новизна,no_equality
709,arrière-plan,задний план,background
710,lev,лев,lev
711,lev,лев,lion
712,avion,самолет,plane
713,avion,самолет,aircraft
714,avion,самолет,airplane
715,avion,самолет,aeroplane
716,avion,самолет,flight
717,avion,самолет,fly
718,avion,самолет,airline
719,avion,самолет,jet
720,avion,самолет,airliner
721,avion,самолет,
722,failli,банкрот,bankrupt
723,failli,банкрот,insolvent
724,failli,обанкротившийся,no_equality
725,failli,несостоятельный,no_equality
726,bière,пиво,beer
727,bière,пиво,ale
728,bière,пиво,brew
729,bière,пиво,pint
730,bière,пиво,drink
731,bière,пиво,lager
732,bière,гроб,coffin
733,boire,пить,drink
734,boire,пить,sober
735,boire,пить,imbibe
736,boire,пить вино,no_equality
737,boire,напиться,drink
738,boire,поить,no_equality
739,boire,сильно пить,drink
740,boire,распить,no_equality
741,boire,утолять жажду,no_equality
742,boire,впитать,no_equality
743,boire,хлебать,no_equality
744,boire,пропускать,no_equality
745,boire,питие,no_equality
746,boire,алкоголь,booze
747,boire,алкоголь,liquor
748,magnifique,великолепно,beautiful
749,magnifique,великолепно,magnificent
750,magnifique,великолепно,wonderful
751,magnifique,великолепно,gorgeous
752,magnifique,великолепно,great
753,magnifique,великолепно,splendid
754,magnifique,великолепно,amazing
755,magnifique,великолепно,fantastic
756,magnifique,великолепно,excellent
757,magnifique,великолепно,awesome
758,magnifique,великолепный,beautiful
759,magnifique,великолепный,magnificent
760,magnifique,великолепный,wonderful
761,magnifique,великолепный,gorgeous
762,magnifique,великолепный,great
763,magnifique,великолепный,splendid
764,magnifique,великолепный,amazing
765,magnifique,великолепный,superb
766,magnifique,великолепный,fabulous
767,magnifique,великолепный,glorious
768,magnifique,великолепный,excellent
769,magnifique,великолепный,fine
770,magnifique,великолепный,awesome
771,magnifique,великолепный,
772,magnifique,чудесный,beautiful
773,magnifique,чудесный,wonderful
774,magnifique,чудесный,amazing
775,magnifique,чудесный,lovely
776,magnifique,чудесный,fantastic
777,magnifique,чудесный,nice
778,magnifique,чудесный,fabulous
779,magnifique,чудесный,marvellous
780,magnifique,чудесный,excellent
781,magnifique,чудесный,fine
782,magnifique,чудесный,
783,magnifique,потрясающий,great
784,magnifique,потрясающий,stunning
785,magnifique,потрясающий,amazing
786,magnifique,потрясающий,fabulous
787,magnifique,потрясающий,awesome
788,magnifique,богатый,
789,lycée,лицей,high school
790,lycée,лицей,lycee
791,lycée,лицей,lyceum
792,lycée,училище,college
793,tigre,тигренок,no_equality
794,Tigre,Тигр,tiger
795,Tigre,Тигр,tigre
796,Tigre,Тигр,tigris
797,tigré,тигровый,no_equality
798,génétiquement,генетически,genetically
799,génétiquement,генетически,genetic
800,génétiquement,генетически,genetically-modified
801,génétiquement,генетически,gm
802,mer,море,sea
803,mer,море,ocean
804,mer,море,marine
805,mer,море,water
806,mer,море,coast
807,mer,масса,no_equality
808,mer,огромное количество,no_equality
809,mer,широкое пространство,no_equality
810,oriental,восточный,eastern
811,oriental,восточный,oriental
812,oriental,восточный,east
813,oriental,восточный,orient
814,oriental,Восток,orient
815,juste,справедливый,just
816,juste,справедливый,fair
817,juste,справедливый,righteous
818,juste,справедливый,equitable
819,juste,справедливое,just
820,juste,справедливое,fair
821,juste,справедливое,equitable
822,juste,правильный,right
823,juste,правильный,correct
824,juste,правильный,righteous
825,juste,правильный,proper
826,juste,правильный,accurate
827,juste,правильный,true
828,juste,правильный,appropriate
829,juste,правильный,
830,juste,самый,right
831,juste,самый,
832,juste,правильное,right
833,juste,правильное,correct
834,juste,правильное,proper
835,juste,правильное,accurate
836,juste,правильное,appropriate
837,juste,правый,right
838,juste,верно,right
839,juste,верно,correctly
840,juste,верно,true
841,juste,настоящий,proper
842,juste,настоящий,true
843,juste,настоящий,
844,juste,ровно,exactly
845,juste,недостаточный,no_equality
846,juste,тесный,no_equality
847,juste,меткий,accurate
848,juste,основательный,no_equality
849,juste,как раз,just
850,juste,как раз,right
851,juste,как раз,exactly
852,juste,правильно,right
853,juste,правильно,correct
854,juste,правильно,proper
855,juste,правильно,accurate
856,juste,правильно,correctly
857,juste,едва,just
858,juste,едва,merely
859,juste,в обрез,no_equality
860,juste,метко,no_equality
861,juste,только,just
862,juste,только,only
863,juste,только,simply
864,juste,только,merely
865,juste,праведник,righteous man
866,juste,жилет,no_equality
867,fourchette,вилка,fork
868,fourchette,дужка,wishbone
869,fourchette,расхождение,no_equality
870,fourchette,спрэд,spread
871,arrêté,постановление,regulation
872,arrêté,постановление,order
873,arrêté,постановление,decree
874,arrêté,постановление,decision
875,arrêté,постановление,bylaw
876,arrêté,судебное постановление,no_equality
877,arrêté,установленный,fixed
878,arrêté,решенный,no_equality
879,arrêté,установившийся,no_equality
880,décrire,описать,describe
881,décrire,описать,outline
882,décrire,описать,delineate
883,décrire,содержать,
884,décrire,излагать,articulate
885,décrire,представить,represent
886,décrire,представить,
887,décrire,характеризовать,describe
888,décrire,характеризовать,characterize
889,décrire,назвать,describe
890,décrire,назвать,
891,décrire,написать,no_equality
892,décrire,сообщать,
893,gisement,месторождение,deposit
894,gisement,месторождение,field
895,gisement,месторождение,mine
896,gisement,залегание,no_equality
897,gisement,азимут,bearing
898,en arrière,назад,back
899,en arrière,назад,backwards
900,en arrière,назад,behind
901,en arrière,назад,backward
902,en arrière,назад,reverse
903,en arrière,назад,out
904,en arrière,позади,back
905,en arrière,позади,behind
906,en arrière,позади,rear
907,en arrière,задний ход,no_equality
908,intensité,интенсивность,intensity
909,intensité,интенсивность,strength
910,intensité,интенсивность,level
911,intensité,интенсивность,severity
912,intensité,интенсивность,intense
913,intensité,сила тока,amperage
914,intensité,сила,intensity
915,intensité,сила,strength
916,intensité,сила,
917,intensité,острота,intensity
918,intensité,острота,severity
919,intensité,острота,depth
920,intensité,острота,poignancy
921,dessous,снизу,underneath
922,dessous,снизу,beneath
923,dessous,под,under
924,dessous,нижняя часть,no_equality
925,dessous,подставка,no_equality
926,dessous,дамское белье,lingerie
927,dessous,поддон,no_equality
928,dessous,оборотная сторона,no_equality
929,dessous,грунтовка,no_equality
930,millénaire,тысячелетие,millennium
931,millénaire,тысячелетие,millenium
932,millénaire,тысячелетний,millennial
933,millénaire,тысячелетний,thousand-year
934,excellent,отличный,excellent
935,excellent,отличный,fine
936,excellent,отличный,superb
937,excellent,отличный,
938,excellent,большой,great
939,excellent,большой,
940,excellent,потрясающий,great
941,excellent,потрясающий,brilliant
942,excellent,потрясающий,terrific
943,excellent,потрясающий,tremendous
944,excellent,изумительный,wonderful
945,excellent,славный,fine
946,excellent,добрейший,no_equality
947,fond,фон,background
948,fond,фон,backdrop
949,fond,фонд,fund
950,fond,фонд,
951,fond,дно,bottom
952,fond,дно,seabed
953,fond,дно,base
954,fond,дно,floor
955,fond,дно,ground
956,fond,дно,
957,fond,длинная дистанция,no_equality
958,fond,существо,substantive
959,fond,существо,substance
960,fond,существо,
961,fond,остаток,no_equality
962,fond,основа,core
963,fond,основа,base
964,fond,основа,ground
965,fond,основа,root
966,fond,основа,
967,fond,глубина,deep
968,fond,фоновое излучение,no_equality
969,fond,поле,background
970,fond,поле,
971,fond,задняя часть,back
972,fond,грунт,ground
973,fond,подкладка,no_equality
974,fond,заднее место,no_equality
975,fond,забой,no_equality
976,stylo,ручка,pen
977,stylo,ручка,pencil
978,stylo,ручка,handle
979,stylo,автоматическая ручка,pen
980,stylo,автоматическая ручка,handle
981,stylo,вечное перо,pen
982,nature,природа,nature
983,nature,природа,wildlife
984,nature,природа,countryside
985,nature,природа,outdoors
986,nature,естество,nature
987,nature,окружающая природа,nature
988,nature,окружающая природа,countryside
989,nature,окружающая природа,outdoors
990,nature,вид,kind
991,nature,вид,type
992,nature,качество,no_equality
993,nature,простой,natural
994,nature,простой,plain
995,nature,простой,
996,nature,свойства,nature
997,terrain,поле,field
998,terrain,поле,pitch
999,terrain,поле,
1000,terrain,земельный участок,land
1001,terrain,земельный участок,plot
1002,terrain,земельный участок,parcel
1003,terrain,местность,land
1004,terrain,местность,terrain
1005,terrain,местность,area
1006,terrain,земля,ground
1007,terrain,земля,land
1008,terrain,земля,property
1009,terrain,земля,soil
1010,terrain,земельное владение,land
1011,terrain,земельное владение,property
1012,terrain,россыпь,no_equality
1013,terrain,порода,no_equality
1014,terrain,обстановка,
1015,terrain,сфера деятельности,area
1016,terrain,отложения,no_equality
1017,lieu,место,place
1018,lieu,место,location
1019,lieu,место,site
1020,lieu,место,venue
1021,lieu,место,lieu
1022,lieu,место,point
1023,lieu,место,spot
1024,lieu,место,
1025,lieu,пункт,location
1026,lieu,пункт,site
1027,lieu,пункт,station
1028,lieu,пункт,point
1029,lieu,пункт,
1030,lieu,основание,
1031,lieu,местность,place
1032,lieu,местность,location
1033,lieu,местность,locale
1034,lieu,повод,
1035,incliner,наклонить,tilt
1036,incliner,наклонить,lean
1037,incliner,наклонить,bend
1038,incliner,наклонить,skew
1039,incliner,наклонить,cant
1040,incliner,наклоняться,lean
1041,incliner,наклоняться,bend
1042,incliner,опрокинуть,no_equality
1043,incliner,падать,no_equality
1044,incliner,откинуть,recline
1045,incliner,повернуть,no_equality
1046,incliner,преклонить,no_equality
1047,incliner,влиять,
1048,ruban,лента,tape
1049,ruban,лента,ribbon
1050,ruban,лента,strip
1051,ruban,лента,band
1052,ruban,лента,belt
1053,ruban,тесьма,ribbon
1054,ruban,тесьма,band
1055,ruban,полоска,strip
1056,ruban,полоска,band
1057,ruban,полоска,sliver
1058,ruban,полоска,stripe
1059,ruban,рулетка,no_equality
1060,ruban,бант,ribbon
1061,ruban,бант,bow
1062,ruban,конвейерная лента,tape
1063,ruban,конвейерная лента,ribbon
1064,ruban,конвейерная лента,band
1065,ruban,конвейерная лента,belt
1066,ruban,конвейер,no_equality
1067,ruban,тротуар,no_equality
1068,ruban,дорога,no_equality
1069,trop,слишком,too
1070,trop,слишком,overly
1071,trop,слишком,enough
1072,trop,слишком,little
1073,trop,слишком,unduly
1074,trop,слишком,
1075,trop,как-то,little
1076,trop,как-то,
1077,trop,больно,
1078,caché,скрытый,hidden
1079,caché,скрытый,concealed
1080,caché,скрытый,secret
1081,caché,скрытый,covert
1082,caché,укромный,no_equality
1083,caché,невысказанный,no_equality
1084,caché,затаенный,no_equality
1085,caché,подспудный,no_equality
1086,caché,неясный,no_equality
1087,break,универсал,station wagon
1088,break,универсал,estate car
1089,break,брейк,break
1090,break,пробой,no_equality
1091,break,линейка,no_equality
1092,chaleur,жар,heat
1093,chaleur,жар,hot
1094,chaleur,жар,temperature
1095,chaleur,теплота,heat
1096,chaleur,теплота,warmth
1097,chaleur,обогрев,heating
1098,chaleur,обогрев,heated
1099,chaleur,тепловой эффект,heat
1100,chaleur,тепловой эффект,heating
1101,chaleur,тепловой эффект,thermal
1102,chaleur,течка,oestrus
1103,chaleur,теплосодержание,no_equality
1104,chaleur,горячность,no_equality
1105,chaleur,тепло,heat
1106,chaleur,тепло,warmth
1107,chaleur,тепло,heating
1108,chaleur,тепло,warm
1109,en dessous,ниже,no_equality
1110,en dessous,снизу,underneath
1111,en dessous,снизу,beneath
1112,en dessous,снизу,down
1113,en dessous,тайно,no_equality
1114,en dessous,тише,no_equality
1115,historique,исторический,no_equality
1116,historique,историческая справка,no_equality
1117,historique,предыстория,no_equality
1118,historique,историзм,no_equality
1119,historique,история болезни,no_equality
1120,historique,статистика,no_equality
1121,historique,обзор,no_equality
1122,historique,повествование,no_equality
1123,y compris,включительно,inclusif
1124,entrer,ввести,enter
1125,entrer,ввести,input
1126,entrer,ввести,
1127,entrer,войти,enter
1128,entrer,войти,come in
1129,entrer,войти,get in
1130,entrer,войти,go in
1131,entrer,войти,access
1132,entrer,войти,
1133,entrer,указать,
1134,entrer,въехать,enter
1135,entrer,выйти,enter
1136,entrer,выйти,move
1137,entrer,выйти,
1138,entrer,набрать,no_equality
1139,entrer,вписать,fit
1140,entrer,заносить,enter
1141,gourou,гуру,guru
1142,adverbe,наречие,adverb
1143,avant tout,прежде всего,no_equality
1144,avant tout,первым делом,first of all
1145,démarrage,запуск,start
1146,démarrage,запуск,start-up
1147,démarrage,запуск,starting
1148,démarrage,запуск,startup
1149,démarrage,запуск,starting up
1150,démarrage,запуск,launch
1151,démarrage,трогание с места,no_equality
1152,démarrage,стартап,start-up
1153,démarrage,стартап,startup
1154,démarrage,разгон,no_equality
1155,démarrage,развертывание,start-up
1156,démarrage,развертывание,launch
1157,démarrage,развертывание,initiation
1158,démarrage,развертывание,
1159,démarrage,начало движения,start
1160,démarrage,начало движения,beginning
1161,démarrage,начало движения,started
1162,démarrage,отход,
1163,démarrage,рывок,start
1164,démarrage,рывок,jump-start
1165,démarrage,рывок,
1166,démarrage,начало,start
1167,démarrage,начало,starting
1168,démarrage,начало,beginning
1169,démarrage,начало,initiation
1170,démarrage,начало,kick-off
1171,démarrage,начало,started
1172,démarrage,начало,
1173,sortie,выход,output
1174,sortie,выход,outlet
1175,sortie,выход,exit
1176,sortie,выход,release
1177,sortie,выход,way out
1178,sortie,выход,egress
1179,sortie,выход,exiting
1180,sortie,выход,
1181,sortie,устройство вывода,no_equality
1182,sortie,выпуск,output
1183,sortie,выпуск,outlet
1184,sortie,выпуск,release
1185,sortie,выпуск,issue
1186,sortie,выпуск,releasing
1187,sortie,выпуск,
1188,sortie,выезд,exit
1189,sortie,выезд,leaving
1190,sortie,выезд,leave
1191,sortie,выезд,departure
1192,sortie,отток,outflow
1193,sortie,отток,departure
1194,sortie,выбытие,outflow
1195,sortie,выходное отверстие,outlet
1196,sortie,освобождение,release
1197,sortie,освобождение,releasing
1198,sortie,освобождение,
1199,sortie,место выхода,exit
1200,sortie,место выхода,way out
1201,sortie,вывоз,export
1202,sortie,вылазка,outing
1203,sortie,расход,discharge
1204,sortie,утечка,outflow
1205,sortie,утечка,leakage
1206,sortie,убытие,departure
1207,sortie,появление,
1208,entretien,техническое обслуживание,maintenance
1209,entretien,техническое обслуживание,maintaining
1210,entretien,техническое обслуживание,maintained
1211,entretien,собеседование,interview
1212,entretien,содержание,maintenance
1213,entretien,содержание,maintaining
1214,entretien,содержание,upkeep
1215,entretien,содержание,
1216,entretien,расходы на содержание,no_equality
1217,entretien,обслуживание машины,maintenance
1218,entretien,обслуживание машины,servicing
1219,entretien,обслуживание машины,service
1220,entretien,технический уход,care
1221,entretien,уборка,cleaning
1222,entretien,расходы по содержанию,no_equality
1223,entretien,плановый ремонт,no_equality
1224,entretien,технический ремонт,no_equality
1225,ouvrir,открыть,open
1226,ouvrir,открыть,start
1227,ouvrir,открыть,unlock
1228,ouvrir,открыть,pop
1229,ouvrir,открыть,
1230,ouvrir,открываться,open
1231,ouvrir,раскрыть,open
1232,ouvrir,раскрыть,unlock
1233,ouvrir,раскрыть,
1234,ouvrir,запустить,initiate
1235,ouvrir,запустить,start
1236,ouvrir,запустить,launch
1237,ouvrir,отворить,no_equality
1238,ouvrir,работать,
1239,ouvrir,выходить,
1240,ouvrir,прокладывать,no_equality
1241,ouvrir,включать,turn on
1242,ouvrir,включать,
1243,ouvrir,размыкать,no_equality
1244,piloter,пилотировать,fly
1245,piloter,пилотировать,pilot
1246,piloter,пилотировать,navigate
1247,piloter,управлять,fly
1248,piloter,управлять,drive
1249,piloter,управлять,control
1250,piloter,управлять,steer
1251,piloter,управлять,operate
1252,piloter,управлять,manage
1253,piloter,управлять,run
1254,piloter,управлять,
1255,piloter,управить,no_equality
1256,piloter,гонять,drive
1257,piloter,гонять,race
1258,piloter,водить,drive
1259,piloter,водить,ride
1260,piloter,водить,steer
1261,piloter,водить,lead
1262,piloter,направлять,steer
1263,piloter,направлять,lead
1264,piloter,направлять,
1265,piloter,сопровождать,no_equality
1266,paysan,крестьянин,peasant
1267,paysan,крестьянин,farmer
1268,paysan,крестьянское хозяйство,farmer
1269,paysan,крестьянский,peasant
1270,lion,Львов,lion
1271,lion,львенок,no_equality
1272,lion,львица,lion
1273,lion,светский лев,lion
1274,lion,светский лев,leo
1275,lion,храбрец,no_equality
1276,lion,знаменитость,no_equality
1277,Lion,Лионский залив,no_equality
1278,connaître,знать,know
1279,connaître,знать,hear
1280,connaître,знать,find out
1281,connaître,знать,cognize
1282,connaître,быть известным,no_equality
1283,connaître,иметь,
1284,connaître,испытывать,no_equality
1285,connaître,быть знакомым,no_equality
1286,connaître,разбираться,knowledge
1287,connaître,разбираться,understand
1288,connaître,осознать,understand
1289,connaître,осознать,
1290,connaître,быть осведомленным,be aware
1291,connaître,быть компетентным,no_equality
1292,connaître,изведать,no_equality
1293,chemin,путь,no_equality
1294,chemin,траектория,path
1295,chemin,схема,
1296,chemin,канал,
1297,chemin,расстояние,no_equality
1298,chemin,ход,way
1299,chemin,ход,course
1300,chemin,ход,
1301,chemin,лента,no_equality
1302,chemin,фарватер,no_equality
1303,chemin,половик,no_equality
1304,gonflable,надувной,inflatable
1305,gonflable,надувной,blow-up
1306,gonflable,надувной,bouncy
1307,gonflable,надувной,bounce
1308,gonflable,надуваемый,no_equality
1309,gonflable,раздуваемый,no_equality
1310,sélectionner,выделить,select
1311,sélectionner,выделить,highlight
1312,sélectionner,выделить,identify
1313,sélectionner,выделить,
1314,sélectionner,выбрать пункт,select
1315,sélectionner,выбрать пункт,choose
1316,sélectionner,выбрать пункт,pick
1317,sélectionner,установить,identify
1318,sélectionner,установить,set
1319,sélectionner,установить,
1320,sélectionner,установить переключатель,identify
1321,sélectionner,установить переключатель,set
1322,sélectionner,пометить,no_equality
1323,sélectionner,производить отбор,select
1324,sélectionner,производить отбор,screening
1325,sélectionner,производить отбор,selection
1326,davantage,больше,more
1327,davantage,больше,better
1328,davantage,больше,higher
1329,davantage,дальше,further
1330,davantage,дальше,any further
1331,davantage,дальше,
1332,davantage,долее,no_equality
1333,davantage,дольше,more
1334,davantage,дольше,longer
1335,heure,час,time
1336,heure,час,hour
1337,heure,час,moment
1338,heure,час,day
1339,heure,час,clock
1340,heure,час,o'clock
1341,heure,час,late
1342,heure,пора,time
1343,habillé,одетый,dressed
1344,habillé,одетый,wearing
1345,habillé,одетый,clothed
1346,habillé,элегантный,no_equality
1347,habillé,парадный,no_equality
1348,habillé,полицейский,no_equality
1349,courant,ток,current
1350,courant,ток,electricity
1351,courant,ток,electric current
1352,courant,ток,electrical current
1353,courant,ток,power
1354,courant,ток,flow
1355,courant,течение,current
1356,courant,течение,movement
1357,courant,течение,flow
1358,courant,течение,course
1359,courant,течение,flowing
1360,courant,течение,
1361,courant,морское течение,course
1362,courant,струя,stream
1363,courant,текущий месяц,no_equality
1364,courant,ход,movement
1365,courant,ход,flow
1366,courant,ход,course
1367,courant,ход,
1368,courant,направление,trend
1369,courant,направление,course
1370,courant,направление,
1371,courant,отрезок времени,no_equality
1372,courant,текущий,current
1373,courant,текущий,routine
1374,courant,обычный,common
1375,courant,обычный,standard
1376,courant,обычный,routine
1377,courant,обычный,conventional
1378,courant,погонный,no_equality
1379,courant,бегущий,running
1380,courant,ходячий,no_equality
1381,courant,текучий,no_equality
1382,Belgique,Бельгия,belgium
1383,Belgique,Бельгия,belgian
1384,durant,во,for
1385,durant,во,over
1386,durant,во,throughout
1387,durant,во,
1388,durant,при,during
1389,durant,при,for
1390,durant,при,under
1391,durant,при,
1392,enfreindre,нарушать,break
1393,enfreindre,нарушать,violate
1394,enfreindre,нарушать,infringe
1395,enfreindre,нарушать,breach
1396,enfreindre,нарушать,contravene
1397,enfreindre,нарушать,disobey
1398,enfreindre,разорвать,break
1399,enfreindre,обходить,no_equality
1400,dessin,чертеж,drawing
1401,dessin,рисование,drawing
1402,dessin,рисование,art
1403,dessin,рисование,painting
1404,dessin,карикатура,cartoon
1405,dessin,дизайн,design
1406,dessin,дизайн,layout
1407,dessin,узор,pattern
1408,dessin,изображение,picture
1409,dessin,изображение,
1410,dessin,графика,drawing
1411,dessin,графика,pattern
1412,dessin,графика,
1413,dessin,контур,outline
1414,dessin,вычерчивание,no_equality
1415,dessin,составление,drafting
1416,dessin,составление,
1417,dessin,проекция,no_equality
1418,dessin,начертание,no_equality
1419,ravioli,равиоли,ravioli
1420,sûr,уверенный,sure
1421,sûr,уверенный,certain
1422,sûr,уверенный,confident
1423,sûr,уверенный,assured
1424,sûr,безопасный,safe
1425,sûr,безопасный,secure
1426,sûr,безопасный,safety
1427,sûr,верный,sure
1428,sûr,верный,right
1429,sûr,верный,
1430,sûr,обязательно,definitely
1431,sûr,обязательно,surely
1432,sûr,несомненный,no_equality
1433,sûr,конечно,right
1434,sûr,конечно,definitely
1435,sûr,конечно,surely
1436,près,рядом,near
1437,près,рядом,close
1438,près,рядом,next
1439,près,рядом,nearby
1440,près,около,near
1441,près,около,almost
1442,près,около,nearly
1443,près,около,approximately
1444,près,около,roughly
1445,près,около,nearby
1446,près,при,no_equality
1447,près,близко,near
1448,près,близко,close
1449,près,близко,nearly
1450,près,близко,closely
1451,près,близко,nearby
1452,prendre,принять,take
1453,prendre,принять,make
1454,prendre,принять,undertake
1455,prendre,принять,action
1456,prendre,принять,adopt
1457,prendre,принять,assumer
1458,prendre,принять,accept
1459,prendre,принять,receive
1460,prendre,принять,
1461,prendre,взять,take
1462,prendre,взять,make
1463,prendre,взять,catch
1464,prendre,взять,grab
1465,prendre,взять,use
1466,prendre,взять,pick up
1467,prendre,взять,accept
1468,prendre,взять,
1469,prendre,приняться,no_equality
1470,prendre,занять,take
1471,prendre,занять,adopt
1472,prendre,занять,assumer
1473,prendre,занять,
1474,prendre,есть,
1475,prendre,выпить,
1476,prendre,надеть,no_equality
1477,prendre,поймать,catch
1478,prendre,поймать,grab
1479,prendre,поймать,capture
1480,prendre,поймать,
1481,prendre,идти,take
1482,prendre,идти,go
1483,prendre,идти,become
1484,prendre,идти,
1485,prendre,требовать,take
1486,prendre,требовать,
1487,assez,достаточно,enough
1488,assez,достаточно,quite
1489,assez,достаточно,pretty
1490,assez,достаточно,fairly
1491,assez,достаточно,rather
1492,assez,достаточно,relatively
1493,assez,достаточно,sufficiently
1494,assez,достаточно,sufficient
1495,assez,достаточно,plenty
1496,assez,достаточно,reasonably
1497,assez,достаточно,quite enough
1498,assez,совсем,quite
1499,assez,совсем,pretty
1500,assez,изрядно,quite
1501,assez,изрядно,pretty
1502,assez,хватит,no_equality
1503,assez,будет,no_equality
1504,réchauffer,согреть,warm
1505,réchauffer,согреть,warmer
1506,réchauffer,подогреть,heat
1507,réchauffer,подогреть,warm up
1508,réchauffer,подогреть,heat up
1509,réchauffer,повторно нагревать,heat
1510,réchauffer,повторно нагревать,warm up
1511,réchauffer,возбуждать,no_equality
1512,gel,гель,gel
1513,gel,замораживание,freeze
1514,gel,замораживание,freezing
1515,gel,замораживание,frozen
1516,gel,мороз,frost
1517,réalisation,достижение,achievement
1518,réalisation,достижение,realization
1519,réalisation,достижение,achieving
1520,réalisation,достижение,implementation
1521,réalisation,достижение,attainment
1522,réalisation,достижение,meeting
1523,réalisation,достижение,accomplishment
1524,réalisation,достижение,
1525,réalisation,реализация,realization
1526,réalisation,реализация,achieving
1527,réalisation,реализация,implementation
1528,réalisation,реализация,realisation
1529,réalisation,реализация,implementing
1530,réalisation,реализация,project
1531,réalisation,реализация,
1532,réalisation,претворение в жизнь,implementation
1533,réalisation,претворение в жизнь,implementing
1534,réalisation,практика,
1535,réalisation,постановка,production
1536,réalisation,объект,project
1537,réalisation,объект,
1538,réalisation,продажа,no_equality
1539,réalisation,произведение,no_equality
1540,réalisation,строительный объект,no_equality
1541,alarme,тревога,alarm
1542,alarme,тревога,alert
1543,alarme,тревога,bell
1544,alarme,тревога,concern
1545,alarme,боевая тревога,no_equality
1546,alarme,переполох,alarm
1547,alarmé,встревоженный,alarmed
1548,alarmé,испуганный,startled
1549,émettre,излучать,emit
1550,émettre,излучать,radiate
1551,émettre,выдать,issue
1552,émettre,выдать,give
1553,émettre,выдать,produce
1554,émettre,выдать,
1555,émettre,выделять,emit
1556,émettre,выделять,
1557,émettre,посылать,send
1558,émettre,высказать,make
1559,émettre,высказать,give
1560,émettre,высказать,express
1561,émettre,высказать,utter
1562,émettre,высказать,
1563,émettre,выписать,issue
1564,émettre,давать,issue
1565,émettre,давать,make
1566,émettre,давать,give
1567,émettre,давать,deliver
1568,émettre,давать,produce
1569,émettre,давать,
1570,émettre,выносить,issue
1571,émettre,выносить,make
1572,émettre,выносить,
1573,voire,даже,even
1574,voire,даже,indeed
1575,voire,даже,nay
1576,voire,даже,
1577,indemnité,компенсация,compensation
1578,indemnité,компенсация,indemnity
1579,indemnité,компенсация,award
1580,indemnité,компенсация,damage
1581,indemnité,компенсация,indemnification
1582,indemnité,компенсация,
1583,indemnité,пособие,allowance
1584,indemnité,пособие,indemnity
1585,indemnité,пособие,benefit
1586,indemnité,пособие,grant
1587,indemnité,пособие,payment
1588,indemnité,пособие,entitlement
1589,indemnité,пособие,
1590,indemnité,оклад,salary
1591,indemnité,страховое возмещение,no_equality
1592,indemnité,оплата расходов,payment
1593,indemnité,оплата расходов,fee
1594,indemnité,страховка,no_equality
1595,indemnité,отступные,severance
1596,indemnité,жалованье,salary
1597,banlieue,пригород,suburb
1598,banlieue,пригород,outskirts
1599,banlieue,пригород,suburbia
1600,banlieue,пригород,countryside
1601,banlieue,пригородный район,suburban
1602,banlieue,пригородный район,commuter
1603,banlieue,пригородный район,neighborhood
1604,banlieue,пригородный район,neighbourhood
1605,banlieue,пассажирский поезд,no_equality
1606,plus bas,ниже,no_equality
1607,plus bas,в дальнейшем,no_equality
1608,cadrer,компоновать,no_equality
1609,cadrer,центрировать,no_equality
1610,cadrer,подходить,fit
1611,cadrer,подходить,suit
1612,cadrer,совпадать,no_equality
1613,cadrer,сочетаться,no_equality
1614,cadrer,наводить,no_equality
1615,soirée,вечер,evening
1616,soirée,вечер,night
1617,soirée,вечер,party
1618,soirée,вечер,tonight
1619,soirée,вечер,event
1620,soirée,вечер,soiree
1621,soirée,вечер,dinner
1622,soirée,вечер,gala
1623,soirée,вечер,homecoming
1624,soirée,вечер,
1625,soirée,вечернее время,evening
1626,démarrer,запустить,start
1627,démarrer,запустить,initiate
1628,démarrer,запустить,launch
1629,démarrer,запустить,restart
1630,démarrer,запустить,fire
1631,démarrer,запустить,set off
1632,démarrer,загружать,boot
1633,démarrer,начинаться,start
1634,démarrer,начинаться,begin
1635,démarrer,начинаться,commence
1636,démarrer,стартовать,start
1637,démarrer,стартовать,take off
1638,démarrer,трогаться с места,start
1639,démarrer,трогать с места,no_equality
1640,démarrer,заводить,start
1641,démarrer,включать,turn on
1642,démarrer,включать,
1643,démarrer,двигаться вперед,no_equality
1644,démarrer,отойти,
1645,démarrer,дебютировать,no_equality
1646,avantage,преимущество,advantage
1647,avantage,преимущество,benefit
1648,avantage,преимущество,upper hand
1649,avantage,преимущество,virtue
1650,avantage,преимущество,head start
1651,avantage,преимущество,edge
1652,avantage,преимущество,gain
1653,avantage,преимущество,odds
1654,avantage,преимущество,vantage
1655,avantage,преимущество,
1656,avantage,плюс,upside
1657,avantage,интерес,
1658,avantage,эффект,benefit
1659,avantage,эффект,
1660,avantage,выгодность,no_equality
1661,avantage,больше,no_equality
1662,avantage,достоверный,no_equality
1663,boucle d'oreille,серьга,earring
1664,pourboire,чаевые,tip
1665,pourboire,чаевые,tipper
1666,débutant,новичок,beginner
1667,débutant,новичок,rookie
1668,débutant,новичок,newbie
1669,débutant,новичок,newcomer
1670,débutant,начинающий,beginner
1671,débutant,начавшийся,no_equality
1672,débutant,дебютирующий,no_equality
1673,débutant,начальный,starting
1674,débutant,начальный,beginning
1675,exceptionnel,исключительный,exceptional
1676,exceptionnel,исключительный,outstanding
1677,exceptionnel,исключительный,unique
1678,exceptionnel,исключительный,extraordinary
1679,exceptionnel,исключительный,remarkable
1680,exceptionnel,исключительный,exclusif
1681,exceptionnel,исключительное,exceptional
1682,exceptionnel,исключительное,unique
1683,exceptionnel,исключительное,extraordinary
1684,exceptionnel,исключительное,exclusif
1685,exceptionnel,великолепно,amazing
1686,exceptionnel,великолепно,excellent
1687,exceptionnel,великолепно,wonderful
1688,exceptionnel,необыкновенное,extraordinary
1689,exceptionnel,редкий,no_equality
1690,exceptionnel,недюжинный,no_equality
1691,interruption,прерывание,interruption
1692,interruption,прерывание,interrupt
1693,interruption,прерывание,interrupting
1694,interruption,прерывание,interrupted
1695,interruption,перерыв,interruption
1696,interruption,перерыв,break
1697,interruption,перерыв,suspension
1698,interruption,перерыв,hiatus
1699,interruption,перерыв,intermission
1700,interruption,перерыв,break in
1701,interruption,перерыв,
1702,interruption,нарушение,disruption
1703,interruption,нарушение,break
1704,interruption,нарушение,breaking
1705,interruption,нарушение,
1706,interruption,заминка,no_equality
1707,interruption,выключение,shut-off
1708,interruption,обрыв,no_equality
1709,exact,точный,exact
1710,exact,точный,accurate
1711,exact,точный,precise
1712,exact,точный,accurately
1713,exact,правильный,right
1714,exact,правильный,correct
1715,exact,правильный,accurate
1716,exact,правильный,true
1717,exact,правильный,proper
1718,exact,правильный,
1719,exact,правильно,correct
1720,exact,правильно,accurate
1721,exact,правильно,proper
1722,exact,пунктуальный,no_equality
1723,exact,исправный,no_equality
1724,pêcheur,рыбак,fisherman
1725,pêcheur,рыбак,fisher
1726,pêcheur,рыбак,angler
1727,pêcheur,рыбачий,no_equality
1728,vider,опорожнить,empty
1729,vider,очистить,empty
1730,vider,очистить,clear
1731,vider,создавать вакуум,void
1732,vider,разрядить,no_equality
1733,vider,пустеть,no_equality
1734,vider,выбрать,no_equality
1735,vider,удалять,no_equality
1736,vider,потрошить,gut
1737,vider,сбрасывать,dump
1738,vider,вытряхивать,no_equality
1739,international,международный,international
1740,international,международный,global
1741,international,международный,world
1742,international,международный,internationally
1743,novice,новичок,novice
1744,novice,новичок,rookie
1745,novice,новичок,newbie
1746,novice,новичок,beginner
1747,novice,новичок,newcomer
1748,novice,новичок,probie
1749,novice,послушник,novice
1750,novice,начинающий,novice
1751,novice,начинающий,beginner
1752,novice,неопытный,green
1753,novice,неопытный,inexperienced
1754,novice,неопытный,untrained
1755,novice,новенький,rookie
1756,novice,новенький,newbie
1757,novice,новенький,newcomer
1758,cinquante,пятьдесят,fifty
1759,cinquante,пятидесятый,fiftieth
1760,cinquante,полсотни,fifty
1761,tablette,таблетка,tablet
1762,tablette,полка,shelf
1763,tablette,табличка,tablet
1764,tablette,плитка,bar
1765,parent,родители,parent
1766,parent,родственник,relative
1767,parent,родственник,relation
1768,parent,родственник,kinsman
1769,parent,родственник,sibling
1770,parent,родительский организм,parent
1771,parent,предки,parent
1772,parent,исходный элемент,no_equality
1773,parent,исходное вещество,no_equality
1774,parent,родительский,parental
1775,parent,родственный,related
1776,parent,исходный,no_equality
1777,océan,океан,ocean
1778,océan,океан,sea
1779,geler,заморозить,freeze
1780,geler,заморозить,ice
1781,geler,замерзать,freeze
1782,geler,промерзнуть,no_equality
1783,geler,превращаться в лед,ice
1784,geler,блокировать,freeze
1785,geler,блокировать,block
1786,geler,перемерзнуть,no_equality
1787,geler,обмерзнуть,no_equality
1788,geler,подмерзнуть,no_equality
1789,geler,смерзаться,no_equality
1790,geler,леденить,no_equality
1791,geler,прерывать,no_equality
1792,halieutique,промысловый,no_equality
1793,épicé,пряный,spicy
1794,épicé,пряный,spiced
1795,épicé,пряный,spicier
1796,plus tard,позже,later
1797,plus tard,позже,subsequently
1798,plus tard,позже,afterwards
1799,plus tard,позже,another time
1800,plus tard,позже,thereafter
1801,plus tard,позже,afterward
1802,plus tard,позже,after
1803,plus tard,позже,then
1804,plus tard,позже,late
1805,plus tard,позже,
1806,plus tard,потом,later
1807,plus tard,потом,subsequently
1808,plus tard,потом,afterwards
1809,plus tard,потом,after
1810,plus tard,потом,then
1811,plus tard,потом,
1812,plus tard,после,later
1813,plus tard,после,afterwards
1814,plus tard,после,after
1815,plus tard,после,then
1816,plus tard,после,
1817,buzzer,зуммер,buzzer
1818,séculaire,вековой,secular
1819,séculaire,вековой,age-old
1820,séculaire,вековой,centuries-old
1821,séculaire,вековой,century-old
1822,séculaire,вековой,century-long
1823,séculaire,светский,secular
1824,séculaire,исконный,no_equality
1825,astre,небесное светило,heavenly body
1826,astre,звезда,star
1827,jurisprudence,прецедентное право,case law
1828,jurisprudence,прецедентное право,case-law
1829,jurisprudence,прецедентное право,caselaw
1830,jurisprudence,юриспруденция,jurisprudence
1831,faire,сделать,make
1832,faire,сделать,get
1833,faire,сделать,take
1834,faire,сделать,give
1835,faire,быть,make
1836,faire,быть,get
1837,faire,быть,go
1838,faire,быть,happen
1839,faire,велеть,no_equality
1840,faire,совершить,make
1841,faire,совершить,take
1842,faire,совершить,
1843,faire,получить,get
1844,faire,получить,provide
1845,faire,получить,
1846,faire,сказать,
1847,faire,играть,act
1848,faire,играть,
1849,faire,посетить,no_equality
1850,faire,считать,
1851,faire,стоить,take
1852,euro,евро,euro
1853,euro,евро,eur
1854,euro,евро,non-euro
1855,euro,евро,euro-based
1856,pencher,наклониться,lean
1857,pencher,наклониться,bend over
1858,pencher,наклониться,bend down
1859,pencher,наклонять,lean
1860,pencher,наклонять,tilt
1861,pencher,завалиться,no_equality
1862,pencher,накренить,no_equality
1863,pencher,пошатнуться,no_equality
1864,relever,поднять,raise
1865,relever,поднять,pick up
1866,relever,поднять,
1867,relever,отмечать,note
1868,relever,решать,meet
1869,relever,решать,address
1870,relever,решать,face
1871,relever,решать,tackle
1872,relever,решать,
1873,relever,вставать,rise
1874,relever,вставать,get up
1875,relever,преодолеть,tackle
1876,relever,преодолеть,overcome
1877,relever,преодолеть,confront
1878,relever,преодолеть,
1879,relever,приподниматься,no_equality
1880,relever,освобождать,relieve
1881,relever,освобождать,release
1882,relever,реагировать,meet
1883,relever,реагировать,address
1884,relever,реагировать,respond
1885,relever,реагировать,
1886,relever,получать,
1887,relever,запеленговать,no_equality
1888,relever,подчиняться,
1889,moment,момент,time
1890,moment,момент,moment
1891,moment,момент,point
1892,moment,момент,timing
1893,moment,момент,minute
1894,moment,момент,stage
1895,moment,момент,second
1896,moment,момент,juncture
1897,moment,момент,instant
1898,moment,момент,momentum
1899,moment,момент,then
1900,moment,момент,
1901,moment,подходящее время,no_equality
1902,moment,настоящее время,
1903,moment,движения,
1904,publicité,реклама,advertising
1905,publicité,реклама,advertisement
1906,publicité,реклама,publicity
1907,publicité,реклама,ad
1908,publicité,реклама,commercial
1909,publicité,реклама,advert
1910,publicité,реклама,advertisment
1911,publicité,реклама,advertizing
1912,publicité,реклама,
1913,publicité,общественность,no_equality
1914,publicité,публичность,publicity
1915,publicité,рекламный ролик,advertisement
1916,publicité,рекламный ролик,commercial
1917,publicité,рекламная деятельность,advertising
1918,publicité,огласка,publicity
1919,publicité,рекламирование,advertising
1920,publicité,рекламирование,advertisement
1921,publicité,рекламное дело,advertising
1922,publicité,рекламное дело,publicity
1923,publicité,рекламное дело,ad
1924,publicité,рекламное дело,promotional
1925,publicité,оглашение,no_equality
1926,électrique,электрический,electric
1927,électrique,электрический,electrical
1928,électrique,электрический,electricity
1929,automne,осень,fall
1930,automne,осень,autumn
1931,brillant,блестящий,brilliant
1932,brillant,блестящий,bright
1933,brillant,блестящий,shiny
1934,brillant,блестящий,glossy
1935,brillant,блестящий,shining
1936,brillant,блестящий,sparkly
1937,brillant,блестящий,excellent
1938,brillant,блестящий,gleaming
1939,brillant,глянцевый,glossy
1940,brillant,светящийся,shiny
1941,brillant,светящийся,glowing
1942,brillant,сияющий,bright
1943,brillant,сияющий,shiny
1944,brillant,сияющий,shining
1945,brillant,сияющий,glowing
1946,brillant,сияющий,sparkling
1947,brillant,сверкающий,shiny
1948,brillant,сверкающий,shining
1949,brillant,сверкающий,glittering
1950,brillant,сверкающий,sparkling
1951,brillant,великолепный,brilliant
1952,brillant,великолепный,excellent
1953,brillant,великолепный,
1954,brillant,талантливый,brilliant
1955,brillant,талантливый,clever
1956,brillant,выдающийся,brilliant
1957,brillant,выдающийся,stellar
1958,brillant,выдающийся,
1959,brillant,умный,brilliant
1960,brillant,умный,bright
1961,brillant,умный,clever
1962,brillant,глянцевитый,no_equality
1963,brillant,блеск,shine
1964,brillant,блеск,brilliance
1965,brillant,блеск,brightness
1966,brillant,блеск,gloss
1967,brillant,бриллиант,diamond
1968,adjectif,прилагательное,adjectif
1969,planche,доска,board
1970,planche,доска,plank
1971,planche,доска,floorboard
1972,planche,серфинг,no_equality
1973,planche,лыжи,no_equality
1974,planche,планка,plank
1975,planche,роликовая доска,board
1976,planche,роликовая доска,plank
1977,planche,роликовая доска,floorboard
1978,planche,половица,floorboard
1979,planche,рисунок,
1980,planche,театральные подмостки,no_equality
1981,planche,полка,shelf
1982,planche,печатная форма,plate
1983,planche,набор,
1984,planche,филенка,no_equality
1985,planche,гравюра,no_equality
1986,planche,грядка,no_equality
1987,planche,планшетка,no_equality
1988,époque,эпоха,era
1989,époque,эпоха,period
1990,époque,эпоха,age
1991,époque,эпоха,epoch
1992,époque,время,time
1993,époque,время,period
1994,époque,время,day
1995,époque,время,point
1996,époque,время,
1997,époque,година,no_equality
1998,dynamite,динамит,dynamite
1999,seulement,только,only
2000,seulement,только,just
2001,seulement,только,alone
2002,seulement,только,merely
2003,seulement,только,simply
2004,seulement,только,solely
2005,seulement,только,but
2006,seulement,только,limited
2007,seulement,только,exclusively
2008,seulement,только,
2009,seulement,просто,only
2010,seulement,просто,just
2011,seulement,просто,merely
2012,seulement,просто,simply
2013,seulement,единственно,only
2014,seulement,единственно,solely
2015,seulement,однако,but
2016,seulement,однако,even
2017,seulement,однако,
2018,vestibule,прихожая,vestibule
2019,vestibule,прихожая,hallway
2020,vestibule,прихожая,hall
2021,vestibule,преддверие,no_equality
2022,manière,способ,way
2023,manière,способ,manner
2024,manière,способ,mode
2025,manière,способ,
2026,manière,манеры,manner
2027,manière,форма,way
2028,manière,форма,mode
2029,manière,форма,
2030,manière,стиль,way
2031,manière,стиль,manner
2032,manière,стиль,mode
2033,manière,стиль,
2034,manière,прием,
2035,manière,образ действий,no_equality
2036,manière,искусственность,no_equality
2037,rompre,разорвать,break
2038,rompre,разорвать,sever
2039,rompre,разорвать,disrupt
2040,rompre,разорвать,break off
2041,rompre,преломить хлеб,no_equality
2042,rompre,порывать,no_equality
2043,rompre,разломить,break
2044,rompre,ломаться,break
2045,rompre,отрываться,no_equality
2046,reprendre,возобновить,resume
2047,reprendre,возобновить,return to
2048,reprendre,возобновить,restart
2049,reprendre,возобновить,renew
2050,reprendre,возобновить,recommence
2051,reprendre,возобновить,revive
2052,reprendre,возобновить,
2053,reprendre,вернуться,resume
2054,reprendre,вернуться,get back
2055,reprendre,вернуться,go back
2056,reprendre,вернуться,
2057,reprendre,взять обратно,take back
2058,reprendre,забрать,pick up
2059,reprendre,забрать,recover
2060,reprendre,забрать,
2061,reprendre,подхватить,pick up
2062,reprendre,подхватить,echo
2063,reprendre,перенять,take over
2064,reprendre,повторять,repeat
2065,reprendre,повторять,renew
2066,reprendre,повторять,echo
2067,reprendre,повторять,
2068,reprendre,отбить,retake
2069,reprendre,отбить,recapture
2070,savoir,знать,know
2071,savoir,знать,find out
2072,savoir,знать,learn
2073,savoir,знать,hear
2074,savoir,знать,tell
2075,savoir,мочь,can
2076,savoir,мочь,be able to
2077,savoir,же знать,know
2078,savoir,же знать,hear
2079,savoir,же знать,tell
2080,savoir,выучить,learn
2081,savoir,знание,knowledge
2082,savoir,знания,knowledge
2083,savoir,знания,information
2084,savoir,ученость,no_equality
2085,électricité,электричество,electricity
2086,électricité,электричество,power
2087,électricité,электричество,energy
2088,électricité,электричество,electrical
2089,électricité,электричество,blackout
2090,électricité,энергетика,power
2091,électricité,энергетика,energy
2092,électricité,электротехника,electricity
2093,électricité,электропромышленность,no_equality
2094,éventail,спектр,range
2095,éventail,спектр,variety
2096,éventail,спектр,spectrum
2097,éventail,спектр,array
2098,éventail,спектр,scope
2099,éventail,спектр,set
2100,éventail,спектр,breadth
2101,éventail,спектр,continuum
2102,éventail,спектр,gamut
2103,éventail,спектр,
2104,éventail,веер,fan
2105,éventail,разброс,range
2106,éventail,вилка,no_equality
2107,bout,кончик,tip
2108,bout,кончик,fingertip
2109,bout,конец,end
2110,bout,конец,
2111,bout,обрывок,scrap
2112,bout,обрывок,piece
2113,bout,край,side
2114,bout,край,edge
2115,bout,край,
2116,bout,обрезок,scrap
2117,bout,отрезок,piece
2118,bout,отрезок,stretch
2119,bout,пенис,no_equality
2120,bout,ветвь,no_equality
2121,présenter,представить,present
2122,présenter,представить,submit
2123,présenter,представить,introduce
2124,présenter,представить,provide
2125,présenter,представить,make
2126,présenter,представить,give
2127,présenter,представить,produce
2128,présenter,представить,pose
2129,présenter,представить,represent
2130,présenter,представить,
2131,présenter,предъявить,present
2132,présenter,предъявить,submit
2133,présenter,предъявить,show
2134,présenter,предъявить,file
2135,présenter,предъявить,produce
2136,présenter,оформить,no_equality
2137,présenter,предлагать,submit
2138,présenter,предлагать,provide
2139,présenter,предлагать,offer
2140,présenter,иметь,
2141,présenter,присутствовать,appear
2142,présenter,присутствовать,
2143,présenter,преподнести,present
2144,présenter,преподнести,give
2145,présenter,подать,submit
2146,présenter,знакомить,introduce
2147,présenter,излагать,present
2148,déposer,сдать на хранение,no_equality
2149,déposer,подать,submit
2150,déposer,сдавать,deposit
2151,déposer,подавать заявку,no_equality
2152,déposer,положить,put
2153,déposer,положить,
2154,déposer,осаждать,no_equality
