,ru,fr,en
0,подчиненный,subordonné,subordinate
1,подчиненный,subalterne,subordinate
2,подчиненный,assujetti,no_equality
3,подчиненный,sujet,no_equality
4,подчиненный,sous-ordre,subordinate
5,подчиненный,préposé,no_equality
6,подчиненный,soumis,no_equality
7,точечный,ponctuel,no_equality
8,пожаробезопасность,incendie,no_equality
9,значительно,considérablement,significantly
10,значительно,considérablement,considerably
11,значительно,considérablement,much
12,значительно,considérablement,greatly
13,значительно,considérablement,substantially
14,значительно,considérablement,considerable
15,значительно,considérablement,dramatically
16,значительно,considérablement,markedly
17,значительно,considérablement,vastly
18,значительно,considérablement,severely
19,значительно,grandement,significantly
20,значительно,grandement,considerably
21,значительно,grandement,much
22,значительно,grandement,greatly
23,значительно,grandement,substantially
24,значительно,grandement,dramatically
25,значительно,grandement,vastly
26,значительно,grandement,severely
27,значительно,significativement,significantly
28,значительно,significativement,considerably
29,значительно,significativement,greatly
30,значительно,significativement,substantially
31,значительно,significativement,dramatically
32,значительно,significativement,markedly
33,значительно,nettement,significantly
34,значительно,nettement,considerably
35,значительно,nettement,much
36,значительно,nettement,greatly
37,значительно,nettement,substantially
38,значительно,nettement,far
39,значительно,nettement,well
40,значительно,nettement,dramatically
41,значительно,nettement,markedly
42,значительно,fortement,significantly
43,значительно,fortement,considerably
44,значительно,fortement,greatly
45,значительно,fortement,substantially
46,значительно,fortement,dramatically
47,значительно,fortement,severely
48,значительно,substantiellement,significantly
49,значительно,substantiellement,considerably
50,значительно,substantiellement,greatly
51,значительно,substantiellement,substantially
52,значительно,substantiellement,dramatically
53,значительно,radicalement,significantly
54,значительно,radicalement,substantially
55,значительно,radicalement,dramatically
56,значительно,sérieusement,significantly
57,значительно,sérieusement,severely
58,значительно,autrement,no_equality
59,значительно,singulièrement,significantly
60,значительно,significatif,significant
61,значительно,significatif,substantial
62,профессионализм,professionnalisme,professionalism
63,профессионализм,professionnalisme,professional
64,профессионализм,professionnalisme,competence
65,профессионализм,professionnalisme,professionalization
66,профессионализм,qualification,skill
67,очистить,nettoyer,clear
68,очистить,nettoyer,clean up
69,очистить,nettoyer,purify
70,очистить,nettoyer,cleanse
71,очистить,nettoyer,sweep
72,очистить,effacer,clear
73,очистить,peler,peel
74,очистить,voler,no_equality
75,труба,tuyau,pipe
76,труба,tuyau,tube
77,труба,tuyau,duct
78,труба,trompette,trumpet
79,труба,trompette,horn
80,труба,conduite,pipe
81,труба,conduite,duct
82,труба,gaine,duct
83,труба,trompe,horn
84,труба,tube d'usure,no_equality
85,несколько,plusieurs,multiple
86,несколько,plusieurs,numerous
87,несколько,différents,multiple
88,несколько,différents,several
89,несколько,différents,number
90,несколько,divers,multiple
91,несколько,divers,numerous
92,несколько,divers,several
93,несколько,quelque,a little
94,несколько,quelque,couple of
95,несколько,un peu,a few
96,несколько,un peu,some
97,несколько,un peu,slightly
98,несколько,un peu,somewhat
99,несколько,un peu,a little
100,несколько,quelque peu,slightly
101,несколько,quelque peu,somewhat
102,несколько,quelque peu,a little
103,несколько,légèrement,slightly
104,несколько,légèrement,somewhat
105,несколько,sur les bords,no_equality
106,невежественный,ignorant,ignorant
107,невежественный,ignorant,clueless
108,невежественный,profane,no_equality
109,написанное,écrit,written
110,написанное,écrit,writing
111,завтрак,déjeuner,breakfast
112,завтрак,déjeuner,lunch
113,завтрак,déjeuner,brunch
114,завтрак,déjeuner,luncheon
115,завтрак,petit déjeuner,breakfast
116,завтрак,petit déjeuner,lunch
117,завтрак,casse-croûte,lunch
118,быть знакомым,connaître,no_equality
119,быть знакомым,se connaître,no_equality
120,район,quartier,area
121,район,quartier,district
122,район,quartier,neighborhood
123,район,quartier,neighbourhood
124,район,quartier,block
125,район,quartier,part
126,район,quartier,hood
127,район,quartier,ward
128,район,quartier,borough
129,район,endroit,area
130,район,endroit,site
131,район,voisinage,area
132,район,voisinage,neighborhood
133,район,voisinage,neighbourhood
134,район,voisinage,vicinity
135,район,coin,area
136,район,coin,neighborhood
137,район,coin,neighbourhood
138,район,coin,part
139,район,rayon,area
140,район,section,area
141,район,section,part
142,долить,remplir,refill
143,долить,ajouter,no_equality
144,пряный,épicé,spicy
145,пряный,épicé,spiced
146,пряный,épicé,spicier
147,пряный,épice,no_equality
148,во,durant,for
149,во,durant,over
150,во,durant,throughout
151,одобрять,approuver,approve
152,одобрять,approuver,endorse
153,одобрять,approuver,condone
154,одобрять,approuver,countenance
155,одобрять,cautionner,approve
156,одобрять,cautionner,endorse
157,одобрять,cautionner,condone
158,одобрять,cautionner,countenance
159,одобрять,autoriser,approve
160,одобрять,autoriser,condone
161,одобрять,applaudir,approve
162,одобрять,agréer,approve
163,одобрять,trouver bon,no_equality
164,всполошить,alarmer,no_equality
165,восьмерка,huit,eight
166,восьмерка,Eight,no_equality
167,слон,éléphant,elephant
168,слон,éléphant,bull
169,подача,alimentation,supply
170,подача,alimentation,feed
171,подача,dépôt,filing
172,подача,dépôt,submission
173,подача,dépôt,application
174,подача,dépôt,lodging
175,подача,débit,no_equality
176,подача,avance,feed
177,подача,présentation,filing
178,подача,présentation,submission
179,подача,fourniture,supply
180,подача,mouvement d'avance,no_equality
181,подача,service,serve
182,войсковая часть,unité,part
183,войсковая часть,troupe,no_equality
184,стойкость,résistance,resilience
185,стойкость,résistance,resistance
186,стойкость,résistance,endurance
187,стойкость,résistance,stamina
188,стойкость,résistance,strength
189,стойкость,durabilité,endurance
190,стойкость,résilience,resilience
191,стойкость,capacité de résistance,resilience
192,стойкость,insensibilité,no_equality
193,стойкость,trempe,no_equality
194,стойкость,vaillance,courage
195,напев,mélodie,tune
196,напев,air,tune
197,напев,intonation,no_equality
198,профанирующий,profane,no_equality
199,соответствовать,correspondre à,meet
200,соответствовать,correspondre à,conform to
201,соответствовать,correspondre à,correspond to
202,соответствовать,correspondre à,match
203,соответствовать,correspondre à,reflect
204,соответствовать,correspondre à,fit
205,соответствовать,correspondre à,correspond with
206,соответствовать,être conforme,comply with
207,соответствовать,être conforme,be in line with
208,соответствовать,être conforme,be in compliance with
209,соответствовать,être conforme,be consistent with
210,соответствовать,être conforme,be in accordance with
211,соответствовать,répondre,meet
212,соответствовать,répondre,respond to
213,соответствовать,répondre,satisfy
214,соответствовать,être conforme à,comply with
215,соответствовать,être conforme à,conform to
216,соответствовать,être conforme à,be in line with
217,соответствовать,être conforme à,be in compliance with
218,соответствовать,être conforme à,conform with
219,соответствовать,être conforme à,be consistent with
220,соответствовать,être conforme à,be in accordance with
221,соответствовать,faire,no_equality
222,соответствовать,respecter,meet
223,соответствовать,respecter,comply with
224,соответствовать,respecter,follow
225,соответствовать,répondre à,meet
226,соответствовать,répondre à,comply with
227,соответствовать,répondre à,respond to
228,соответствовать,répondre à,satisfy
229,соответствовать,répondre à,fit
230,соответствовать,atteindre,meet
231,соответствовать,remplir,meet
232,соответствовать,remplir,satisfy
233,соответствовать,se rapporter,no_equality
234,соответствовать,concorder avec,correspond to
235,соответствовать,concorder avec,be in line with
236,соответствовать,concorder avec,match
237,соответствовать,concorder avec,correspond with
238,соответствовать,concorder avec,be consistent with
239,соответствовать,s'accorder,match
240,соответствовать,se prêter,no_equality
241,соответствовать,faire le poids,no_equality
242,промерзнуть,geler,no_equality
243,все-таки,pourtant,nevertheless
244,все-таки,pourtant,nonetheless
245,все-таки,toujours,no_equality
246,техническое умение,savoir-faire,ability
247,техническое умение,savoir-faire,skill
248,вывод,conclusion,conclusion
249,вывод,conclusion,finding
250,вывод,conclusion,inference
251,вывод,conclusion,concluding
252,вывод,conclusion,deduction
253,вывод,sortie,output
254,вывод,sortie,departure
255,вывод,connexion,no_equality
256,вывод,extraction,removal
257,вывод,terminaison,no_equality
258,вывод,évacuation,removal
259,вывод,placement,no_equality
260,вывод,induction,no_equality
261,вывод,injection,no_equality
262,гласить,dire,no_equality
263,гласить,annoncer,no_equality
264,ась,hein,no_equality
265,прошлое,passé,past
266,прошлое,passé,history
267,прошлое,passé,time
268,прошлое,passé,background
269,прошлое,passé,last
270,прошлое,passé,bygones
271,прошлое,passé,bygone
272,прошлое,antécédents,past
273,прошлое,antécédents,history
274,прошлое,antécédents,background
275,прошлое,antécédent,history
276,прошлое,antécédent,background
277,прошлое,hier,no_equality
278,пустышка,sucette,pacifier
279,пустышка,sucette,dummy
280,показывать,montrer,show
281,показывать,montrer,display
282,показывать,montrer,demonstrate
283,показывать,montrer,indicate
284,показывать,montrer,see
285,показывать,montrer,point
286,показывать,montrer,reveal
287,показывать,montrer,show up
288,показывать,montrer,exhibit
289,показывать,afficher,show
290,показывать,afficher,display
291,показывать,afficher,see
292,показывать,afficher,exhibit
293,показывать,passer,no_equality
294,показывать,apparaître,display
295,показывать,apparaître,show up
296,показывать,diffuser,no_equality
297,показывать,jouer,no_equality
298,показывать,dire,point
299,показывать,dire,say
300,показывать,faire apparaître,show
301,показывать,faire apparaître,display
302,показывать,faire apparaître,reveal
303,показывать,faire apparaître,disclose
304,показывать,pointer,point
305,показывать,pointer,show up
306,трудность,difficulté,difficulty
307,трудность,difficulté,challenge
308,трудность,difficulté,problem
309,трудность,difficulté,difficult
310,трудность,difficulté,constraint
311,трудность,difficulté,complication
312,трудность,difficulté,hardship
313,трудность,défi,challenge
314,трудность,défi,problem
315,трудность,peine,no_equality
316,трудность,hypothèque,no_equality
317,трудность,os,no_equality
318,трудность,rudesse,no_equality
319,трудность,accrochage,no_equality
320,трудность,merde,no_equality
321,развязать,dénouer,untie
322,развязать,dénouer,loosen
323,развязать,dénouer,untangle
324,развязать,dénouer,undo
325,развязать,détacher,untie
326,развязать,détacher,loosen
327,развязать,détacher,loose
328,развязать,lâcher,unleash
329,прекращаться,cesser,stop
330,прекращаться,cesser,cease
331,прекращаться,cesser,terminate
332,прекращаться,s'arrêter,stop
333,прекращаться,s'arrêter,terminate
334,прекращаться,s'interrompre,stop
335,прекращаться,s'interrompre,be discontinued
336,прекращаться,s'interrompre,be suspended
337,прекращаться,finir,stop
338,прекращаться,finir,cease
339,прекращаться,céder,no_equality
340,прекращаться,se briser,no_equality
341,прекращаться,super,no_equality
342,вытекание,écoulement,streaming
343,ареал,habitat,area
344,ареал,habitat,habitat
345,ареал,aire géographique,no_equality
346,тянуть,tirer,pull
347,тянуть,tirer,drag
348,тянуть,tirer,draw
349,тянуть,tirer sur,no_equality
350,тянуть,étirer,draw
351,тянуть,faire traîner,drag
352,тянуть,faire traîner,stall
353,тянуть,soutirer,no_equality
354,тянуть,retarder,stall
355,тянуть,entraîner,pull
356,тянуть,entraîner,drag
357,тянуть,dessiner,draw
358,тянуть,lambiner,no_equality
359,тянуть,avoir envie de,no_equality
360,тянуть,humer,no_equality
361,тянуть,peser,no_equality
362,тянуть,filer,draw
363,тянуть,flâner,no_equality
364,вокруг,autour,around
365,вокруг,derrière,behind
366,вокруг,autour de,around
367,вокруг,autour de,round
368,вокруг,autour de,about
369,вокруг,autour de,surrounding
370,вокруг,autour de,over
371,вокруг,autour de,near
372,вокруг,tout autour,everywhere
373,вокруг,tout autour,surrounding
374,вокруг,environ,around
375,вокруг,environ,round
376,вокруг,environ,about
377,вокруг,alentour,around
378,вокруг,alentour,surrounding
379,вокруг,à l'horizon,no_equality
380,папаша,papa,dad
381,папаша,papa,father
382,папаша,papa,daddy
383,папаша,papa,pop
384,папаша,papa,papa
385,папаша,papa,pappy
386,размах крыльев,envergure,wingspan
387,размах крыльев,vol,no_equality
388,учиться,apprendre,learn
389,учиться,apprendre,study
390,учиться,apprendre,teach
391,учиться,apprendre à,teach
392,учиться,étudier à,no_equality
393,учиться,faire ses études,no_equality
394,учиться,faire l'apprentissage,education
395,учиться,faire ses classes,no_equality
396,учиться,faire l'apprentissage de,no_equality
397,играть роль,jouer,act
398,играть роль,tenir un rôle,play a part
399,играть роль,intervenir,act
400,играть роль,figurer,no_equality
401,тесто,pâte,dough
402,тесто,pâte,batter
403,тесто,pâte,pastry
404,тесто,pâtisserie,pastry
405,колледж,collège,college
406,колледж,collège,school
407,колледж,collège,colegio
408,колледж,College,college
409,вывести,faire sortir,get
410,вывести,faire sortir,remove
411,вывести,faire sortir,pull
412,вывести,déduire,derive
413,вывести,déduire,deduce
414,вывести,afficher,no_equality
415,вывести,retirer,withdraw
416,вывести,retirer,remove
417,вывести,dériver,derive
418,вывести,amener,lead
419,вывести,amener,bring
420,вывести,amener,move
421,вывести,afcher,no_equality
422,вывести,encaisser,no_equality
423,вывести,emmener,lift
424,вывести,emmener,bring
425,вывести,emmener,escort
426,вывести,élever,lift
427,вывести,tracer,no_equality
428,вывести,détruire,no_equality
429,принимать,accepter,take
430,принимать,accepter,accept
431,принимать,accepter,receive
432,принимать,accepter,accommodate
433,принимать,accepter,admit
434,принимать,traiter,no_equality
435,принимать,vouloir,no_equality
436,принимать,imposer,no_equality
437,принимать,envisager,entertain
438,принимать,affecter,no_equality
439,принимать,revêtir,assume
440,принимать,réceptionner,receive
441,принимать,capter,receive
442,принимать,prendre en charge,accommodate
443,принимать,contracter,undertake
444,принимать,retirer,take
445,принимать,affilier,no_equality
446,принимать,être visible,no_equality
447,замерзший,gelé,frozen
448,замерзший,froid,frozen
449,замерзший,pris,no_equality
450,моторный,à moteur,motor
451,моторный,moteur,motor
452,моторный,motorisé,motor
453,аттестовать,certifier,certify
454,аттестовать,classer,no_equality
455,аттестовать,noter,no_equality
456,премьер,Premier,premier
457,премьер,le Premier,no_equality
458,премьер,jeune premier,no_equality
459,советник,conseiller,adviser
460,советник,conseiller,advisor
461,советник,conseiller,counselor
462,советник,conseiller,counsellor
463,советник,conseiller,councilman
464,советник,conseiller,councillor
465,советник,conseiller,councilor
466,советник,conseiller,alderman
467,советник,conseiller,consultant
468,советник,conseillère,adviser
469,советник,conseillère,advisor
470,советник,conseillère,counselor
471,советник,conseillère,counsellor
472,советник,conseillère,counsel
473,советник,conseillère,councillor
474,советник,conseillère,councilwoman
475,советник,conseillère,councilor
476,советник,conseillère,consultant
477,советник,expert,consultant
478,советник,guide,no_equality
479,стукнуться,heurter,no_equality
480,стукнуться,se cogner,no_equality
481,доплата,supplément,surcharge
482,доплата,supplément,additional charge
483,доплата,paiement supplémentaire,no_equality
484,доплата,paiement complémentaire,no_equality
485,доплата,supplément à payer,no_equality
486,доплата,supplément de prix,surcharge
487,доплата,supplément de prix,additional charge
488,загружать,télécharger,download
489,загружать,télécharger,upload
490,загружать,télécharger,load
491,загружать,charger,download
492,загружать,charger,upload
493,загружать,charger,load
494,загружать,démarrer,boot
495,аннулирование,annulation,cancellation
496,аннулирование,annulation,annulment
497,аннулирование,annulation,revocation
498,аннулирование,annulation,nullification
499,аннулирование,annulation,invalidation
500,аннулирование,annulation,reversal
501,аннулирование,annulation,cancelation
502,аннулирование,annulation,nullifying
503,аннулирование,annulation,annulling
504,аннулирование,contre-passation,reversal
505,аннулирование,rupture,no_equality
506,асфальт,asphalte,asphalt
507,асфальт,asphalte,pavement
508,асфальт,asphalte,tarmac
509,асфальт,asphalte,bitumen
510,асфальт,pavage,pavement
511,асфальт,route,street
512,подвергать,exposer,put
513,подвергать,exposer,expose
514,подвергать,exposer,endanger
515,подвергать,faire subir,subject
516,подвергать,faire courir,no_equality
517,подвергать,subir,subject
518,подвергать,subir,risk
519,подвергать,subir,submit
520,подвергать,infliger,subject
521,подвергать,frapper,no_equality
522,шаблон,modèle,template
523,шаблон,modèle,pattern
524,шаблон,patron,template
525,шаблон,patron,pattern
526,шаблон,calibre,template
527,шаблон,calibre,gauge
528,шаблон,forme,no_equality
529,шаблон,silhouette,no_equality
530,шаблон,trousseau,no_equality
531,шаблон,vérificateur,no_equality
532,шаблон,trousse,no_equality
533,шаблон,stéréotype,no_equality
534,шаблон,sabot,no_equality
535,единовременный,forfaitaire,one-time
536,единовременный,unique,one-time
537,отмена,annulation,cancellation
538,отмена,annulation,revocation
539,отмена,annulation,annulment
540,отмена,annulation,termination
541,отмена,annulation,reversal
542,отмена,annulation,cancelation
543,отмена,annulation,rescinding
544,отмена,rapport,no_equality
545,отмена,cassation,annulment
546,отмена,cassation,reversal
547,отмена,infirmation,reversal
548,отмена,dénonciation,withdrawal
549,отмена,dénonciation,termination
550,полевой,des champs,field
551,полевой,champêtre,field
552,полевой,de campagne,field
553,ясный,clair,clear
554,ясный,clair,bright
555,ясный,clair,lucid
556,ясный,clair,explicit
557,ясный,voix claire,no_equality
558,ясный,lucide,clear
559,ясный,lucide,lucid
560,ясный,lucide,clarity
561,ясный,exprès,explicit
562,ясный,carré,no_equality
563,ясный,esprit lucide,clear
564,ясный,esprit lucide,lucid
565,прямолинейный,rectiligne,no_equality
566,прямолинейный,droit,no_equality
567,прямолинейный,brutal,no_equality
568,сломить,briser,break
569,сломить,briser,crush
570,сломить,décomposer,no_equality
571,свернуть,rouler,roll
572,свернуть,rouler,roll up
573,свернуть,enrouler,roll
574,свернуть,enrouler,roll up
575,свернуть,prendre à gauche,no_equality
576,свернуть,prendre à droite,no_equality
577,свернуть,forcer,no_equality
578,частность,détail,no_equality
579,понять,comprendre,understand
580,понять,comprendre,figure out
581,понять,comprendre,know
582,понять,comprendre,clear
583,понять,comprendre,see
584,понять,comprendre,realize
585,понять,comprendre,realise
586,понять,comprendre,comprehend
587,понять,comprendre,grasp
588,понять,comprendre,work out
589,понять,comprendre,appreciate
590,понять,saisir,understand
591,понять,saisir,grasp
592,понять,apprendre,know
593,понять,apprendre,realize
594,понять,apprendre,tell
595,понять,apprendre,find out
596,понять,apprendre,learn
597,понять,appréhender,understand
598,понять,appréhender,comprehend
599,понять,appréhender,grasp
600,понять,reconnaître,know
601,понять,reconnaître,see
602,понять,reconnaître,appreciate
603,понять,découvrir,figure out
604,понять,découvrir,know
605,понять,découvrir,see
606,понять,découvrir,find out
607,понять,prendre conscience de,understand
608,понять,prendre conscience de,realize
609,понять,apprécier,appreciate
610,понять,deviner,figure out
611,понять,deviner,know
612,понять,deviner,tell
613,понять,deviner,find out
614,понять,faire sentir,no_equality
615,миссия,mission,mission
616,миссия,mission,visit
617,миссия,message,no_equality
618,пальцевой,de doigt,no_equality
619,пальцевой,digital,no_equality
620,вдали,loin de,no_equality
621,вдали,au loin,in the distance
622,вдали,au loin,afar
623,вдали,au loin,in distance
624,вдали,dans le lointain,in the distance
625,мебельный гарнитур,ensemble de mobilier,no_equality
626,мебельный гарнитур,ensemble,set
627,дальше,plus loin,further
628,дальше,plus loin,farther
629,дальше,plus loin,any further
630,дальше,plus loin,ahead
631,дальше,outre,beyond
632,дальше,delà,further
633,дальше,encore,further
634,дальше,encore,now
635,дальше,après,next
636,дальше,après,beyond
637,дальше,après,then
638,дальше,après,past
639,дальше,allez toujours,no_equality
640,дальше,ultérieurement,further
641,кашица,bouillie,no_equality
642,летом,en été,in summer
643,летом,en été,in the summer
644,автомеханик,mécanicien auto,auto mechanic
645,автомеханик,mécanicien,mechanic
646,затем,ensuite,then
647,затем,ensuite,subsequently
648,затем,ensuite,later
649,затем,ensuite,thereafter
650,затем,ensuite,next
651,затем,ensuite,followed
652,затем,ensuite,after
653,затем,ensuite,further
654,затем,ensuite,afterwards
655,затем,pour cela,no_equality
656,затем,subséquemment,subsequently
657,затем,subséquemment,later
658,затем,subséquemment,thereafter
659,затем,subséquemment,subsequent
660,затем,là-dessus,no_equality
661,делать поворот,virer,no_equality
662,бубен,tambourin,tambourine
663,бубен,tambour,drum
664,бубен,tambour de basque,tambourine
665,существенный,substantiel,significant
666,существенный,substantiel,substantial
667,существенный,substantiel,substantive
668,существенный,substantiel,considerable
669,существенный,substantiel,major
670,существенный,substantiel,meaningful
671,существенный,substantiel,material
672,существенный,substantiel,sizeable
673,существенный,essentiel,important
674,существенный,essentiel,essential
675,существенный,essentiel,major
676,существенный,essentiel,material
677,существенный,essentiel,relevant
678,существенный,majeur,significant
679,существенный,majeur,important
680,существенный,majeur,major
681,существенный,fondamental,important
682,существенный,fondamental,essential
683,существенный,fondamental,major
684,существенный,immense,considerable
685,существенный,immense,major
686,пролив,détroit,strait
687,пролив,détroit,passage
688,пролив,détroit,channel
689,пролив,détroit,cross-strait
690,пролив,bras de mer,no_equality
691,пролив,pas,no_equality
692,пролив,passe,no_equality
693,пролив,manche,channel
694,пролив,porte,no_equality
695,начать,commencer,start
696,начать,commencer,begin
697,начать,commencer,initiate
698,начать,commencer,commence
699,начать,commencer,get started
700,начать,commencer,go
701,начать,commencer,open
702,начать,commencer,proceed
703,начать,commencer,embark
704,начать,commencer à,start
705,начать,commencer à,initiate
706,начать,commencer à,commence
707,начать,commencer à,embark on
708,начать,développer,no_equality
709,начать,inaugurer,initiate
710,начать,inaugurer,launch
711,начать,inaugurer,open
712,начать,aborder,no_equality
713,заключительный,final,final
714,заключительный,final,concluding
715,заключительный,final,closing
716,заключительный,conclusif,concluding
717,заключительный,conclusif,conclusive
718,заключительный,ultime,final
719,заключительный,ultime,concluding
720,заключительный,ultime,last
721,заключительный,récapitulatif,no_equality
722,уборка,nettoyage,cleaning
723,уборка,nettoyage,cleanup
724,уборка,nettoyage,mopping
725,уборка,nettoyage,tidying
726,уборка,nettoyage,cleaned
727,уборка,récolte,harvesting
728,уборка,nettoiement,cleaning
729,уборка,ranger,no_equality
730,уборка,enlèvement,no_equality
731,уборка,rentrée,no_equality
732,уборка,levée,no_equality
733,уборка,mettre en ordre,no_equality
734,формат,format,format
735,формат,format,form
736,формат,format,layout
737,формат,format,formatting
738,формат,format,size
739,формат,modèle de données,no_equality
740,новейший,récent,newest
741,новейший,récent,latest
742,новейший,récent,up-to-date
743,новейший,nouveau jeu,no_equality
744,новейший,d'actualité,no_equality
745,популярный,populaire,popular
746,популярный,en vogue,popular
747,популярный,répandu,popular
748,популярный,à succès,popular
749,популярный,à succès,best-selling
750,популярный,en flèche,no_equality
751,прохождения,parcours,route
752,грунтовка,apprêt,primer
753,грунтовка,apprêt,priming
754,грунтовка,couche d'apprêt,no_equality
755,грунтовка,amorce,primer
756,грунтовка,couche de fond,undercoat
757,грунтовка,préparation,no_equality
758,грунтовка,sous-couche,primer
759,грунтовка,sous-couche,undercoat
760,грунтовка,amorçage,primer
761,грунтовка,amorçage,priming
762,грунтовка,apprêtage,priming
763,грунтовка,impression,no_equality
764,грунтовка,support,no_equality
765,грунтовка,couleur de fond,no_equality
766,грунтовка,dessous,no_equality
767,обниматься,s'embrasser,hug
768,обниматься,s'embrasser,embrace
769,обниматься,s'enlacer,cuddle
770,обниматься,s'enlacer,embrace
771,строить,construire,build
772,строить,construire,construct
773,строить,construire,make
774,строить,construire,construction
775,строить,construire,rebuild
776,строить,construire,create
777,строить,faire,make
778,строить,générer,make
779,строить,générer,create
780,строить,former,build
781,строить,former,create
782,строить,planifier,no_equality
783,строить,élever,no_equality
784,строить,nouer,build
785,строить,nouer,make
786,строить,structurer,no_equality
787,строить,ranger,no_equality
788,строить,forger,build
789,строить,forger,make
790,строить,forger,create
791,отложения,sédiment,sediment
792,отложения,sédiments,sediment
793,отложения,sédiments,deposits
794,отложения,dépôts,deposition
795,отложения,dépôts,deposits
796,отложения,dépôts,deposit
797,отложения,formation,no_equality
798,отложения,formations,no_equality
799,отложения,terrain,no_equality
800,отложения,terrains,no_equality
801,родитель,parent,parent
802,родитель,procréateur,no_equality
803,отзыв,avis,review
804,отзыв,révocation,withdrawal
805,отзыв,révocation,revocation
806,отзыв,révocation,recall
807,отзыв,révocation,revoking
808,отзыв,témoignage,no_equality
809,отзыв,rapport,no_equality
810,отзыв,rappel,recall
811,отзыв,référence,reference
812,отзыв,mention,reference
813,отзыв,compte rendu,review
814,отзыв,reprise,no_equality
815,отзыв,écho,response
816,отзыв,attestation,no_equality
817,худеть,perdre du poids,lose weight
818,худеть,maigrir,lose weight
819,худеть,maigrir,diet
820,худеть,devenir maigre,no_equality
821,худеть,amincir,no_equality
822,худеть,fondre,no_equality
823,худеть,décoller,no_equality
824,компенсация,compensation,compensation
825,компенсация,compensation,compensated
826,компенсация,compensation,indemnification
827,компенсация,compensation,compensating
828,компенсация,correction,compensation
829,компенсация,égalisation,no_equality
830,компенсация,régénération,no_equality
831,возмещение,remboursement,reimbursement
832,возмещение,remboursement,compensation
833,возмещение,remboursement,recovery
834,возмещение,remboursement,refund
835,возмещение,remboursement,payment
836,возмещение,remboursement,repayment
837,возмещение,remboursement,reimbursed
838,возмещение,remboursement,reimbursing
839,возмещение,réparation,reparation
840,возмещение,réparation,compensation
841,возмещение,réparation,restitution
842,возмещение,réparation,remedy
843,возмещение,réparation,indemnification
844,возмещение,réparation,relief
845,возмещение,réparation,damages
846,возмещение,redevance,payment
847,итоговый,final,final
848,итоговый,total,total
849,обуза,fardeau,burden
850,обуза,corvée,burden
851,обуза,corvée,drag
852,обуза,bébé,no_equality
853,объездить,parcourir,no_equality
854,объездить,voyager,no_equality
855,летать,voler,fly
856,летать,voler,flight
857,летать,piloter,fly
858,летать,piloter,ride
859,уже,déjà,already
860,уже,déjà,now
861,уже,déjà,previously
862,уже,déjà,before
863,уже,déjà,existing
864,уже,désormais,now
865,уже,désormais,anymore
866,уже,tout à l'heure,previously
867,уже,tout à l'heure,before
868,зависание,blocage,no_equality
869,излучать,rayonner,radiate
870,излучать,rayonner,beam
871,излучать,émettre,radiate
872,излучать,émettre,emit
873,излучать,rayonner de,radiate
874,излучать,respirer,exude
875,излучать,répandre,emit
876,излучать,répandre,shed
877,излучать,radier,radiate
878,Восток,orient,east
879,Восток,orient,eastern
880,Восток,orient,east-west
881,Восток,orient,orient
882,Восток,oriental,orient
883,восток,est,east
884,восток,aurore,no_equality
885,силы,force,force
886,силы,force,strength
887,силы,force,manpower
888,силы,forces,force
889,силы,forces,power
890,силы,forces,strength
891,силы,forces,energy
892,силы,forces,troops
893,устойчивость,stabilité,sustainability
894,устойчивость,stabilité,stability
895,устойчивость,stabilité,resistance
896,устойчивость,tolérance,tolerance
897,устойчивость,pouvoir résistant,resistance
898,устойчивость,pouvoir résistant,resistant
899,устойчивость,immutabilité,stability
900,устойчивость,comportement,no_equality
901,выставление,mise,no_equality
902,выставление,émission,no_equality
903,выставление,production,no_equality
904,выставление,exposition,display
905,выставление,exposition,displaying
906,выставление,tirage,no_equality
907,выставление,souscription,no_equality
908,нести,assumer,bear
909,нести,assumer,take
910,нести,assumer,assume
911,нести,assumer,shoulder
912,нести,assumer,accept
913,нести,assumer,perform
914,нести,porter,bear
915,нести,porter,carry
916,нести,porter,take
917,нести,transporter,carry
918,нести,exercer,perform
919,нести,comporter,bear
920,нести,comporter,carry
921,нести,mener,take
922,нести,mener,perform
923,нести,garder,bear
924,нести,pondre,no_equality
925,нести,chanter,perform
926,нести,chasser,no_equality
927,завершиться ошибкой,échouer,no_equality
928,ручка,poignée,handle
929,ручка,poignée,knob
930,ручка,poignée,doorknob
931,ручка,poignée,grip
932,ручка,stylo,pen
933,ручка,stylo,handle
934,ручка,stylo,pencil
935,ручка,porte-plume,no_equality
936,ручка,anse,handle
937,ручка,portant,no_equality
938,ручка,tige,no_equality
939,ручка,bras,arm
940,ручка,oreille,no_equality
941,ручка,fusée,no_equality
942,ручка,menotte,no_equality
943,отмечаться,pointer,no_equality
944,отмечаться,se pointer,no_equality
945,вековой,séculaire,age-old
946,вековой,séculaire,centuries-old
947,вековой,séculaire,century-old
948,вековой,séculaire,century-long
949,вековой,séculaire,secular
950,вековой,très ancien,age-old
951,разведка,exploration,exploration
952,разведка,exploration,prospecting
953,разведка,exploration,investigation
954,разведка,intelligence,intelligence
955,разведка,service de renseignements,intelligence agency
956,разведка,service de renseignements,intelligence service
957,разведка,travail d'exploration,no_equality
958,разведка,reconnaissance,reconnaissance
959,разведка,reconnaissance,recon
960,разведка,reconnaissance,scouting
961,разведка,reconnaissance,scout
962,разведка,reconnaissance,recce
963,разведка,recherche,exploration
964,разведка,recherche,investigation
965,разведка,enquête,survey
966,разведка,enquête,investigation
967,разведка,campagne,no_equality
968,разведка,travail de recherche,no_equality
969,разведка,sonde,no_equality
970,разведка,éclairage,no_equality
971,пронзить,transpercer,pierce
972,пронзить,transpercer,stab
973,пронзить,pénétrer,no_equality
974,носить,porter,wear
975,носить,porter,carry
976,носить,porter,bear
977,носить,porter,take
978,носить,s'habiller,wear
979,носить,s'habiller,dress
980,носить,promener,no_equality
981,носить,coltiner,no_equality
982,подход,approche,approach
983,подход,approche,way
984,подход,approche,perspective
985,подход,attitude,approach
986,подход,attitude,attitude
987,подход,attitude,spirit
988,подход,traitement,treatment
989,подход,point de vue,approach
990,подход,point de vue,perspective
991,подход,manière d'aborder,no_equality
992,подход,accès,no_equality
993,подход,abord,approach
994,подход,manière de voir,view
995,подход,percée,no_equality
996,подход,voie d'abord,no_equality
997,подход,grille,no_equality
998,подход,accostage,no_equality
999,пункт,paragraphe,paragraph
1000,пункт,paragraphe,para
1001,пункт,paragraphe,item
1002,пункт,paragraphe,point
1003,пункт,paragraphe,clause
1004,пункт,paragraphe,section
1005,пункт,paragraphe,subparagraph
1006,пункт,paragraphe,subsection
1007,пункт,point,paragraph
1008,пункт,point,item
1009,пункт,point,point
1010,пункт,point,section
1011,пункт,point,location
1012,пункт,point,issue
1013,пункт,disposition,clause
1014,пункт,disposition,section
1015,пункт,lieu,point
1016,пункт,lieu,site
1017,пункт,lieu,location
1018,пункт,lieu,station
1019,пункт,bureau,no_equality
1020,пункт,endroit,point
1021,пункт,endroit,site
1022,пункт,endroit,location
1023,пункт,station,site
1024,пункт,station,station
1025,поворачиваться,pivoter,rotate
1026,поворачиваться,se tourner,turn
1027,поворачиваться,se rouler,no_equality
1028,поворачиваться,se présenter,no_equality
1029,согласоваться,concorder,be consistent
1030,согласоваться,s'accorder,no_equality
1031,лаврак,bar,sea bass
1032,продвинутый,avancé,advanced
1033,продвинутый,promu,no_equality
1034,конфликтовать,être en conflit,conflict
1035,суета,agitation,fuss
1036,суета,agitation,commotion
1037,суета,agitation,fussing
1038,суета,remue-ménage,fuss
1039,суета,remue-ménage,commotion
1040,суета,affairement,no_equality
1041,суета,vide,no_equality
1042,суета,cirque,fuss
1043,промежуток,intervalle,interval
1044,промежуток,intervalle,gap
1045,промежуток,intervalle,span
1046,промежуток,intervalle,distance
1047,промежуток,espacement,gap
1048,промежуток,espacement,distance
1049,промежуток,espace intermédiaire,gap
1050,промежуток,entre-deux,no_equality
1051,промежуток,pause,no_equality
1052,промежуток,jeu,no_equality
1053,промежуток,intermède,interval
1054,установки,dispositifs,device
1055,установки,élément,unit
1056,завершать,terminer,complete
1057,завершать,terminer,conclude
1058,завершать,terminer,finalize
1059,завершать,terminer,finish
1060,завершать,terminer,close
1061,завершать,finaliser,complete
1062,завершать,finaliser,conclude
1063,завершать,finaliser,finalize
1064,завершать,finaliser,finish
1065,завершать,accomplir,complete
1066,завершать,accomplir,accomplish
1067,завершать,consommer,no_equality
1068,завершать,liquider,no_equality
1069,холодный,froid,cold
1070,холодный,froid,cool
1071,холодный,froid,chilly
1072,холодный,froid,chilled
1073,холодный,frigide,no_equality
1074,холодный,réfrigérant,no_equality
1075,холодный,non chauffé,no_equality
1076,холодный,algide,no_equality
1077,холодный,pincé,no_equality
1078,холодный,de marbre,no_equality
1079,холодный,académique,no_equality
1080,послушно,docilement,obediently
1081,послушно,consciencieusement,dutifully
1082,поддержание,maintien,maintenance
1083,поддержание,maintien,maintaining
1084,поддержание,maintien,support
1085,поддержание,maintien,keeping
1086,поддержание,maintien,preservation
1087,поддержание,maintien,maintained
1088,поддержание,manutention,maintenance
1089,сексуальность,sexualité,sexuality
1090,сексуальность,sexualité,sexiness
1091,опорная плоскость,référence,no_equality
1092,опорная плоскость,plan d'appui,no_equality
1093,лучший,meilleur,best
1094,лучший,meilleur,better
1095,лучший,meilleur,greatest
1096,лучший,meilleur,good
1097,лучший,meilleur,finest
1098,лучший,meilleur,top
1099,лучший,le meilleur,no_equality
1100,лучший,haut de gamme,no_equality
1101,лучший,optimal,best
1102,лучший,optimal,perfect
1103,лучший,de première,top
1104,лучший,de premier choix,no_equality
1105,тест,test,quiz
1106,тест,test,testing
1107,тест,test,test
1108,тест,test,tested
1109,тест,test,exam
1110,тест,test,examination
1111,выудить,soutirer,no_equality
1112,выудить,pêcher,no_equality
1113,ступени,escalier,step
1114,ступени,escalier,ladder
1115,холодильный транспорт,transport frigorifique,no_equality
1116,холодильный транспорт,transport réfrigéré,no_equality
1117,холодильный транспорт,transport,transport
1118,холодильный транспорт,transport,transportation
1119,холодильный транспорт,transport,traffic
1120,селекция,sélection,breeding
1121,селекция,sélection,selection
1122,селекция,séparation,no_equality
1123,наряду,à côté,in addition
1124,наряду,également,as well
1125,наряду,également,further
1126,наряду,également,equally
1127,наряду,de pair,in parallel
1128,наряду,de pair,in tandem
1129,наряду,de pair,in conjunction
1130,интимно,intimement,intimate
1131,интимно,intimement,intimately
1132,кстати,au fait,by the way
1133,кстати,au fait,actually
1134,кстати,au fait,incidentally
1135,кстати,au fait,in fact
1136,кстати,au fait,anyway
1137,кстати,à propos,by the way
1138,кстати,à propos,incidentally
1139,кстати,à propos,by the by
1140,кстати,à propos,apropos
1141,кстати,fait,no_equality
1142,кстати,à point nommé,no_equality
1143,кстати,à point,no_equality
1144,кстати,à plomb,no_equality
1145,кстати,de saison,no_equality
1146,процент,pour cent,per cent
1147,процент,pour cent,percentage
1148,процент,pour cent,percent
1149,процент,pourcentage,per cent
1150,процент,pourcentage,percentage
1151,процент,pourcentage,percent
1152,процент,pourcentage,rate
1153,процент,pourcentage,ratio
1154,процент,pour-cent,per cent
1155,процент,pour-cent,percentage
1156,процент,pour-cent,percent
1157,процент,intérêt,interest
1158,процент,intérêts,interest
1159,процент,loyer,no_equality
1160,процент,tantième,percentage
1161,отвезти,emmener,take
1162,отвезти,emmener,drive
1163,отвезти,emmener,ride
1164,отвезти,emmener,bring
1165,отвезти,emmener,fly
1166,отвезти,emmener,lift
1167,отвезти,conduire,take
1168,отвезти,conduire,drive
1169,отвезти,conduire,ride
1170,отвезти,conduire,bring
1171,отвезти,reconduire,drive
1172,отвезти,reconduire,ride
1173,отвезти,porter,take
1174,отвезти,porter,bring
1175,общий смысл,contexte,no_equality
1176,экзаменационный,d'examen,examination
1177,экзаменационный,d'examen,examining
1178,слоник,éléphant,elephant
1179,электроэнергия,énergie électrique,electricity
1180,электроэнергия,énergie électrique,electric power
1181,электроэнергия,énergie électrique,electrical power
1182,электроэнергия,Electricité,no_equality
1183,экстремальный,extrême,extreme
1184,выездной,de sortie,exit
1185,допускать,admettre,allow
1186,допускать,admettre,admit
1187,допускать,admettre,accept
1188,допускать,admettre,assume
1189,допускать,admettre,grant
1190,допускать,passer,take
1191,допускать,accepter,allow
1192,допускать,accepter,permit
1193,допускать,accepter,tolerate
1194,допускать,accepter,admit
1195,допускать,accepter,accept
1196,допускать,accepter,take
1197,допускать,permettre,allow
1198,допускать,permettre,permit
1199,допускать,permettre,let
1200,допускать,permettre,allow for
1201,допускать,permettre,permit of
1202,допускать,présumer,assume
1203,допускать,mettre,take
1204,допускать,convenir,admit
1205,допускать,introduire,no_equality
1206,допускать,consentir,allow
1207,допускать,consentir,accept
1208,допускать,consentir,grant
1209,допускать,laisser faire,allow
1210,допускать,laisser faire,let
1211,занимать,occuper,occupy
1212,занимать,occuper,hold
1213,занимать,occuper,serve
1214,занимать,détenir,hold
1215,занимать,durer,take
1216,занимать,remplir,occupy
1217,занимать,manger,consume
1218,занимать,coloniser,no_equality
1219,требовать,exiger,require
1220,требовать,exiger,demand
1221,требовать,exiger,claim
1222,требовать,exiger,request
1223,требовать,exiger,ask
1224,требовать,exiger,call for
1225,требовать,exiger,hold
1226,требовать,exiger,insist
1227,требовать,exiger,expect
1228,требовать,exiger,take
1229,требовать,exiger,exact
1230,требовать,avoir besoin,require
1231,требовать,avoir besoin,be required
1232,требовать,avoir besoin,need
1233,требовать,avoir besoin,want
1234,требовать,vouloir,seek
1235,требовать,vouloir,want
1236,требовать,prendre,take
1237,требовать,requérante,no_equality
1238,требовать,dicter,no_equality
1239,требовать,crier,no_equality
1240,требовать,convoquer,hold
1241,требовать,mander,no_equality
1242,гениальность,génialité,genius
1243,тыкаться,essuyer,no_equality
1244,слезать,éplucher,no_equality
1245,слезать,décoller,no_equality
1246,слезать,descendre,get off
1247,слезать,descendre,come down
1248,историзм,historisme,no_equality
1249,историзм,méthode historique,no_equality
1250,историзм,historique,no_equality
1251,замещающий,suppléant,replacement
1252,замещающий,suppléant,substitute
1253,вымыть,laver,wash
1254,вымыть,laver,clean
1255,вымыть,laver,bath
1256,вымыть,laver,scrub
1257,вымыть,creuser,no_equality
1258,очень много,beaucoup,a lot of
1259,очень много,beaucoup,much
1260,очень много,beaucoup,very much
1261,очень много,beaucoup,many
1262,очень много,beaucoup,great deal
1263,очень много,infiniment,very much
1264,очень много,un max,no_equality
1265,очень,très,very
1266,очень,très,really
1267,очень,très,pretty
1268,очень,très,very much
1269,очень,très,great
1270,очень,très,real
1271,очень,très,extremely
1272,очень,très,quite
1273,очень,très,highly
1274,очень,très,well
1275,очень,très,way
1276,очень,extrêmement,great
1277,очень,extrêmement,extremely
1278,очень,extrêmement,highly
1279,очень,tout,very
1280,очень,tout,quite
1281,очень,assez,pretty
1282,очень,assez,quite
1283,очень,super,really
1284,очень,super,great
1285,очень,super,good
1286,очень,super,super
1287,очень,tellement,really
1288,очень,tellement,very much
1289,очень,fortement,great
1290,очень,fortement,highly
1291,очень,quelque chose de,really
1292,очень,hautement,great
1293,очень,hautement,extremely
1294,очень,hautement,highly
1295,очень,plein de,no_equality
1296,очень,plaire beaucoup,a lot
1297,очень,joliment,pretty
1298,поприще,carrière,no_equality
1299,поприще,champ d'action,no_equality
1300,прокол,crevaison,puncture
1301,прокол,crevaison,flat
1302,прокол,crevaison,blowout
1303,прокол,trou,puncture
1304,прокол,trou d'épingle,no_equality
1305,прокол,gaffe,blunder
1306,прокол,problème,no_equality
1307,прокол,raté,screw-up
1308,воображаемый,imaginaire,imaginary
1309,воображаемый,imaginaire,fantasy
1310,воображаемый,idéal,no_equality
1311,подниматься,lever,rise
1312,подниматься,lever,come up
1313,подниматься,lever,get up
1314,подниматься,se lever,rise
1315,подниматься,se lever,come up
1316,подниматься,se lever,get up
1317,подниматься,s'élever,climb
1318,подниматься,s'élever,rise
1319,подниматься,s'élever,soar
1320,подниматься,s'élever,ascend
1321,подниматься,s'envoler,soar
1322,подниматься,se relever,rise
1323,подниматься,se relever,be raised
1324,подниматься,se relever,get up
1325,подниматься,se dresser,no_equality
1326,подниматься,se hisser,no_equality
1327,подниматься,se hausser,no_equality
1328,подниматься,s'enlever,no_equality
1329,застывать,se figer,freeze
1330,застывать,se solidifier,no_equality
1331,застывать,figer,freeze
1332,застывать,solidifier,no_equality
1333,застывать,épaissir,no_equality
1334,перестать,cesser,stop
1335,перестать,cesser,desist
1336,перестать,cesser,no longer
1337,перестать,raccrocher,no_equality
1338,образец,échantillon,sample
1339,образец,échantillon,specimen
1340,образец,échantillon,swab
1341,образец,échantillon,probe
1342,образец,prototype,model
1343,образец,prototype,prototype
1344,образец,prototype,archetype
1345,образец,exemplaire,sample
1346,образец,exemplaire,model
1347,образец,exemplaire,specimen
1348,образец,exemplaire,example
1349,образец,exemplaire,exemplar
1350,образец,témoin,no_equality
1351,образец,type,model
1352,образец,parangon,paragon
1353,образец,moule,no_equality
1354,образец,comparaison,no_equality
1355,образец,barre,no_equality
1356,искусственность,artificialité,no_equality
1357,искусственность,facticité,no_equality
1358,искусственность,affectation,no_equality
1359,искусственность,manière,no_equality
1360,график работ,calendrier,schedule
1361,график работ,calendrier,timetable
1362,отклеиваться,se décoller,no_equality
1363,отклеиваться,décoller,no_equality
1364,фронт,front,front
1365,фронт,front,war
1366,фронт,front,front line
1367,фронт,avant,front
1368,фронт,groupe d'armées,no_equality
1369,фронт,front avant,no_equality
1370,фронт,wavefront,no_equality
1371,условие,condition,condition
1372,условие,condition,requirement
1373,условие,condition,stipulation
1374,условие,condition,essential
1375,условие,condition,qualification
1376,условие,condition,proviso
1377,условие,environnement,no_equality
1378,условие,contrat,no_equality
1379,условие,clause,condition
1380,условие,clause,requirement
1381,условие,clause,term
1382,условие,clause,stipulation
1383,условие,clause,provision
1384,условие,clause,clause
1385,условие,clause,proviso
1386,условие,critère,requirement
1387,условие,cause,no_equality
1388,электричество,électricité,electricity
1389,электричество,électricité,power
1390,электричество,électricité,blackout
1391,электричество,électricité,energy
1392,электричество,électricité,electrical
1393,электричество,E,no_equality
1394,электричество,EL,no_equality
1395,там,là,there
1396,там,là,up
1397,там,là,out
1398,там,là,back
1399,там,là-bas,there
1400,там,là-bas,over there
1401,там,par là,there
1402,известия,bulletin d'informations,no_equality
1403,пальчик,doigt,finger
1404,пальчик,doigt,toe
1405,нужное,nécessaire,desired
1406,нужное,nécessaire,appropriate
1407,свет,lumière,light
1408,свет,lumière,lighting
1409,свет,luminosité,light
1410,свет,luminosité,lighting
1411,свет,luminosité,daylight
1412,свет,luminosité,glow
1413,свет,monde,world
1414,свет,clair,light
1415,свет,Eclairage,no_equality
1416,свет,jour,light
1417,свет,jour,daylight
1418,свет,éclairement,light
1419,свет,éclairement,lighting
1420,свет,clarté,light
1421,свет,clarté,daylight
1422,свет,radiation visible,no_equality
1423,путешествовать,voyager,travel
1424,путешествовать,voyager,trip
1425,путешествовать,voyager,journey
1426,путешествовать,être en voyage,no_equality
1427,путешествовать,faire un voyage,travel
1428,путешествовать,faire un voyage,journey
1429,путешествовать,aller et venir,no_equality
1430,путешествовать,se balader,no_equality
1431,небесное светило,astre,heavenly body
1432,сбрасывание,largage,drop
1433,сбрасывание,largage,dropping
1434,сбрасывание,largage,dumping
1435,сбрасывание,lâcher,no_equality
1436,сбрасывание,écart,no_equality
1437,сбрасывание,lancement,no_equality
1438,заказная почта,courrier,no_equality
1439,подходить,convenir,be suitable
1440,подходить,convenir,fit
1441,подходить,convenir,suit
1442,подходить,approcher,approach
1443,подходить,approcher,go near
1444,подходить,approcher,come near
1445,подходить,approcher,come up to
1446,подходить,s'approcher,approach
1447,подходить,s'approcher,come
1448,подходить,s'approcher,go near
1449,подходить,s'approcher,come near
1450,подходить,s'approcher,come up to
1451,подходить,aller,fit
1452,подходить,aller,suit
1453,подходить,se prêter,be suitable
1454,подходить,cadrer,fit
1455,подходить,cadrer,suit
1456,подходить,coller,no_equality
1457,подходить,faire l'affaire,no_equality
1458,подходить,arranger,no_equality
1459,подходить,s'assortir,match
1460,подходить,faire pendant,match
1461,подходить,être de mise,no_equality
1462,подходить,donner satisfaction,no_equality
1463,глухой,sourd,deaf
1464,глухой,sourd,deaf person
1465,глухой,son creux,no_equality
1466,глухой,dur d'oreille,no_equality
1467,глухой,lointain,remote
1468,глухой,épais,no_equality
1469,светское государство,laïque,no_equality
1470,рычаг,levier,lever
1471,рычаг,levier,leverage
1472,рычаг,levier,switch
1473,рычаг,levier,arm
1474,рычаг,levier,stick
1475,рычаг,levier,shifter
1476,рычаг,bras,arm
1477,рычаг,levier de commande,no_equality
1478,рычаг,barre,no_equality
1479,рычаг,biellette,no_equality
1480,рычаг,balancier,no_equality
1481,рычаг,pince,no_equality
1482,рычаг,doigt,no_equality
1483,рычаг,gaffe,no_equality
1484,переполошить,alarmer,alarm
1485,занятие,leçon,class
1486,занятие,leçon,lesson
1487,занятие,occupation,occupation
1488,занятие,occupation,activity
1489,занятие,occupation,employment
1490,занятие,occupation,occupancy
1491,занятие,occupation,occupying
1492,занятие,cours,class
1493,занятие,cours,lesson
1494,занятие,pratique,no_equality
1495,занятие,exercice,exercise
1496,занятие,passe-temps,pastime
1497,занятие,passe-temps,pursuit
1498,занятие,partie,no_equality
1499,занятие,commerce,business
1500,занятие,obligation,no_equality
1501,оглавление,table des matières,table of contents
1502,оглавление,table des matières,contents list
1503,оглавление,table,no_equality
1504,оглавление,sommaire,table of contents
1505,включать,comprendre,include
1506,включать,comprendre,incorporate
1507,включать,comprendre,involve
1508,включать,comprendre,comprise
1509,включать,comprendre,contain
1510,включать,comprendre,encompass
1511,включать,passer,switch
1512,включать,mettre,no_equality
1513,включать,activer,switch
1514,включать,activer,enable
1515,включать,activer,activate
1516,включать,couvrir,include
1517,включать,couvrir,encompass
1518,включать,couvrir,cover
1519,включать,figurer,include
1520,включать,figurer,contain
1521,включать,figurer,feature
1522,включать,figurer,inclusion
1523,включать,regrouper,include
1524,включать,regrouper,integrate
1525,включать,mettre en marche,turn on
1526,включать,mettre en marche,switch on
1527,включать,mettre en marche,activate
1528,включать,inscrire,include
1529,включать,ouvrir,turn on
1530,включать,connecter,plug
1531,достоинство,dignité,dignity
1532,достоинство,dignité,honour
1533,достоинство,dignité,pride
1534,достоинство,dignité,decency
1535,достоинство,dignité,worth
1536,достоинство,dignité,worthiness
1537,достоинство,avantage,virtue
1538,достоинство,avantage,advantage
1539,достоинство,valeur,merit
1540,достоинство,valeur,worth
1541,достоинство,fierté,dignity
1542,достоинство,fierté,honour
1543,достоинство,fierté,pride
1544,достоинство,considération,no_equality
1545,достоинство,nominal,no_equality
1546,достоинство,hauteur,no_equality
1547,взломать,pirater,hack
1548,взломать,pirater,crack
1549,взломать,pirater,break into
1550,взломать,craquer,crack
1551,взломать,casser,crack
1552,взломать,casser,break in
1553,отовсюду,de toutes parts,from everywhere
1554,отовсюду,de toutes parts,from all over
1555,отовсюду,de toutes parts,from all quarters
1556,отовсюду,de partout,from everywhere
1557,отовсюду,de partout,from anywhere
1558,отовсюду,de tous côtés,no_equality
1559,выходить,sortir,go out
1560,выходить,sortir,come out
1561,выходить,sortir,leave
1562,выходить,sortir,get out
1563,выходить,sortir,exit
1564,выходить,sortir,step out
1565,выходить,sortir,emerge
1566,выходить,sortir,escape
1567,выходить,donner,no_equality
1568,выходить,prendre,go
1569,выходить,ouvrir,no_equality
1570,выходить,s'échapper,go
1571,выходить,s'échapper,get out
1572,выходить,s'échapper,escape
1573,выходить,échapper,get out
1574,выходить,échapper,escape
1575,выходить,élever,no_equality
1576,выходить,déboucher,come out
1577,выходить,déboucher,emerge
1578,выходить,sauver,escape
1579,выходить,aboutir à,reach
1580,читать с листа,lire,no_equality
1581,сектор,secteur,sector
1582,сектор,secteur,industry
1583,сектор,secteur,branch
1584,сектор,secteur,area
1585,сектор,secteur,segment
1586,сектор,activités,no_equality
1587,сектор,branches,industry
1588,сектор,branches,branch
1589,сектор,section,section
1590,сектор,section,branch
1591,сектор,section,area
1592,сектор,section,unit
1593,сектор,section,segment
1594,сектор,S.,no_equality
1595,сектор,Sect.,section
1596,сектор,poche,no_equality
1597,бант,archet,bow
1598,бант,noeud,bow
1599,бант,nœud de ruban,bow
1600,бант,nœud,bow
1601,бант,ruban,bow
1602,бант,ruban,ribbon
1603,бант,rosette,bow
1604,порвать,rompre avec,no_equality
1605,порвать,déchirer,rip
1606,порвать,déchirer,tear
1607,порвать,déchirer,shred
1608,порвать,craquer,tear
1609,модные товары,articles de mode,no_equality
1610,модные товары,mode,fashion
1611,модные товары,mode,trendy
1612,модные товары,mode,fashionable
1613,подпитывать,nourrir,fuel
1614,подпитывать,nourrir,feed
1615,подпитывать,nourrir,nurture
1616,подпитывать,nourrir,nourish
1617,подпитывать,attiser,fuel
1618,взрывной,explosif,explosive
1619,взрывной,explosif,explosion
1620,взрывной,explosive,explosive
1621,взрывной,explosion,blast
1622,взрывной,explosion,explosive
1623,взрывной,explosion,explosion
1624,прийти,venir,come
1625,прийти,venir,go
1626,прийти,venir,show up
1627,прийти,venir,visit
1628,прийти,venir,attend
1629,прийти,venir,turn up
1630,прийти,sortir,no_equality
1631,прийти,retrouver,turn up
1632,прийти,apparaître,show up
1633,прийти,apparaître,turn up
1634,прийти,se pointer,show up
1635,прийти,se pointer,turn up
1636,рекламное сообщение,message publicitaire,advertising message
1637,винодельческое хозяйство,domaine,sector
1638,описывать,décrire,describe
1639,описывать,décrire,characterize
1640,описывать,décrire,depict
1641,описывать,détailler,describe
1642,описывать,relater,no_equality
1643,описывать,peindre,depict
1644,утеплить,isoler,no_equality
1645,мор,pestilence,pestilence
1646,не удаваться,manquer,fail
1647,аэродром,aérodrome,airfield
1648,аэродром,aérodrome,airport
1649,аэродром,aérodrome,airstrip
1650,аэродром,aérodrome,aerodrome
1651,аэродром,terrain d'aviation,airfield
1652,банк-плательщик,banquier tiré,bank
1653,банк-плательщик,tiré,no_equality
1654,доброе,bon,good
1655,доброе,bon,kind
1656,многое,beaucoup,great deal
1657,отдушина,soupirail,no_equality
1658,отдушина,évent,blowhole
1659,отдушина,exutoire,outlet
1660,отдушина,bouche,no_equality
1661,отдушина,issue,outlet
1662,сразу,à la fois,at once
1663,сразу,à la fois,both
1664,сразу,aussitôt,at once
1665,сразу,aussitôt,right away
1666,сразу,aussitôt,instantly
1667,сразу,aussitôt,then
1668,сразу,aussitôt,quickly
1669,сразу,directement,right away
1670,сразу,directement,straight
1671,сразу,directement,directly
1672,сразу,d'emblée,at once
1673,сразу,d'emblée,right away
1674,сразу,d'un coup,at once
1675,сразу,d'abord,first
1676,сразу,du premier coup,right away
1677,сразу,tout d'un coup,suddenly
1678,сразу,d'entrée,no_equality
1679,сразу,du coup,at once
1680,сразу,du coup,now
1681,сразу,du coup,then
1682,сразу,du coup,suddenly
1683,сразу,au premier coup,at a glance
1684,сразу,cash,no_equality
1685,сразу,à première vue,at a glance
1686,сразу,sur place,on the spot
1687,сразу,d'auto,no_equality
1688,сразу,tout de go,on the spot
1689,сразу,d'un bloc,no_equality
1690,сразу,sans autres,no_equality
1691,неизбежный,inévitable,inevitable
1692,неизбежный,inévitable,unavoidable
1693,неизбежный,inévitable,inescapable
1694,неизбежный,nécessaire,no_equality
1695,неизбежный,sacramentel,no_equality
1696,неизбежный,infaillible,no_equality
1697,круто,abruptement,no_equality
1698,круто,super,great
1699,круто,super,awesome
1700,круто,super,good
1701,круто,super,nice
1702,круто,super,amazing
1703,круто,super,hot
1704,круто,super,fun
1705,круто,super,cool
1706,круто,super,rad
1707,круто,rapidement,no_equality
1708,круто,sévèrement,no_equality
1709,квалификация,qualification,qualification
1710,квалификация,qualification,characterization
1711,квалификация,qualification,qualified
1712,квалификация,qualification,classification
1713,квалификация,qualification,skill
1714,квалификация,qualification,qualifying
1715,квалификация,compétence,qualification
1716,квалификация,compétence,expertise
1717,квалификация,compétence,skill
1718,квалификация,aptitude,qualification
1719,квалификация,aptitude,skill
1720,квалификация,niveau professionnel,no_equality
1721,машина,machine,machine
1722,машина,machine,engine
1723,машина,machine,machinery
1724,машина,machine,mach
1725,машина,voiture,car
1726,машина,voiture,vehicle
1727,машина,voiture,truck
1728,машина,voiture,ride
1729,машина,agrafeuse,no_equality
1730,машина,caisse,car
1731,машина,caisse,ride
1732,машина,taxi,car
1733,машина,taxi,ride
1734,машина,taxi,cab
1735,машина,moto,machine
1736,машина,moto,ride
1737,машина,métier,no_equality
1738,машина,mécanisme,machinery
1739,машина,toto,no_equality
1740,тифозный,typhoïde,no_equality
1741,тифозный,typhique,no_equality
1742,мировой,mondial,world
1743,мировой,mondial,global
1744,мировой,mondial,international
1745,мировой,mondial,worldwide
1746,мировой,mondial,world-wide
1747,мировой,global,global
1748,мировой,de paix,peace
1749,мировой,super,no_equality
1750,мировой,admirable,no_equality
1751,мировой,vache,no_equality
1752,мировой,transactionnel,no_equality
1753,мировой,World,international
1754,даль,lointain,far
1755,даль,lointain,distance
1756,хуторянин,fermier,no_equality
1757,балл,score,score
1758,балл,point,point
1759,балл,point,mark
1760,беспокоить,déranger,bother
1761,беспокоить,déranger,disturb
1762,беспокоить,déranger,trouble
1763,беспокоить,déranger,be disturbed
1764,беспокоить,déranger,bug
1765,беспокоить,déranger,interrupt
1766,беспокоить,importuner,bother
1767,беспокоить,importuner,disturb
1768,беспокоить,importuner,trouble
1769,беспокоить,tourmenter,no_equality
1770,беспокоить,craindre,concern
1771,беспокоить,molester,no_equality
1772,беспокоить,fatiguer,no_equality
1773,беспокоить,chiffonner,no_equality
1774,движущийся,en mouvement,no_equality
1775,движущийся,mouvant,moving
1776,движущийся,mobile,moving
1777,движущийся,en marche,moving
1778,чувство,sentiment,sense
1779,чувство,sentiment,feeling
1780,чувство,sentiment,emotion
1781,чувство,sentiment,sentiment
1782,чувство,sentiment,sensation
1783,чувство,sens,sense
1784,чувство,sens,feeling
1785,чувство,connaissance,no_equality
1786,чувство,affect,no_equality
1787,чувство,page blanche,no_equality
1788,обшивка,placage,plating
1789,обшивка,lambris,sheathing
1790,обшивка,coque,casing
1791,обшивка,coque,hull
1792,обшивка,couverture,no_equality
1793,обшивка,bordage,plating
1794,обшивка,bande,no_equality
1795,упадок,déclin,decline
1796,упадок,déclin,declining
1797,упадок,déclin,decay
1798,упадок,déclin,demise
1799,упадок,déclin,declined
1800,упадок,délabrement,decay
1801,упадок,délabrement,disrepair
1802,упадок,délabrement,dilapidated
1803,упадок,dégradation,decline
1804,упадок,dégradation,declining
1805,упадок,dégradation,decay
1806,упадок,dégradation,breakdown
1807,упадок,dégradation,degradation
1808,упадок,dégradation,degraded
1809,упадок,abâtardissement,no_equality
1810,упадок,régression,decline
1811,упадок,régression,declining
1812,упадок,régression,retrogression
1813,упадок,contraction,decline
1814,упадок,anémie,no_equality
1815,упадок,penchant,no_equality
1816,поврежденный,abîmé,damaged
1817,поврежденный,blessé,no_equality
1818,поврежденный,forcé,no_equality
1819,поврежденный,délabré,damaged
1820,поврежденный,intéressé,no_equality
1821,поврежденный,entamé,no_equality
1822,выпускать в свет,publier,issue
1823,выпускать в свет,publier,publish
1824,движущая сила,force motrice,driving force
1825,движущая сила,force motrice,motive power
1826,движущая сила,moteur,driving force
1827,движущая сила,moteur,mover
1828,движущая сила,énergie motrice,driving force
1829,движущая сила,énergie motrice,motive power
1830,движущая сила,puissance motrice,motive power
1831,движущая сила,facteur,no_equality
1832,движущая сила,pivot,no_equality
1833,движущая сила,impulsion,driving force
1834,движущая сила,impulsion,momentum
1835,движущая сила,agent moteur,no_equality
1836,движущая сила,force propulsive,driving force
1837,движущая сила,mobile,no_equality
